Country,Indicator,Sex,Age_Group,Year,Value,Observation_Status
Angola,Labour force participation rate by sex and age (%),Total,"Age (Youth, adults): 15+",2022,75.38,Observed
Angola,Labour force participation rate by sex and age (%),Total,"Age (Youth, adults): 15-64",2022,76.199,Observed
Angola,Labour force participation rate by sex and age (%),Total,"Age (Youth, adults): 15-24",2022,53.536,Observed
Angola,Labour force participation rate by sex and age (%),Total,"Age (Youth, adults): 25+",2022,87.822,Observed
Angola,Labour force participation rate by sex and age (%),Male,"Age (Youth, adults): 15+",2022,76.657,Observed
Angola,Labour force participation rate by sex and age (%),Male,"Age (Youth, adults): 15-64",2022,77.423,Observed
Angola,Labour force participation rate by sex and age (%),Male,"Age (Youth, adults): 15-24",2022,54.165,Observed
Angola,Labour force participation rate by sex and age (%),Male,"Age (Youth, adults): 25+",2022,89.959,Observed
Angola,Labour force participation rate by sex and age (%),Female,"Age (Youth, adults): 15+",2022,74.2,Observed
Angola,Labour force participation rate by sex and age (%),Female,"Age (Youth, adults): 15-64",2022,75.059,Observed
Angola,Labour force participation rate by sex and age (%),Female,"Age (Youth, adults): 15-24",2022,52.928,Observed
Angola,Labour force participation rate by sex and age (%),Female,"Age (Youth, adults): 25+",2022,85.898,Observed
Angola,Labour force participation rate by sex and age (%),Total,Age (Aggregate bands): 15+,2022,75.38,Observed
Angola,Labour force participation rate by sex and age (%),Total,Age (Aggregate bands): 15-24,2022,53.536,Observed
Angola,Labour force participation rate by sex and age (%),Total,Age (Aggregate bands): 25-54,2022,91.264,Observed
Angola,Labour force participation rate by sex and age (%),Total,Age (Aggregate bands): 55-64,2022,81.559,Observed
Angola,Labour force participation rate by sex and age (%),Total,Age (Aggregate bands): 65+,2022,58.106,Observed
Angola,Labour force participation rate by sex and age (%),Male,Age (Aggregate bands): 15+,2022,76.657,Observed
Angola,Labour force participation rate by sex and age (%),Male,Age (Aggregate bands): 15-24,2022,54.165,Observed
Angola,Labour force participation rate by sex and age (%),Male,Age (Aggregate bands): 25-54,2022,93.651,Observed
Angola,Labour force participation rate by sex and age (%),Male,Age (Aggregate bands): 55-64,2022,81.03,Observed
Angola,Labour force participation rate by sex and age (%),Male,Age (Aggregate bands): 65+,2022,58.877,Observed
Angola,Labour force participation rate by sex and age (%),Female,Age (Aggregate bands): 15+,2022,74.2,Observed
Angola,Labour force participation rate by sex and age (%),Female,Age (Aggregate bands): 15-24,2022,52.928,Observed
Angola,Labour force participation rate by sex and age (%),Female,Age (Aggregate bands): 25-54,2022,89.086,Observed
Angola,Labour force participation rate by sex and age (%),Female,Age (Aggregate bands): 55-64,2022,82.029,Observed
Angola,Labour force participation rate by sex and age (%),Female,Age (Aggregate bands): 65+,2022,57.504,Observed
Angola,Labour force participation rate by sex and age (%),Total,Age (10-year bands): 15+,2022,75.38,Observed
Angola,Labour force participation rate by sex and age (%),Total,Age (10-year bands): 15-24,2022,53.536,Observed
Angola,Labour force participation rate by sex and age (%),Total,Age (10-year bands): 25-34,2022,88.897,Observed
Angola,Labour force participation rate by sex and age (%),Total,Age (10-year bands): 35-44,2022,93.54,Observed
Angola,Labour force participation rate by sex and age (%),Total,Age (10-year bands): 45-54,2022,92.745,Observed
Angola,Labour force participation rate by sex and age (%),Total,Age (10-year bands): 55-64,2022,81.559,Observed
Angola,Labour force participation rate by sex and age (%),Total,Age (10-year bands): 65+,2022,58.106,Observed
Angola,Labour force participation rate by sex and age (%),Male,Age (10-year bands): 15+,2022,76.657,Observed
Angola,Labour force participation rate by sex and age (%),Male,Age (10-year bands): 15-24,2022,54.165,Observed
Angola,Labour force participation rate by sex and age (%),Male,Age (10-year bands): 25-34,2022,91.79,Observed
Angola,Labour force participation rate by sex and age (%),Male,Age (10-year bands): 35-44,2022,96.063,Observed
Angola,Labour force participation rate by sex and age (%),Male,Age (10-year bands): 45-54,2022,93.795,Observed
Angola,Labour force participation rate by sex and age (%),Male,Age (10-year bands): 55-64,2022,81.03,Observed
Angola,Labour force participation rate by sex and age (%),Male,Age (10-year bands): 65+,2022,58.877,Observed
Angola,Labour force participation rate by sex and age (%),Female,Age (10-year bands): 15+,2022,74.2,Observed
Angola,Labour force participation rate by sex and age (%),Female,Age (10-year bands): 15-24,2022,52.928,Observed
Angola,Labour force participation rate by sex and age (%),Female,Age (10-year bands): 25-34,2022,86.332,Observed
Angola,Labour force participation rate by sex and age (%),Female,Age (10-year bands): 35-44,2022,91.17,Observed
Angola,Labour force participation rate by sex and age (%),Female,Age (10-year bands): 45-54,2022,91.772,Observed
Angola,Labour force participation rate by sex and age (%),Female,Age (10-year bands): 55-64,2022,82.029,Observed
Angola,Labour force participation rate by sex and age (%),Female,Age (10-year bands): 65+,2022,57.504,Observed
Angola,Labour force participation rate by sex and age (%),Total,Age (5-year bands): 15+,2022,75.38,Observed
Angola,Labour force participation rate by sex and age (%),Total,Age (5-year bands): 15-19,2022,38.81,Observed
Angola,Labour force participation rate by sex and age (%),Total,Age (5-year bands): 20-24,2022,73.435,Observed
Angola,Labour force participation rate by sex and age (%),Total,Age (5-year bands): 25-29,2022,86.625,Observed
Angola,Labour force participation rate by sex and age (%),Total,Age (5-year bands): 30-34,2022,91.52,Observed
Angola,Labour force participation rate by sex and age (%),Total,Age (5-year bands): 35-39,2022,93.154,Observed
Angola,Labour force participation rate by sex and age (%),Total,Age (5-year bands): 40-44,2022,93.985,Observed
Angola,Labour force participation rate by sex and age (%),Total,Age (5-year bands): 45-49,2022,94.139,Observed
Angola,Labour force participation rate by sex and age (%),Total,Age (5-year bands): 50-54,2022,90.99,Observed
Angola,Labour force participation rate by sex and age (%),Total,Age (5-year bands): 55-59,2022,85.914,Observed
Angola,Labour force participation rate by sex and age (%),Total,Age (5-year bands): 60-64,2022,76.74,Observed
Angola,Labour force participation rate by sex and age (%),Total,Age (5-year bands): 65+,2022,58.106,Observed
Angola,Labour force participation rate by sex and age (%),Male,Age (5-year bands): 15+,2022,76.657,Observed
Angola,Labour force participation rate by sex and age (%),Male,Age (5-year bands): 15-19,2022,39.817,Observed
Angola,Labour force participation rate by sex and age (%),Male,Age (5-year bands): 20-24,2022,74.099,Observed
Angola,Labour force participation rate by sex and age (%),Male,Age (5-year bands): 25-29,2022,89.471,Observed
Angola,Labour force participation rate by sex and age (%),Male,Age (5-year bands): 30-34,2022,94.25,Observed
Angola,Labour force participation rate by sex and age (%),Male,Age (5-year bands): 35-39,2022,96.062,Observed
Angola,Labour force participation rate by sex and age (%),Male,Age (5-year bands): 40-44,2022,96.065,Observed
Angola,Labour force participation rate by sex and age (%),Male,Age (5-year bands): 45-49,2022,95.314,Observed
Angola,Labour force participation rate by sex and age (%),Male,Age (5-year bands): 50-54,2022,91.914,Observed
Angola,Labour force participation rate by sex and age (%),Male,Age (5-year bands): 55-59,2022,85.934,Observed
Angola,Labour force participation rate by sex and age (%),Male,Age (5-year bands): 60-64,2022,75.701,Observed
Angola,Labour force participation rate by sex and age (%),Male,Age (5-year bands): 65+,2022,58.877,Observed
Angola,Labour force participation rate by sex and age (%),Female,Age (5-year bands): 15+,2022,74.2,Observed
Angola,Labour force participation rate by sex and age (%),Female,Age (5-year bands): 15-19,2022,37.813,Observed
Angola,Labour force participation rate by sex and age (%),Female,Age (5-year bands): 20-24,2022,72.813,Observed
Angola,Labour force participation rate by sex and age (%),Female,Age (5-year bands): 25-29,2022,84.282,Observed
Angola,Labour force participation rate by sex and age (%),Female,Age (5-year bands): 30-34,2022,88.883,Observed
Angola,Labour force participation rate by sex and age (%),Female,Age (5-year bands): 35-39,2022,90.393,Observed
Angola,Labour force participation rate by sex and age (%),Female,Age (5-year bands): 40-44,2022,92.059,Observed
Angola,Labour force participation rate by sex and age (%),Female,Age (5-year bands): 45-49,2022,93.064,Observed
Angola,Labour force participation rate by sex and age (%),Female,Age (5-year bands): 50-54,2022,90.118,Observed
Angola,Labour force participation rate by sex and age (%),Female,Age (5-year bands): 55-59,2022,85.897,Observed
Angola,Labour force participation rate by sex and age (%),Female,Age (5-year bands): 60-64,2022,77.68,Observed
Angola,Labour force participation rate by sex and age (%),Female,Age (5-year bands): 65+,2022,57.504,Observed
Benin,Labour force participation rate by sex and age (%),Total,"Age (Youth, adults): 15+",2022,76.28,Observed
Benin,Labour force participation rate by sex and age (%),Total,"Age (Youth, adults): 15-64",2022,77.391,Observed
Benin,Labour force participation rate by sex and age (%),Total,"Age (Youth, adults): 15-24",2022,52.573,Observed
Benin,Labour force participation rate by sex and age (%),Total,"Age (Youth, adults): 25+",2022,87.554,Observed
Benin,Labour force participation rate by sex and age (%),Male,"Age (Youth, adults): 15+",2022,78.041,Observed
Benin,Labour force participation rate by sex and age (%),Male,"Age (Youth, adults): 15-64",2022,78.885,Observed
Benin,Labour force participation rate by sex and age (%),Male,"Age (Youth, adults): 15-24",2022,52.882,Observed
Benin,Labour force participation rate by sex and age (%),Male,"Age (Youth, adults): 25+",2022,91.326,Observed
Benin,Labour force participation rate by sex and age (%),Female,"Age (Youth, adults): 15+",2022,74.724,Observed
Benin,Labour force participation rate by sex and age (%),Female,"Age (Youth, adults): 15-64",2022,76.071,Observed
Benin,Labour force participation rate by sex and age (%),Female,"Age (Youth, adults): 15-24",2022,52.261,Observed
Benin,Labour force participation rate by sex and age (%),Female,"Age (Youth, adults): 25+",2022,84.43,Observed
Benin,Labour force participation rate by sex and age (%),Total,Age (Aggregate bands): 15+,2022,76.28,Observed
Benin,Labour force participation rate by sex and age (%),Total,Age (Aggregate bands): 15-24,2022,52.573,Observed
Benin,Labour force participation rate by sex and age (%),Total,Age (Aggregate bands): 25-54,2022,91.003,Observed
Benin,Labour force participation rate by sex and age (%),Total,Age (Aggregate bands): 55-64,2022,84.776,Observed
Benin,Labour force participation rate by sex and age (%),Total,Age (Aggregate bands): 65+,2022,57.766,Observed
Benin,Labour force participation rate by sex and age (%),Male,Age (Aggregate bands): 15+,2022,78.041,Observed
Benin,Labour force participation rate by sex and age (%),Male,Age (Aggregate bands): 15-24,2022,52.882,Observed
Benin,Labour force participation rate by sex and age (%),Male,Age (Aggregate bands): 25-54,2022,95.004,Observed
Benin,Labour force participation rate by sex and age (%),Male,Age (Aggregate bands): 55-64,2022,86.21,Observed
Benin,Labour force participation rate by sex and age (%),Male,Age (Aggregate bands): 65+,2022,63.976,Observed
Benin,Labour force participation rate by sex and age (%),Female,Age (Aggregate bands): 15+,2022,74.724,Observed
Benin,Labour force participation rate by sex and age (%),Female,Age (Aggregate bands): 15-24,2022,52.261,Observed
Benin,Labour force participation rate by sex and age (%),Female,Age (Aggregate bands): 25-54,2022,87.748,Observed
Benin,Labour force participation rate by sex and age (%),Female,Age (Aggregate bands): 55-64,2022,83.486,Observed
Benin,Labour force participation rate by sex and age (%),Female,Age (Aggregate bands): 65+,2022,52.277,Observed
Benin,Labour force participation rate by sex and age (%),Total,Age (10-year bands): 15+,2022,76.28,Observed
Benin,Labour force participation rate by sex and age (%),Total,Age (10-year bands): 15-24,2022,52.573,Observed
Benin,Labour force participation rate by sex and age (%),Total,Age (10-year bands): 25-34,2022,87.988,Observed
Benin,Labour force participation rate by sex and age (%),Total,Age (10-year bands): 35-44,2022,92.714,Observed
Benin,Labour force participation rate by sex and age (%),Total,Age (10-year bands): 45-54,2022,93.593,Observed
Benin,Labour force participation rate by sex and age (%),Total,Age (10-year bands): 55-64,2022,84.776,Observed
Benin,Labour force participation rate by sex and age (%),Total,Age (10-year bands): 65+,2022,57.766,Observed
Benin,Labour force participation rate by sex and age (%),Male,Age (10-year bands): 15+,2022,78.041,Observed
Benin,Labour force participation rate by sex and age (%),Male,Age (10-year bands): 15-24,2022,52.882,Observed
Benin,Labour force participation rate by sex and age (%),Male,Age (10-year bands): 25-34,2022,91.309,Observed
Benin,Labour force participation rate by sex and age (%),Male,Age (10-year bands): 35-44,2022,97.453,Observed
Benin,Labour force participation rate by sex and age (%),Male,Age (10-year bands): 45-54,2022,97.155,Observed
Benin,Labour force participation rate by sex and age (%),Male,Age (10-year bands): 55-64,2022,86.21,Observed
Benin,Labour force participation rate by sex and age (%),Male,Age (10-year bands): 65+,2022,63.976,Observed
Benin,Labour force participation rate by sex and age (%),Female,Age (10-year bands): 15+,2022,74.724,Observed
Benin,Labour force participation rate by sex and age (%),Female,Age (10-year bands): 15-24,2022,52.261,Observed
Benin,Labour force participation rate by sex and age (%),Female,Age (10-year bands): 25-34,2022,85.511,Observed
Benin,Labour force participation rate by sex and age (%),Female,Age (10-year bands): 35-44,2022,88.957,Observed
Benin,Labour force participation rate by sex and age (%),Female,Age (10-year bands): 45-54,2022,90.095,Observed
Benin,Labour force participation rate by sex and age (%),Female,Age (10-year bands): 55-64,2022,83.486,Observed
Benin,Labour force participation rate by sex and age (%),Female,Age (10-year bands): 65+,2022,52.277,Observed
Benin,Labour force participation rate by sex and age (%),Total,Age (5-year bands): 15+,2022,76.28,Observed
Benin,Labour force participation rate by sex and age (%),Total,Age (5-year bands): 15-19,2022,43.715,Observed
Benin,Labour force participation rate by sex and age (%),Total,Age (5-year bands): 20-24,2022,64.987,Observed
Benin,Labour force participation rate by sex and age (%),Total,Age (5-year bands): 25-29,2022,84.541,Observed
Benin,Labour force participation rate by sex and age (%),Total,Age (5-year bands): 30-34,2022,91.618,Observed
Benin,Labour force participation rate by sex and age (%),Total,Age (5-year bands): 35-39,2022,92.324,Observed
Benin,Labour force participation rate by sex and age (%),Total,Age (5-year bands): 40-44,2022,93.122,Observed
Benin,Labour force participation rate by sex and age (%),Total,Age (5-year bands): 45-49,2022,93.155,Observed
Benin,Labour force participation rate by sex and age (%),Total,Age (5-year bands): 50-54,2022,94.102,Observed
Benin,Labour force participation rate by sex and age (%),Total,Age (5-year bands): 55-59,2022,88.512,Observed
Benin,Labour force participation rate by sex and age (%),Total,Age (5-year bands): 60-64,2022,80.822,Observed
Benin,Labour force participation rate by sex and age (%),Total,Age (5-year bands): 65+,2022,57.766,Observed
Benin,Labour force participation rate by sex and age (%),Male,Age (5-year bands): 15+,2022,78.041,Observed
Benin,Labour force participation rate by sex and age (%),Male,Age (5-year bands): 15-19,2022,44.379,Observed
Benin,Labour force participation rate by sex and age (%),Male,Age (5-year bands): 20-24,2022,66.018,Observed
Benin,Labour force participation rate by sex and age (%),Male,Age (5-year bands): 25-29,2022,86.142,Observed
Benin,Labour force participation rate by sex and age (%),Male,Age (5-year bands): 30-34,2022,96.742,Observed
Benin,Labour force participation rate by sex and age (%),Male,Age (5-year bands): 35-39,2022,97.906,Observed
Benin,Labour force participation rate by sex and age (%),Male,Age (5-year bands): 40-44,2022,96.986,Observed
Benin,Labour force participation rate by sex and age (%),Male,Age (5-year bands): 45-49,2022,97.957,Observed
Benin,Labour force participation rate by sex and age (%),Male,Age (5-year bands): 50-54,2022,96.301,Observed
Benin,Labour force participation rate by sex and age (%),Male,Age (5-year bands): 55-59,2022,90.738,Observed
Benin,Labour force participation rate by sex and age (%),Male,Age (5-year bands): 60-64,2022,81.499,Observed
Benin,Labour force participation rate by sex and age (%),Male,Age (5-year bands): 65+,2022,63.976,Observed
Benin,Labour force participation rate by sex and age (%),Female,Age (5-year bands): 15+,2022,74.724,Observed
Benin,Labour force participation rate by sex and age (%),Female,Age (5-year bands): 15-19,2022,42.986,Observed
Benin,Labour force participation rate by sex and age (%),Female,Age (5-year bands): 20-24,2022,64.055,Observed
Benin,Labour force participation rate by sex and age (%),Female,Age (5-year bands): 25-29,2022,83.35,Observed
Benin,Labour force participation rate by sex and age (%),Female,Age (5-year bands): 30-34,2022,87.792,Observed
Benin,Labour force participation rate by sex and age (%),Female,Age (5-year bands): 35-39,2022,87.954,Observed
Benin,Labour force participation rate by sex and age (%),Female,Age (5-year bands): 40-44,2022,90.016,Observed
Benin,Labour force participation rate by sex and age (%),Female,Age (5-year bands): 45-49,2022,88.816,Observed
Benin,Labour force participation rate by sex and age (%),Female,Age (5-year bands): 50-54,2022,91.724,Observed
Benin,Labour force participation rate by sex and age (%),Female,Age (5-year bands): 55-59,2022,86.54,Observed
Benin,Labour force participation rate by sex and age (%),Female,Age (5-year bands): 60-64,2022,80.204,Observed
Benin,Labour force participation rate by sex and age (%),Female,Age (5-year bands): 65+,2022,52.277,Observed
Burkina Faso,Labour force participation rate by sex and age (%),Total,"Age (Youth, adults): 15+",2022,72.337,Observed
Burkina Faso,Labour force participation rate by sex and age (%),Total,"Age (Youth, adults): 15-64",2022,74.46,Observed
Burkina Faso,Labour force participation rate by sex and age (%),Total,"Age (Youth, adults): 15-24",2022,58.788,Observed
Burkina Faso,Labour force participation rate by sex and age (%),Total,"Age (Youth, adults): 25+",2022,78.872,Observed
Burkina Faso,Labour force participation rate by sex and age (%),Male,"Age (Youth, adults): 15+",2022,80.251,Observed
Burkina Faso,Labour force participation rate by sex and age (%),Male,"Age (Youth, adults): 15-64",2022,82.184,Observed
Burkina Faso,Labour force participation rate by sex and age (%),Male,"Age (Youth, adults): 15-24",2022,66.186,Observed
Burkina Faso,Labour force participation rate by sex and age (%),Male,"Age (Youth, adults): 25+",2022,87.14,Observed
Burkina Faso,Labour force participation rate by sex and age (%),Female,"Age (Youth, adults): 15+",2022,65.998,Observed
Burkina Faso,Labour force participation rate by sex and age (%),Female,"Age (Youth, adults): 15-64",2022,68.285,Observed
Burkina Faso,Labour force participation rate by sex and age (%),Female,"Age (Youth, adults): 15-24",2022,52.752,Observed
Burkina Faso,Labour force participation rate by sex and age (%),Female,"Age (Youth, adults): 25+",2022,72.309,Observed
Burkina Faso,Labour force participation rate by sex and age (%),Total,Age (Aggregate bands): 15+,2022,72.337,Observed
Burkina Faso,Labour force participation rate by sex and age (%),Total,Age (Aggregate bands): 15-24,2022,58.788,Observed
Burkina Faso,Labour force participation rate by sex and age (%),Total,Age (Aggregate bands): 25-54,2022,84.26,Observed
Burkina Faso,Labour force participation rate by sex and age (%),Total,Age (Aggregate bands): 55-64,2022,74.149,Observed
Burkina Faso,Labour force participation rate by sex and age (%),Total,Age (Aggregate bands): 65+,2022,45.032,Observed
Burkina Faso,Labour force participation rate by sex and age (%),Male,Age (Aggregate bands): 15+,2022,80.251,Observed
Burkina Faso,Labour force participation rate by sex and age (%),Male,Age (Aggregate bands): 15-24,2022,66.186,Observed
Burkina Faso,Labour force participation rate by sex and age (%),Male,Age (Aggregate bands): 25-54,2022,92.188,Observed
Burkina Faso,Labour force participation rate by sex and age (%),Male,Age (Aggregate bands): 55-64,2022,83.59,Observed
Burkina Faso,Labour force participation rate by sex and age (%),Male,Age (Aggregate bands): 65+,2022,55.743,Observed
Burkina Faso,Labour force participation rate by sex and age (%),Female,Age (Aggregate bands): 15+,2022,65.998,Observed
Burkina Faso,Labour force participation rate by sex and age (%),Female,Age (Aggregate bands): 15-24,2022,52.752,Observed
Burkina Faso,Labour force participation rate by sex and age (%),Female,Age (Aggregate bands): 25-54,2022,78.105,Observed
Burkina Faso,Labour force participation rate by sex and age (%),Female,Age (Aggregate bands): 55-64,2022,65.721,Observed
Burkina Faso,Labour force participation rate by sex and age (%),Female,Age (Aggregate bands): 65+,2022,36.25,Observed
Burkina Faso,Labour force participation rate by sex and age (%),Total,Age (10-year bands): 15+,2022,72.337,Observed
Burkina Faso,Labour force participation rate by sex and age (%),Total,Age (10-year bands): 15-24,2022,58.788,Observed
Burkina Faso,Labour force participation rate by sex and age (%),Total,Age (10-year bands): 25-34,2022,81.524,Observed
Burkina Faso,Labour force participation rate by sex and age (%),Total,Age (10-year bands): 35-44,2022,87.718,Observed
Burkina Faso,Labour force participation rate by sex and age (%),Total,Age (10-year bands): 45-54,2022,84.047,Observed
Burkina Faso,Labour force participation rate by sex and age (%),Total,Age (10-year bands): 55-64,2022,74.149,Observed
Burkina Faso,Labour force participation rate by sex and age (%),Total,Age (10-year bands): 65+,2022,45.032,Observed
Burkina Faso,Labour force participation rate by sex and age (%),Male,Age (10-year bands): 15+,2022,80.251,Observed
Burkina Faso,Labour force participation rate by sex and age (%),Male,Age (10-year bands): 15-24,2022,66.186,Observed
Burkina Faso,Labour force participation rate by sex and age (%),Male,Age (10-year bands): 25-34,2022,89.614,Observed
Burkina Faso,Labour force participation rate by sex and age (%),Male,Age (10-year bands): 35-44,2022,93.906,Observed
Burkina Faso,Labour force participation rate by sex and age (%),Male,Age (10-year bands): 45-54,2022,94.241,Observed
Burkina Faso,Labour force participation rate by sex and age (%),Male,Age (10-year bands): 55-64,2022,83.59,Observed
Burkina Faso,Labour force participation rate by sex and age (%),Male,Age (10-year bands): 65+,2022,55.743,Observed
Burkina Faso,Labour force participation rate by sex and age (%),Female,Age (10-year bands): 15+,2022,65.998,Observed
Burkina Faso,Labour force participation rate by sex and age (%),Female,Age (10-year bands): 15-24,2022,52.752,Observed
Burkina Faso,Labour force participation rate by sex and age (%),Female,Age (10-year bands): 25-34,2022,75.48,Observed
Burkina Faso,Labour force participation rate by sex and age (%),Female,Age (10-year bands): 35-44,2022,82.712,Observed
Burkina Faso,Labour force participation rate by sex and age (%),Female,Age (10-year bands): 45-54,2022,76.074,Observed
Burkina Faso,Labour force participation rate by sex and age (%),Female,Age (10-year bands): 55-64,2022,65.721,Observed
Burkina Faso,Labour force participation rate by sex and age (%),Female,Age (10-year bands): 65+,2022,36.25,Observed
Burkina Faso,Labour force participation rate by sex and age (%),Total,Age (5-year bands): 15+,2022,72.337,Observed
Burkina Faso,Labour force participation rate by sex and age (%),Total,Age (5-year bands): 15-19,2022,54.021,Observed
Burkina Faso,Labour force participation rate by sex and age (%),Total,Age (5-year bands): 20-24,2022,65.344,Observed
Burkina Faso,Labour force participation rate by sex and age (%),Total,Age (5-year bands): 25-29,2022,79.465,Observed
Burkina Faso,Labour force participation rate by sex and age (%),Total,Age (5-year bands): 30-34,2022,83.605,Observed
Burkina Faso,Labour force participation rate by sex and age (%),Total,Age (5-year bands): 35-39,2022,87.75,Observed
Burkina Faso,Labour force participation rate by sex and age (%),Total,Age (5-year bands): 40-44,2022,87.68,Observed
Burkina Faso,Labour force participation rate by sex and age (%),Total,Age (5-year bands): 45-49,2022,86.227,Observed
Burkina Faso,Labour force participation rate by sex and age (%),Total,Age (5-year bands): 50-54,2022,81.439,Observed
Burkina Faso,Labour force participation rate by sex and age (%),Total,Age (5-year bands): 55-59,2022,78.767,Observed
Burkina Faso,Labour force participation rate by sex and age (%),Total,Age (5-year bands): 60-64,2022,68.844,Observed
Burkina Faso,Labour force participation rate by sex and age (%),Total,Age (5-year bands): 65+,2022,45.032,Observed
Burkina Faso,Labour force participation rate by sex and age (%),Male,Age (5-year bands): 15+,2022,80.251,Observed
Burkina Faso,Labour force participation rate by sex and age (%),Male,Age (5-year bands): 15-19,2022,61.084,Observed
Burkina Faso,Labour force participation rate by sex and age (%),Male,Age (5-year bands): 20-24,2022,74.193,Observed
Burkina Faso,Labour force participation rate by sex and age (%),Male,Age (5-year bands): 25-29,2022,87.603,Observed
Burkina Faso,Labour force participation rate by sex and age (%),Male,Age (5-year bands): 30-34,2022,91.635,Observed
Burkina Faso,Labour force participation rate by sex and age (%),Male,Age (5-year bands): 35-39,2022,93.958,Observed
Burkina Faso,Labour force participation rate by sex and age (%),Male,Age (5-year bands): 40-44,2022,93.848,Observed
Burkina Faso,Labour force participation rate by sex and age (%),Male,Age (5-year bands): 45-49,2022,94.262,Observed
Burkina Faso,Labour force participation rate by sex and age (%),Male,Age (5-year bands): 50-54,2022,94.217,Observed
Burkina Faso,Labour force participation rate by sex and age (%),Male,Age (5-year bands): 55-59,2022,87.314,Observed
Burkina Faso,Labour force participation rate by sex and age (%),Male,Age (5-year bands): 60-64,2022,78.897,Observed
Burkina Faso,Labour force participation rate by sex and age (%),Male,Age (5-year bands): 65+,2022,55.743,Observed
Burkina Faso,Labour force participation rate by sex and age (%),Female,Age (5-year bands): 15+,2022,65.998,Observed
Burkina Faso,Labour force participation rate by sex and age (%),Female,Age (5-year bands): 15-19,2022,47.658,Observed
Burkina Faso,Labour force participation rate by sex and age (%),Female,Age (5-year bands): 20-24,2022,59.057,Observed
Burkina Faso,Labour force participation rate by sex and age (%),Female,Age (5-year bands): 25-29,2022,73.416,Observed
Burkina Faso,Labour force participation rate by sex and age (%),Female,Age (5-year bands): 30-34,2022,77.576,Observed
Burkina Faso,Labour force participation rate by sex and age (%),Female,Age (5-year bands): 35-39,2022,82.924,Observed
Burkina Faso,Labour force participation rate by sex and age (%),Female,Age (5-year bands): 40-44,2022,82.457,Observed
Burkina Faso,Labour force participation rate by sex and age (%),Female,Age (5-year bands): 45-49,2022,80.007,Observed
Burkina Faso,Labour force participation rate by sex and age (%),Female,Age (5-year bands): 50-54,2022,71.321,Observed
Burkina Faso,Labour force participation rate by sex and age (%),Female,Age (5-year bands): 55-59,2022,70.493,Observed
Burkina Faso,Labour force participation rate by sex and age (%),Female,Age (5-year bands): 60-64,2022,60.67,Observed
Burkina Faso,Labour force participation rate by sex and age (%),Female,Age (5-year bands): 65+,2022,36.25,Observed
Botswana,Labour force participation rate by sex and age (%),Total,"Age (Youth, adults): 15+",2022,64.604,Observed
Botswana,Labour force participation rate by sex and age (%),Total,"Age (Youth, adults): 15-64",2022,68.657,Observed
Botswana,Labour force participation rate by sex and age (%),Total,"Age (Youth, adults): 15-24",2022,38.808,Observed
Botswana,Labour force participation rate by sex and age (%),Total,"Age (Youth, adults): 25+",2022,72.782,Observed
Botswana,Labour force participation rate by sex and age (%),Male,"Age (Youth, adults): 15+",2022,69.707,Observed
Botswana,Labour force participation rate by sex and age (%),Male,"Age (Youth, adults): 15-64",2022,72.728,Observed
Botswana,Labour force participation rate by sex and age (%),Male,"Age (Youth, adults): 15-24",2022,41.63,Observed
Botswana,Labour force participation rate by sex and age (%),Male,"Age (Youth, adults): 25+",2022,79.514,Observed
Botswana,Labour force participation rate by sex and age (%),Female,"Age (Youth, adults): 15+",2022,60.057,Observed
Botswana,Labour force participation rate by sex and age (%),Female,"Age (Youth, adults): 15-64",2022,64.931,Observed
Botswana,Labour force participation rate by sex and age (%),Female,"Age (Youth, adults): 15-24",2022,35.91,Observed
Botswana,Labour force participation rate by sex and age (%),Female,"Age (Youth, adults): 25+",2022,67.049,Observed
Botswana,Labour force participation rate by sex and age (%),Total,Age (Aggregate bands): 15+,2022,64.604,Observed
Botswana,Labour force participation rate by sex and age (%),Total,Age (Aggregate bands): 15-24,2022,38.808,Observed
Botswana,Labour force participation rate by sex and age (%),Total,Age (Aggregate bands): 25-54,2022,82.001,Observed
Botswana,Labour force participation rate by sex and age (%),Total,Age (Aggregate bands): 55-64,2022,62.512,Observed
Botswana,Labour force participation rate by sex and age (%),Total,Age (Aggregate bands): 65+,2022,26.008,Observed
Botswana,Labour force participation rate by sex and age (%),Male,Age (Aggregate bands): 15+,2022,69.707,Observed
Botswana,Labour force participation rate by sex and age (%),Male,Age (Aggregate bands): 15-24,2022,41.63,Observed
Botswana,Labour force participation rate by sex and age (%),Male,Age (Aggregate bands): 25-54,2022,86.745,Observed
Botswana,Labour force participation rate by sex and age (%),Male,Age (Aggregate bands): 55-64,2022,71.207,Observed
Botswana,Labour force participation rate by sex and age (%),Male,Age (Aggregate bands): 65+,2022,35.885,Observed
Botswana,Labour force participation rate by sex and age (%),Female,Age (Aggregate bands): 15+,2022,60.057,Observed
Botswana,Labour force participation rate by sex and age (%),Female,Age (Aggregate bands): 15-24,2022,35.91,Observed
Botswana,Labour force participation rate by sex and age (%),Female,Age (Aggregate bands): 25-54,2022,77.713,Observed
Botswana,Labour force participation rate by sex and age (%),Female,Age (Aggregate bands): 55-64,2022,56.247,Observed
Botswana,Labour force participation rate by sex and age (%),Female,Age (Aggregate bands): 65+,2022,19.246,Observed
Botswana,Labour force participation rate by sex and age (%),Total,Age (10-year bands): 15+,2022,64.604,Observed
Botswana,Labour force participation rate by sex and age (%),Total,Age (10-year bands): 15-24,2022,38.808,Observed
Botswana,Labour force participation rate by sex and age (%),Total,Age (10-year bands): 25-34,2022,79.947,Observed
Botswana,Labour force participation rate by sex and age (%),Total,Age (10-year bands): 35-44,2022,84.498,Observed
Botswana,Labour force participation rate by sex and age (%),Total,Age (10-year bands): 45-54,2022,81.551,Observed
Botswana,Labour force participation rate by sex and age (%),Total,Age (10-year bands): 55-64,2022,62.512,Observed
Botswana,Labour force participation rate by sex and age (%),Total,Age (10-year bands): 65+,2022,26.008,Observed
Botswana,Labour force participation rate by sex and age (%),Male,Age (10-year bands): 15+,2022,69.707,Observed
Botswana,Labour force participation rate by sex and age (%),Male,Age (10-year bands): 15-24,2022,41.63,Observed
Botswana,Labour force participation rate by sex and age (%),Male,Age (10-year bands): 25-34,2022,84.318,Observed
Botswana,Labour force participation rate by sex and age (%),Male,Age (10-year bands): 35-44,2022,89.21,Observed
Botswana,Labour force participation rate by sex and age (%),Male,Age (10-year bands): 45-54,2022,86.848,Observed
Botswana,Labour force participation rate by sex and age (%),Male,Age (10-year bands): 55-64,2022,71.207,Observed
Botswana,Labour force participation rate by sex and age (%),Male,Age (10-year bands): 65+,2022,35.885,Observed
Botswana,Labour force participation rate by sex and age (%),Female,Age (10-year bands): 15+,2022,60.057,Observed
Botswana,Labour force participation rate by sex and age (%),Female,Age (10-year bands): 15-24,2022,35.91,Observed
Botswana,Labour force participation rate by sex and age (%),Female,Age (10-year bands): 25-34,2022,76.172,Observed
Botswana,Labour force participation rate by sex and age (%),Female,Age (10-year bands): 35-44,2022,80.106,Observed
Botswana,Labour force participation rate by sex and age (%),Female,Age (10-year bands): 45-54,2022,76.607,Observed
Botswana,Labour force participation rate by sex and age (%),Female,Age (10-year bands): 55-64,2022,56.247,Observed
Botswana,Labour force participation rate by sex and age (%),Female,Age (10-year bands): 65+,2022,19.246,Observed
Botswana,Labour force participation rate by sex and age (%),Total,Age (5-year bands): 15+,2022,64.604,Observed
Botswana,Labour force participation rate by sex and age (%),Total,Age (5-year bands): 15-19,2022,16.683,Observed
Botswana,Labour force participation rate by sex and age (%),Total,Age (5-year bands): 20-24,2022,63.455,Observed
Botswana,Labour force participation rate by sex and age (%),Total,Age (5-year bands): 25-29,2022,78.516,Observed
Botswana,Labour force participation rate by sex and age (%),Total,Age (5-year bands): 30-34,2022,81.332,Observed
Botswana,Labour force participation rate by sex and age (%),Total,Age (5-year bands): 35-39,2022,84.673,Observed
Botswana,Labour force participation rate by sex and age (%),Total,Age (5-year bands): 40-44,2022,84.273,Observed
Botswana,Labour force participation rate by sex and age (%),Total,Age (5-year bands): 45-49,2022,82.518,Observed
Botswana,Labour force participation rate by sex and age (%),Total,Age (5-year bands): 50-54,2022,80.249,Observed
Botswana,Labour force participation rate by sex and age (%),Total,Age (5-year bands): 55-59,2022,71.592,Observed
Botswana,Labour force participation rate by sex and age (%),Total,Age (5-year bands): 60-64,2022,51.563,Observed
Botswana,Labour force participation rate by sex and age (%),Total,Age (5-year bands): 65+,2022,26.008,Observed
Botswana,Labour force participation rate by sex and age (%),Male,Age (5-year bands): 15+,2022,69.707,Observed
Botswana,Labour force participation rate by sex and age (%),Male,Age (5-year bands): 15-19,2022,20.531,Observed
Botswana,Labour force participation rate by sex and age (%),Male,Age (5-year bands): 20-24,2022,67.481,Observed
Botswana,Labour force participation rate by sex and age (%),Male,Age (5-year bands): 25-29,2022,81.905,Observed
Botswana,Labour force participation rate by sex and age (%),Male,Age (5-year bands): 30-34,2022,86.462,Observed
Botswana,Labour force participation rate by sex and age (%),Male,Age (5-year bands): 35-39,2022,90.022,Observed
Botswana,Labour force participation rate by sex and age (%),Male,Age (5-year bands): 40-44,2022,88.135,Observed
Botswana,Labour force participation rate by sex and age (%),Male,Age (5-year bands): 45-49,2022,86.119,Observed
Botswana,Labour force participation rate by sex and age (%),Male,Age (5-year bands): 50-54,2022,87.871,Observed
Botswana,Labour force participation rate by sex and age (%),Male,Age (5-year bands): 55-59,2022,80.818,Observed
Botswana,Labour force participation rate by sex and age (%),Male,Age (5-year bands): 60-64,2022,60.116,Observed
Botswana,Labour force participation rate by sex and age (%),Male,Age (5-year bands): 65+,2022,35.885,Observed
Botswana,Labour force participation rate by sex and age (%),Female,Age (5-year bands): 15+,2022,60.057,Observed
Botswana,Labour force participation rate by sex and age (%),Female,Age (5-year bands): 15-19,2022,12.356,Observed
Botswana,Labour force participation rate by sex and age (%),Female,Age (5-year bands): 20-24,2022,59.718,Observed
Botswana,Labour force participation rate by sex and age (%),Female,Age (5-year bands): 25-29,2022,75.818,Observed
Botswana,Labour force participation rate by sex and age (%),Female,Age (5-year bands): 30-34,2022,76.54,Observed
Botswana,Labour force participation rate by sex and age (%),Female,Age (5-year bands): 35-39,2022,79.541,Observed
Botswana,Labour force participation rate by sex and age (%),Female,Age (5-year bands): 40-44,2022,80.804,Observed
Botswana,Labour force participation rate by sex and age (%),Female,Age (5-year bands): 45-49,2022,79.042,Observed
Botswana,Labour force participation rate by sex and age (%),Female,Age (5-year bands): 50-54,2022,73.455,Observed
Botswana,Labour force participation rate by sex and age (%),Female,Age (5-year bands): 55-59,2022,65.17,Observed
Botswana,Labour force participation rate by sex and age (%),Female,Age (5-year bands): 60-64,2022,45.142,Observed
Botswana,Labour force participation rate by sex and age (%),Female,Age (5-year bands): 65+,2022,19.246,Observed
Côte d'Ivoire,Labour force participation rate by sex and age (%),Total,"Age (Youth, adults): 15+",2022,67.149,Observed
Côte d'Ivoire,Labour force participation rate by sex and age (%),Total,"Age (Youth, adults): 15-64",2022,68.686,Observed
Côte d'Ivoire,Labour force participation rate by sex and age (%),Total,"Age (Youth, adults): 15-24",2022,37.182,Observed
Côte d'Ivoire,Labour force participation rate by sex and age (%),Total,"Age (Youth, adults): 25+",2022,79.366,Observed
Côte d'Ivoire,Labour force participation rate by sex and age (%),Male,"Age (Youth, adults): 15+",2022,75.527,Observed
Côte d'Ivoire,Labour force participation rate by sex and age (%),Male,"Age (Youth, adults): 15-64",2022,76.664,Observed
Côte d'Ivoire,Labour force participation rate by sex and age (%),Male,"Age (Youth, adults): 15-24",2022,40.849,Observed
Côte d'Ivoire,Labour force participation rate by sex and age (%),Male,"Age (Youth, adults): 25+",2022,90.307,Observed
Côte d'Ivoire,Labour force participation rate by sex and age (%),Female,"Age (Youth, adults): 15+",2022,59.58,Observed
Côte d'Ivoire,Labour force participation rate by sex and age (%),Female,"Age (Youth, adults): 15-64",2022,61.473,Observed
Côte d'Ivoire,Labour force participation rate by sex and age (%),Female,"Age (Youth, adults): 15-24",2022,33.664,Observed
Côte d'Ivoire,Labour force participation rate by sex and age (%),Female,"Age (Youth, adults): 25+",2022,69.723,Observed
Côte d'Ivoire,Labour force participation rate by sex and age (%),Total,Age (Aggregate bands): 15+,2022,67.149,Observed
Côte d'Ivoire,Labour force participation rate by sex and age (%),Total,Age (Aggregate bands): 15-24,2022,37.182,Observed
Côte d'Ivoire,Labour force participation rate by sex and age (%),Total,Age (Aggregate bands): 25-54,2022,83.874,Observed
Côte d'Ivoire,Labour force participation rate by sex and age (%),Total,Age (Aggregate bands): 55-64,2022,74.93,Observed
Côte d'Ivoire,Labour force participation rate by sex and age (%),Total,Age (Aggregate bands): 65+,2022,43.08,Observed
Côte d'Ivoire,Labour force participation rate by sex and age (%),Male,Age (Aggregate bands): 15+,2022,75.527,Observed
Côte d'Ivoire,Labour force participation rate by sex and age (%),Male,Age (Aggregate bands): 15-24,2022,40.849,Observed
Côte d'Ivoire,Labour force participation rate by sex and age (%),Male,Age (Aggregate bands): 25-54,2022,94.236,Observed
Côte d'Ivoire,Labour force participation rate by sex and age (%),Male,Age (Aggregate bands): 55-64,2022,87.6,Observed
Côte d'Ivoire,Labour force participation rate by sex and age (%),Male,Age (Aggregate bands): 65+,2022,57.622,Observed
Côte d'Ivoire,Labour force participation rate by sex and age (%),Female,Age (Aggregate bands): 15+,2022,59.58,Observed
Côte d'Ivoire,Labour force participation rate by sex and age (%),Female,Age (Aggregate bands): 15-24,2022,33.664,Observed
Côte d'Ivoire,Labour force participation rate by sex and age (%),Female,Age (Aggregate bands): 25-54,2022,74.833,Observed
Côte d'Ivoire,Labour force participation rate by sex and age (%),Female,Age (Aggregate bands): 55-64,2022,63.103,Observed
Côte d'Ivoire,Labour force participation rate by sex and age (%),Female,Age (Aggregate bands): 65+,2022,30.074,Observed
Côte d'Ivoire,Labour force participation rate by sex and age (%),Total,Age (10-year bands): 15+,2022,67.149,Observed
Côte d'Ivoire,Labour force participation rate by sex and age (%),Total,Age (10-year bands): 15-24,2022,37.182,Observed
Côte d'Ivoire,Labour force participation rate by sex and age (%),Total,Age (10-year bands): 25-34,2022,77.387,Observed
Côte d'Ivoire,Labour force participation rate by sex and age (%),Total,Age (10-year bands): 35-44,2022,87.478,Observed
Côte d'Ivoire,Labour force participation rate by sex and age (%),Total,Age (10-year bands): 45-54,2022,88.96,Observed
Côte d'Ivoire,Labour force participation rate by sex and age (%),Total,Age (10-year bands): 55-64,2022,74.93,Observed
Côte d'Ivoire,Labour force participation rate by sex and age (%),Total,Age (10-year bands): 65+,2022,43.08,Observed
Côte d'Ivoire,Labour force participation rate by sex and age (%),Male,Age (10-year bands): 15+,2022,75.527,Observed
Côte d'Ivoire,Labour force participation rate by sex and age (%),Male,Age (10-year bands): 15-24,2022,40.849,Observed
Côte d'Ivoire,Labour force participation rate by sex and age (%),Male,Age (10-year bands): 25-34,2022,89.684,Observed
Côte d'Ivoire,Labour force participation rate by sex and age (%),Male,Age (10-year bands): 35-44,2022,97.072,Observed
Côte d'Ivoire,Labour force participation rate by sex and age (%),Male,Age (10-year bands): 45-54,2022,96.338,Observed
Côte d'Ivoire,Labour force participation rate by sex and age (%),Male,Age (10-year bands): 55-64,2022,87.6,Observed
Côte d'Ivoire,Labour force participation rate by sex and age (%),Male,Age (10-year bands): 65+,2022,57.622,Observed
Côte d'Ivoire,Labour force participation rate by sex and age (%),Female,Age (10-year bands): 15+,2022,59.58,Observed
Côte d'Ivoire,Labour force participation rate by sex and age (%),Female,Age (10-year bands): 15-24,2022,33.664,Observed
Côte d'Ivoire,Labour force participation rate by sex and age (%),Female,Age (10-year bands): 25-34,2022,68.324,Observed
Côte d'Ivoire,Labour force participation rate by sex and age (%),Female,Age (10-year bands): 35-44,2022,78.591,Observed
Côte d'Ivoire,Labour force participation rate by sex and age (%),Female,Age (10-year bands): 45-54,2022,81.249,Observed
Côte d'Ivoire,Labour force participation rate by sex and age (%),Female,Age (10-year bands): 55-64,2022,63.103,Observed
Côte d'Ivoire,Labour force participation rate by sex and age (%),Female,Age (10-year bands): 65+,2022,30.074,Observed
Côte d'Ivoire,Labour force participation rate by sex and age (%),Total,Age (5-year bands): 15+,2022,67.149,Observed
Côte d'Ivoire,Labour force participation rate by sex and age (%),Total,Age (5-year bands): 15-19,2022,26.089,Observed
Côte d'Ivoire,Labour force participation rate by sex and age (%),Total,Age (5-year bands): 20-24,2022,50.556,Observed
Côte d'Ivoire,Labour force participation rate by sex and age (%),Total,Age (5-year bands): 25-29,2022,72.568,Observed
Côte d'Ivoire,Labour force participation rate by sex and age (%),Total,Age (5-year bands): 30-34,2022,82.286,Observed
Côte d'Ivoire,Labour force participation rate by sex and age (%),Total,Age (5-year bands): 35-39,2022,85.296,Observed
Côte d'Ivoire,Labour force participation rate by sex and age (%),Total,Age (5-year bands): 40-44,2022,89.953,Observed
Côte d'Ivoire,Labour force participation rate by sex and age (%),Total,Age (5-year bands): 45-49,2022,90.336,Observed
Côte d'Ivoire,Labour force participation rate by sex and age (%),Total,Age (5-year bands): 50-54,2022,87.239,Observed
Côte d'Ivoire,Labour force participation rate by sex and age (%),Total,Age (5-year bands): 55-59,2022,81.392,Observed
Côte d'Ivoire,Labour force participation rate by sex and age (%),Total,Age (5-year bands): 60-64,2022,66.769,Observed
Côte d'Ivoire,Labour force participation rate by sex and age (%),Total,Age (5-year bands): 65+,2022,43.08,Observed
Côte d'Ivoire,Labour force participation rate by sex and age (%),Male,Age (5-year bands): 15+,2022,75.527,Observed
Côte d'Ivoire,Labour force participation rate by sex and age (%),Male,Age (5-year bands): 15-19,2022,29.078,Observed
Côte d'Ivoire,Labour force participation rate by sex and age (%),Male,Age (5-year bands): 20-24,2022,56.153,Observed
Côte d'Ivoire,Labour force participation rate by sex and age (%),Male,Age (5-year bands): 25-29,2022,84.64,Observed
Côte d'Ivoire,Labour force participation rate by sex and age (%),Male,Age (5-year bands): 30-34,2022,94.546,Observed
Côte d'Ivoire,Labour force participation rate by sex and age (%),Male,Age (5-year bands): 35-39,2022,95.888,Observed
Côte d'Ivoire,Labour force participation rate by sex and age (%),Male,Age (5-year bands): 40-44,2022,98.354,Observed
Côte d'Ivoire,Labour force participation rate by sex and age (%),Male,Age (5-year bands): 45-49,2022,96.136,Observed
Côte d'Ivoire,Labour force participation rate by sex and age (%),Male,Age (5-year bands): 50-54,2022,96.585,Observed
Côte d'Ivoire,Labour force participation rate by sex and age (%),Male,Age (5-year bands): 55-59,2022,92.437,Observed
Côte d'Ivoire,Labour force participation rate by sex and age (%),Male,Age (5-year bands): 60-64,2022,81.037,Observed
Côte d'Ivoire,Labour force participation rate by sex and age (%),Male,Age (5-year bands): 65+,2022,57.622,Observed
Côte d'Ivoire,Labour force participation rate by sex and age (%),Female,Age (5-year bands): 15+,2022,59.58,Observed
Côte d'Ivoire,Labour force participation rate by sex and age (%),Female,Age (5-year bands): 15-19,2022,23.022,Observed
Côte d'Ivoire,Labour force participation rate by sex and age (%),Female,Age (5-year bands): 20-24,2022,45.601,Observed
Côte d'Ivoire,Labour force participation rate by sex and age (%),Female,Age (5-year bands): 25-29,2022,64.071,Observed
Côte d'Ivoire,Labour force participation rate by sex and age (%),Female,Age (5-year bands): 30-34,2022,72.82,Observed
Côte d'Ivoire,Labour force participation rate by sex and age (%),Female,Age (5-year bands): 35-39,2022,75.891,Observed
Côte d'Ivoire,Labour force participation rate by sex and age (%),Female,Age (5-year bands): 40-44,2022,81.79,Observed
Côte d'Ivoire,Labour force participation rate by sex and age (%),Female,Age (5-year bands): 45-49,2022,84.38,Observed
Côte d'Ivoire,Labour force participation rate by sex and age (%),Female,Age (5-year bands): 50-54,2022,77.251,Observed
Côte d'Ivoire,Labour force participation rate by sex and age (%),Female,Age (5-year bands): 55-59,2022,70.434,Observed
Côte d'Ivoire,Labour force participation rate by sex and age (%),Female,Age (5-year bands): 60-64,2022,54.44,Observed
Côte d'Ivoire,Labour force participation rate by sex and age (%),Female,Age (5-year bands): 65+,2022,30.074,Observed
Ghana,Labour force participation rate by sex and age (%),Total,"Age (Youth, adults): 15+",2022,63.585,Observed
Ghana,Labour force participation rate by sex and age (%),Total,"Age (Youth, adults): 15-64",2022,65.455,Observed
Ghana,Labour force participation rate by sex and age (%),Total,"Age (Youth, adults): 15-24",2022,38.322,Observed
Ghana,Labour force participation rate by sex and age (%),Total,"Age (Youth, adults): 25+",2022,75.916,Observed
Ghana,Labour force participation rate by sex and age (%),Male,"Age (Youth, adults): 15+",2022,65.456,Observed
Ghana,Labour force participation rate by sex and age (%),Male,"Age (Youth, adults): 15-64",2022,66.698,Observed
Ghana,Labour force participation rate by sex and age (%),Male,"Age (Youth, adults): 15-24",2022,39.139,Observed
Ghana,Labour force participation rate by sex and age (%),Male,"Age (Youth, adults): 25+",2022,79.908,Observed
Ghana,Labour force participation rate by sex and age (%),Female,"Age (Youth, adults): 15+",2022,62.078,Observed
Ghana,Labour force participation rate by sex and age (%),Female,"Age (Youth, adults): 15-64",2022,64.439,Observed
Ghana,Labour force participation rate by sex and age (%),Female,"Age (Youth, adults): 15-24",2022,37.562,Observed
Ghana,Labour force participation rate by sex and age (%),Female,"Age (Youth, adults): 25+",2022,72.922,Observed
Ghana,Labour force participation rate by sex and age (%),Total,Age (Aggregate bands): 15+,2022,63.585,Observed
Ghana,Labour force participation rate by sex and age (%),Total,Age (Aggregate bands): 15-24,2022,38.322,Observed
Ghana,Labour force participation rate by sex and age (%),Total,Age (Aggregate bands): 25-54,2022,81.27,Observed
Ghana,Labour force participation rate by sex and age (%),Total,Age (Aggregate bands): 55-64,2022,75.101,Observed
Ghana,Labour force participation rate by sex and age (%),Total,Age (Aggregate bands): 65+,2022,41.439,Observed
Ghana,Labour force participation rate by sex and age (%),Male,Age (Aggregate bands): 15+,2022,65.456,Observed
Ghana,Labour force participation rate by sex and age (%),Male,Age (Aggregate bands): 15-24,2022,39.139,Observed
Ghana,Labour force participation rate by sex and age (%),Male,Age (Aggregate bands): 25-54,2022,84.553,Observed
Ghana,Labour force participation rate by sex and age (%),Male,Age (Aggregate bands): 55-64,2022,78.198,Observed
Ghana,Labour force participation rate by sex and age (%),Male,Age (Aggregate bands): 65+,2022,49.009,Observed
Ghana,Labour force participation rate by sex and age (%),Female,Age (Aggregate bands): 15+,2022,62.078,Observed
Ghana,Labour force participation rate by sex and age (%),Female,Age (Aggregate bands): 15-24,2022,37.562,Observed
Ghana,Labour force participation rate by sex and age (%),Female,Age (Aggregate bands): 25-54,2022,78.784,Observed
Ghana,Labour force participation rate by sex and age (%),Female,Age (Aggregate bands): 55-64,2022,72.687,Observed
Ghana,Labour force participation rate by sex and age (%),Female,Age (Aggregate bands): 65+,2022,36.345,Observed
Ghana,Labour force participation rate by sex and age (%),Total,Age (10-year bands): 15+,2022,63.585,Observed
Ghana,Labour force participation rate by sex and age (%),Total,Age (10-year bands): 15-24,2022,38.322,Observed
Ghana,Labour force participation rate by sex and age (%),Total,Age (10-year bands): 25-34,2022,75.878,Observed
Ghana,Labour force participation rate by sex and age (%),Total,Age (10-year bands): 35-44,2022,84.826,Observed
Ghana,Labour force participation rate by sex and age (%),Total,Age (10-year bands): 45-54,2022,85.003,Observed
Ghana,Labour force participation rate by sex and age (%),Total,Age (10-year bands): 55-64,2022,75.101,Observed
Ghana,Labour force participation rate by sex and age (%),Total,Age (10-year bands): 65+,2022,41.439,Observed
Ghana,Labour force participation rate by sex and age (%),Male,Age (10-year bands): 15+,2022,65.456,Observed
Ghana,Labour force participation rate by sex and age (%),Male,Age (10-year bands): 15-24,2022,39.139,Observed
Ghana,Labour force participation rate by sex and age (%),Male,Age (10-year bands): 25-34,2022,79.091,Observed
Ghana,Labour force participation rate by sex and age (%),Male,Age (10-year bands): 35-44,2022,87.653,Observed
Ghana,Labour force participation rate by sex and age (%),Male,Age (10-year bands): 45-54,2022,88.709,Observed
Ghana,Labour force participation rate by sex and age (%),Male,Age (10-year bands): 55-64,2022,78.198,Observed
Ghana,Labour force participation rate by sex and age (%),Male,Age (10-year bands): 65+,2022,49.009,Observed
Ghana,Labour force participation rate by sex and age (%),Female,Age (10-year bands): 15+,2022,62.078,Observed
Ghana,Labour force participation rate by sex and age (%),Female,Age (10-year bands): 15-24,2022,37.562,Observed
Ghana,Labour force participation rate by sex and age (%),Female,Age (10-year bands): 25-34,2022,73.535,Observed
Ghana,Labour force participation rate by sex and age (%),Female,Age (10-year bands): 35-44,2022,82.664,Observed
Ghana,Labour force participation rate by sex and age (%),Female,Age (10-year bands): 45-54,2022,82.061,Observed
Ghana,Labour force participation rate by sex and age (%),Female,Age (10-year bands): 55-64,2022,72.687,Observed
Ghana,Labour force participation rate by sex and age (%),Female,Age (10-year bands): 65+,2022,36.345,Observed
Ghana,Labour force participation rate by sex and age (%),Total,Age (5-year bands): 15+,2022,63.585,Observed
Ghana,Labour force participation rate by sex and age (%),Total,Age (5-year bands): 15-19,2022,27.571,Observed
Ghana,Labour force participation rate by sex and age (%),Total,Age (5-year bands): 20-24,2022,51.923,Observed
Ghana,Labour force participation rate by sex and age (%),Total,Age (5-year bands): 25-29,2022,71.279,Observed
Ghana,Labour force participation rate by sex and age (%),Total,Age (5-year bands): 30-34,2022,80.862,Observed
Ghana,Labour force participation rate by sex and age (%),Total,Age (5-year bands): 35-39,2022,84.606,Observed
Ghana,Labour force participation rate by sex and age (%),Total,Age (5-year bands): 40-44,2022,85.076,Observed
Ghana,Labour force participation rate by sex and age (%),Total,Age (5-year bands): 45-49,2022,86.067,Observed
Ghana,Labour force participation rate by sex and age (%),Total,Age (5-year bands): 50-54,2022,83.78,Observed
Ghana,Labour force participation rate by sex and age (%),Total,Age (5-year bands): 55-59,2022,81.337,Observed
Ghana,Labour force participation rate by sex and age (%),Total,Age (5-year bands): 60-64,2022,67.622,Observed
Ghana,Labour force participation rate by sex and age (%),Total,Age (5-year bands): 65+,2022,41.439,Observed
Ghana,Labour force participation rate by sex and age (%),Male,Age (5-year bands): 15+,2022,65.456,Observed
Ghana,Labour force participation rate by sex and age (%),Male,Age (5-year bands): 15-19,2022,28.28,Observed
Ghana,Labour force participation rate by sex and age (%),Male,Age (5-year bands): 20-24,2022,54.073,Observed
Ghana,Labour force participation rate by sex and age (%),Male,Age (5-year bands): 25-29,2022,73.832,Observed
Ghana,Labour force participation rate by sex and age (%),Male,Age (5-year bands): 30-34,2022,85.08,Observed
Ghana,Labour force participation rate by sex and age (%),Male,Age (5-year bands): 35-39,2022,87.176,Observed
Ghana,Labour force participation rate by sex and age (%),Male,Age (5-year bands): 40-44,2022,88.194,Observed
Ghana,Labour force participation rate by sex and age (%),Male,Age (5-year bands): 45-49,2022,89.403,Observed
Ghana,Labour force participation rate by sex and age (%),Male,Age (5-year bands): 50-54,2022,87.854,Observed
Ghana,Labour force participation rate by sex and age (%),Male,Age (5-year bands): 55-59,2022,85.428,Observed
Ghana,Labour force participation rate by sex and age (%),Male,Age (5-year bands): 60-64,2022,69.736,Observed
Ghana,Labour force participation rate by sex and age (%),Male,Age (5-year bands): 65+,2022,49.009,Observed
Ghana,Labour force participation rate by sex and age (%),Female,Age (5-year bands): 15+,2022,62.078,Observed
Ghana,Labour force participation rate by sex and age (%),Female,Age (5-year bands): 15-19,2022,26.862,Observed
Ghana,Labour force participation rate by sex and age (%),Female,Age (5-year bands): 20-24,2022,50.094,Observed
Ghana,Labour force participation rate by sex and age (%),Female,Age (5-year bands): 25-29,2022,69.339,Observed
Ghana,Labour force participation rate by sex and age (%),Female,Age (5-year bands): 30-34,2022,77.921,Observed
Ghana,Labour force participation rate by sex and age (%),Female,Age (5-year bands): 35-39,2022,82.631,Observed
Ghana,Labour force participation rate by sex and age (%),Female,Age (5-year bands): 40-44,2022,82.7,Observed
Ghana,Labour force participation rate by sex and age (%),Female,Age (5-year bands): 45-49,2022,83.263,Observed
Ghana,Labour force participation rate by sex and age (%),Female,Age (5-year bands): 50-54,2022,80.752,Observed
Ghana,Labour force participation rate by sex and age (%),Female,Age (5-year bands): 55-59,2022,78.212,Observed
Ghana,Labour force participation rate by sex and age (%),Female,Age (5-year bands): 60-64,2022,65.934,Observed
Ghana,Labour force participation rate by sex and age (%),Female,Age (5-year bands): 65+,2022,36.345,Observed
Guinea-Bissau,Labour force participation rate by sex and age (%),Total,"Age (Youth, adults): 15+",2022,64.838,Observed
Guinea-Bissau,Labour force participation rate by sex and age (%),Total,"Age (Youth, adults): 15-64",2022,65.912,Observed
Guinea-Bissau,Labour force participation rate by sex and age (%),Total,"Age (Youth, adults): 15-24",2022,45.008,Observed
Guinea-Bissau,Labour force participation rate by sex and age (%),Total,"Age (Youth, adults): 25+",2022,74.458,Observed
Guinea-Bissau,Labour force participation rate by sex and age (%),Male,"Age (Youth, adults): 15+",2022,70.178,Observed
Guinea-Bissau,Labour force participation rate by sex and age (%),Male,"Age (Youth, adults): 15-64",2022,70.925,Observed
Guinea-Bissau,Labour force participation rate by sex and age (%),Male,"Age (Youth, adults): 15-24",2022,49.182,Observed
Guinea-Bissau,Labour force participation rate by sex and age (%),Male,"Age (Youth, adults): 25+",2022,81.28,Observed
Guinea-Bissau,Labour force participation rate by sex and age (%),Female,"Age (Youth, adults): 15+",2022,60.132,Observed
Guinea-Bissau,Labour force participation rate by sex and age (%),Female,"Age (Youth, adults): 15-64",2022,61.449,Observed
Guinea-Bissau,Labour force participation rate by sex and age (%),Female,"Age (Youth, adults): 15-24",2022,40.899,Observed
Guinea-Bissau,Labour force participation rate by sex and age (%),Female,"Age (Youth, adults): 25+",2022,68.761,Observed
Guinea-Bissau,Labour force participation rate by sex and age (%),Total,Age (Aggregate bands): 15+,2022,64.838,Observed
Guinea-Bissau,Labour force participation rate by sex and age (%),Total,Age (Aggregate bands): 15-24,2022,45.008,Observed
Guinea-Bissau,Labour force participation rate by sex and age (%),Total,Age (Aggregate bands): 25-54,2022,77.444,Observed
Guinea-Bissau,Labour force participation rate by sex and age (%),Total,Age (Aggregate bands): 55-64,2022,74.064,Observed
Guinea-Bissau,Labour force participation rate by sex and age (%),Total,Age (Aggregate bands): 65+,2022,48.107,Observed
Guinea-Bissau,Labour force participation rate by sex and age (%),Male,Age (Aggregate bands): 15+,2022,70.178,Observed
Guinea-Bissau,Labour force participation rate by sex and age (%),Male,Age (Aggregate bands): 15-24,2022,49.182,Observed
Guinea-Bissau,Labour force participation rate by sex and age (%),Male,Age (Aggregate bands): 25-54,2022,83.322,Observed
Guinea-Bissau,Labour force participation rate by sex and age (%),Male,Age (Aggregate bands): 55-64,2022,84.712,Observed
Guinea-Bissau,Labour force participation rate by sex and age (%),Male,Age (Aggregate bands): 65+,2022,57.406,Observed
Guinea-Bissau,Labour force participation rate by sex and age (%),Female,Age (Aggregate bands): 15+,2022,60.132,Observed
Guinea-Bissau,Labour force participation rate by sex and age (%),Female,Age (Aggregate bands): 15-24,2022,40.899,Observed
Guinea-Bissau,Labour force participation rate by sex and age (%),Female,Age (Aggregate bands): 25-54,2022,72.461,Observed
Guinea-Bissau,Labour force participation rate by sex and age (%),Female,Age (Aggregate bands): 55-64,2022,65.388,Observed
Guinea-Bissau,Labour force participation rate by sex and age (%),Female,Age (Aggregate bands): 65+,2022,41.117,Observed
Guinea-Bissau,Labour force participation rate by sex and age (%),Total,Age (10-year bands): 15+,2022,64.838,Observed
Guinea-Bissau,Labour force participation rate by sex and age (%),Total,Age (10-year bands): 15-24,2022,45.008,Observed
Guinea-Bissau,Labour force participation rate by sex and age (%),Total,Age (10-year bands): 25-34,2022,71.141,Observed
Guinea-Bissau,Labour force participation rate by sex and age (%),Total,Age (10-year bands): 35-44,2022,83.416,Observed
Guinea-Bissau,Labour force participation rate by sex and age (%),Total,Age (10-year bands): 45-54,2022,82.781,Observed
Guinea-Bissau,Labour force participation rate by sex and age (%),Total,Age (10-year bands): 55-64,2022,74.064,Observed
Guinea-Bissau,Labour force participation rate by sex and age (%),Total,Age (10-year bands): 65+,2022,48.107,Observed
Guinea-Bissau,Labour force participation rate by sex and age (%),Male,Age (10-year bands): 15+,2022,70.178,Observed
Guinea-Bissau,Labour force participation rate by sex and age (%),Male,Age (10-year bands): 15-24,2022,49.182,Observed
Guinea-Bissau,Labour force participation rate by sex and age (%),Male,Age (10-year bands): 25-34,2022,77.226,Observed
Guinea-Bissau,Labour force participation rate by sex and age (%),Male,Age (10-year bands): 35-44,2022,88.726,Observed
Guinea-Bissau,Labour force participation rate by sex and age (%),Male,Age (10-year bands): 45-54,2022,89.458,Observed
Guinea-Bissau,Labour force participation rate by sex and age (%),Male,Age (10-year bands): 55-64,2022,84.712,Observed
Guinea-Bissau,Labour force participation rate by sex and age (%),Male,Age (10-year bands): 65+,2022,57.406,Observed
Guinea-Bissau,Labour force participation rate by sex and age (%),Female,Age (10-year bands): 15+,2022,60.132,Observed
Guinea-Bissau,Labour force participation rate by sex and age (%),Female,Age (10-year bands): 15-24,2022,40.899,Observed
Guinea-Bissau,Labour force participation rate by sex and age (%),Female,Age (10-year bands): 25-34,2022,65.872,Observed
Guinea-Bissau,Labour force participation rate by sex and age (%),Female,Age (10-year bands): 35-44,2022,78.948,Observed
Guinea-Bissau,Labour force participation rate by sex and age (%),Female,Age (10-year bands): 45-54,2022,77.342,Observed
Guinea-Bissau,Labour force participation rate by sex and age (%),Female,Age (10-year bands): 55-64,2022,65.388,Observed
Guinea-Bissau,Labour force participation rate by sex and age (%),Female,Age (10-year bands): 65+,2022,41.117,Observed
Guinea-Bissau,Labour force participation rate by sex and age (%),Total,Age (5-year bands): 15+,2022,64.838,Observed
Guinea-Bissau,Labour force participation rate by sex and age (%),Total,Age (5-year bands): 15-19,2022,39.929,Observed
Guinea-Bissau,Labour force participation rate by sex and age (%),Total,Age (5-year bands): 20-24,2022,51.008,Observed
Guinea-Bissau,Labour force participation rate by sex and age (%),Total,Age (5-year bands): 25-29,2022,65.787,Observed
Guinea-Bissau,Labour force participation rate by sex and age (%),Total,Age (5-year bands): 30-34,2022,77.454,Observed
Guinea-Bissau,Labour force participation rate by sex and age (%),Total,Age (5-year bands): 35-39,2022,81.857,Observed
Guinea-Bissau,Labour force participation rate by sex and age (%),Total,Age (5-year bands): 40-44,2022,85.372,Observed
Guinea-Bissau,Labour force participation rate by sex and age (%),Total,Age (5-year bands): 45-49,2022,83.14,Observed
Guinea-Bissau,Labour force participation rate by sex and age (%),Total,Age (5-year bands): 50-54,2022,82.321,Observed
Guinea-Bissau,Labour force participation rate by sex and age (%),Total,Age (5-year bands): 55-59,2022,76.967,Observed
Guinea-Bissau,Labour force participation rate by sex and age (%),Total,Age (5-year bands): 60-64,2022,70.807,Observed
Guinea-Bissau,Labour force participation rate by sex and age (%),Total,Age (5-year bands): 65+,2022,48.107,Observed
Guinea-Bissau,Labour force participation rate by sex and age (%),Male,Age (5-year bands): 15+,2022,70.178,Observed
Guinea-Bissau,Labour force participation rate by sex and age (%),Male,Age (5-year bands): 15-19,2022,45.305,Observed
Guinea-Bissau,Labour force participation rate by sex and age (%),Male,Age (5-year bands): 20-24,2022,54.001,Observed
Guinea-Bissau,Labour force participation rate by sex and age (%),Male,Age (5-year bands): 25-29,2022,72.355,Observed
Guinea-Bissau,Labour force participation rate by sex and age (%),Male,Age (5-year bands): 30-34,2022,83.086,Observed
Guinea-Bissau,Labour force participation rate by sex and age (%),Male,Age (5-year bands): 35-39,2022,87.223,Observed
Guinea-Bissau,Labour force participation rate by sex and age (%),Male,Age (5-year bands): 40-44,2022,90.619,Observed
Guinea-Bissau,Labour force participation rate by sex and age (%),Male,Age (5-year bands): 45-49,2022,90.185,Observed
Guinea-Bissau,Labour force participation rate by sex and age (%),Male,Age (5-year bands): 50-54,2022,88.454,Observed
Guinea-Bissau,Labour force participation rate by sex and age (%),Male,Age (5-year bands): 55-59,2022,85.709,Observed
Guinea-Bissau,Labour force participation rate by sex and age (%),Male,Age (5-year bands): 60-64,2022,83.512,Observed
Guinea-Bissau,Labour force participation rate by sex and age (%),Male,Age (5-year bands): 65+,2022,57.406,Observed
Guinea-Bissau,Labour force participation rate by sex and age (%),Female,Age (5-year bands): 15+,2022,60.132,Observed
Guinea-Bissau,Labour force participation rate by sex and age (%),Female,Age (5-year bands): 15-19,2022,34.388,Observed
Guinea-Bissau,Labour force participation rate by sex and age (%),Female,Age (5-year bands): 20-24,2022,48.218,Observed
Guinea-Bissau,Labour force participation rate by sex and age (%),Female,Age (5-year bands): 25-29,2022,60.003,Observed
Guinea-Bissau,Labour force participation rate by sex and age (%),Female,Age (5-year bands): 30-34,2022,72.674,Observed
Guinea-Bissau,Labour force participation rate by sex and age (%),Female,Age (5-year bands): 35-39,2022,77.325,Observed
Guinea-Bissau,Labour force participation rate by sex and age (%),Female,Age (5-year bands): 40-44,2022,80.975,Observed
Guinea-Bissau,Labour force participation rate by sex and age (%),Female,Age (5-year bands): 45-49,2022,77.05,Observed
Guinea-Bissau,Labour force participation rate by sex and age (%),Female,Age (5-year bands): 50-54,2022,77.694,Observed
Guinea-Bissau,Labour force participation rate by sex and age (%),Female,Age (5-year bands): 55-59,2022,69.399,Observed
Guinea-Bissau,Labour force participation rate by sex and age (%),Female,Age (5-year bands): 60-64,2022,61.142,Observed
Guinea-Bissau,Labour force participation rate by sex and age (%),Female,Age (5-year bands): 65+,2022,41.117,Observed
Madagascar,Labour force participation rate by sex and age (%),Total,"Age (Youth, adults): 15+",2022,75.013,Break in series
Madagascar,Labour force participation rate by sex and age (%),Total,"Age (Youth, adults): 15-64",2022,76.396,Break in series
Madagascar,Labour force participation rate by sex and age (%),Total,"Age (Youth, adults): 15-24",2022,61.59,Break in series
Madagascar,Labour force participation rate by sex and age (%),Total,"Age (Youth, adults): 25+",2022,82.275,Break in series
Madagascar,Labour force participation rate by sex and age (%),Male,"Age (Youth, adults): 15+",2022,81.557,Break in series
Madagascar,Labour force participation rate by sex and age (%),Male,"Age (Youth, adults): 15-64",2022,82.761,Break in series
Madagascar,Labour force participation rate by sex and age (%),Male,"Age (Youth, adults): 15-24",2022,66.372,Break in series
Madagascar,Labour force participation rate by sex and age (%),Male,"Age (Youth, adults): 25+",2022,89.958,Break in series
Madagascar,Labour force participation rate by sex and age (%),Female,"Age (Youth, adults): 15+",2022,68.88,Break in series
Madagascar,Labour force participation rate by sex and age (%),Female,"Age (Youth, adults): 15-64",2022,70.412,Break in series
Madagascar,Labour force participation rate by sex and age (%),Female,"Age (Youth, adults): 15-24",2022,56.98,Break in series
Madagascar,Labour force participation rate by sex and age (%),Female,"Age (Youth, adults): 25+",2022,75.185,Break in series
Madagascar,Labour force participation rate by sex and age (%),Total,Age (Aggregate bands): 15+,2022,75.013,Break in series
Madagascar,Labour force participation rate by sex and age (%),Total,Age (Aggregate bands): 15-24,2022,61.59,Break in series
Madagascar,Labour force participation rate by sex and age (%),Total,Age (Aggregate bands): 25-54,2022,86.15,Break in series
Madagascar,Labour force participation rate by sex and age (%),Total,Age (Aggregate bands): 55-64,2022,77.61,Break in series
Madagascar,Labour force participation rate by sex and age (%),Total,Age (Aggregate bands): 65+,2022,48.839,Break in series
Madagascar,Labour force participation rate by sex and age (%),Male,Age (Aggregate bands): 15+,2022,81.557,Break in series
Madagascar,Labour force participation rate by sex and age (%),Male,Age (Aggregate bands): 15-24,2022,66.372,Break in series
Madagascar,Labour force participation rate by sex and age (%),Male,Age (Aggregate bands): 25-54,2022,93.561,Break in series
Madagascar,Labour force participation rate by sex and age (%),Male,Age (Aggregate bands): 55-64,2022,85.693,Break in series
Madagascar,Labour force participation rate by sex and age (%),Male,Age (Aggregate bands): 65+,2022,57.969,Break in series
Madagascar,Labour force participation rate by sex and age (%),Female,Age (Aggregate bands): 15+,2022,68.88,Break in series
Madagascar,Labour force participation rate by sex and age (%),Female,Age (Aggregate bands): 15-24,2022,56.98,Break in series
Madagascar,Labour force participation rate by sex and age (%),Female,Age (Aggregate bands): 25-54,2022,79.296,Break in series
Madagascar,Labour force participation rate by sex and age (%),Female,Age (Aggregate bands): 55-64,2022,70.02,Break in series
Madagascar,Labour force participation rate by sex and age (%),Female,Age (Aggregate bands): 65+,2022,40.809,Break in series
Madagascar,Labour force participation rate by sex and age (%),Total,Age (10-year bands): 15+,2022,75.013,Break in series
Madagascar,Labour force participation rate by sex and age (%),Total,Age (10-year bands): 15-24,2022,61.59,Break in series
Madagascar,Labour force participation rate by sex and age (%),Total,Age (10-year bands): 25-34,2022,85.26,Break in series
Madagascar,Labour force participation rate by sex and age (%),Total,Age (10-year bands): 35-44,2022,87.035,Break in series
Madagascar,Labour force participation rate by sex and age (%),Total,Age (10-year bands): 45-54,2022,86.761,Break in series
Madagascar,Labour force participation rate by sex and age (%),Total,Age (10-year bands): 55-64,2022,77.61,Break in series
Madagascar,Labour force participation rate by sex and age (%),Total,Age (10-year bands): 65+,2022,48.839,Break in series
Madagascar,Labour force participation rate by sex and age (%),Male,Age (10-year bands): 15+,2022,81.557,Break in series
Madagascar,Labour force participation rate by sex and age (%),Male,Age (10-year bands): 15-24,2022,66.372,Break in series
Madagascar,Labour force participation rate by sex and age (%),Male,Age (10-year bands): 25-34,2022,93.307,Break in series
Madagascar,Labour force participation rate by sex and age (%),Male,Age (10-year bands): 35-44,2022,93.924,Break in series
Madagascar,Labour force participation rate by sex and age (%),Male,Age (10-year bands): 45-54,2022,93.59,Break in series
Madagascar,Labour force participation rate by sex and age (%),Male,Age (10-year bands): 55-64,2022,85.693,Break in series
Madagascar,Labour force participation rate by sex and age (%),Male,Age (10-year bands): 65+,2022,57.969,Break in series
Madagascar,Labour force participation rate by sex and age (%),Female,Age (10-year bands): 15+,2022,68.88,Break in series
Madagascar,Labour force participation rate by sex and age (%),Female,Age (10-year bands): 15-24,2022,56.98,Break in series
Madagascar,Labour force participation rate by sex and age (%),Female,Age (10-year bands): 25-34,2022,77.678,Break in series
Madagascar,Labour force participation rate by sex and age (%),Female,Age (10-year bands): 35-44,2022,80.791,Break in series
Madagascar,Labour force participation rate by sex and age (%),Female,Age (10-year bands): 45-54,2022,80.51,Break in series
Madagascar,Labour force participation rate by sex and age (%),Female,Age (10-year bands): 55-64,2022,70.02,Break in series
Madagascar,Labour force participation rate by sex and age (%),Female,Age (10-year bands): 65+,2022,40.809,Break in series
Madagascar,Labour force participation rate by sex and age (%),Total,Age (5-year bands): 15+,2022,75.013,Break in series
Madagascar,Labour force participation rate by sex and age (%),Total,Age (5-year bands): 15-19,2022,50.207,Break in series
Madagascar,Labour force participation rate by sex and age (%),Total,Age (5-year bands): 20-24,2022,74.352,Break in series
Madagascar,Labour force participation rate by sex and age (%),Total,Age (5-year bands): 25-29,2022,83.624,Break in series
Madagascar,Labour force participation rate by sex and age (%),Total,Age (5-year bands): 30-34,2022,87.239,Break in series
Madagascar,Labour force participation rate by sex and age (%),Total,Age (5-year bands): 35-39,2022,87.013,Break in series
Madagascar,Labour force participation rate by sex and age (%),Total,Age (5-year bands): 40-44,2022,87.061,Break in series
Madagascar,Labour force participation rate by sex and age (%),Total,Age (5-year bands): 45-49,2022,87.513,Break in series
Madagascar,Labour force participation rate by sex and age (%),Total,Age (5-year bands): 50-54,2022,85.911,Break in series
Madagascar,Labour force participation rate by sex and age (%),Total,Age (5-year bands): 55-59,2022,82.052,Break in series
Madagascar,Labour force participation rate by sex and age (%),Total,Age (5-year bands): 60-64,2022,73.031,Break in series
Madagascar,Labour force participation rate by sex and age (%),Total,Age (5-year bands): 65+,2022,48.839,Break in series
Madagascar,Labour force participation rate by sex and age (%),Male,Age (5-year bands): 15+,2022,81.557,Break in series
Madagascar,Labour force participation rate by sex and age (%),Male,Age (5-year bands): 15-19,2022,52.958,Break in series
Madagascar,Labour force participation rate by sex and age (%),Male,Age (5-year bands): 20-24,2022,82.05,Break in series
Madagascar,Labour force participation rate by sex and age (%),Male,Age (5-year bands): 25-29,2022,92.397,Break in series
Madagascar,Labour force participation rate by sex and age (%),Male,Age (5-year bands): 30-34,2022,94.371,Break in series
Madagascar,Labour force participation rate by sex and age (%),Male,Age (5-year bands): 35-39,2022,94.132,Break in series
Madagascar,Labour force participation rate by sex and age (%),Male,Age (5-year bands): 40-44,2022,93.706,Break in series
Madagascar,Labour force participation rate by sex and age (%),Male,Age (5-year bands): 45-49,2022,93.997,Break in series
Madagascar,Labour force participation rate by sex and age (%),Male,Age (5-year bands): 50-54,2022,93.149,Break in series
Madagascar,Labour force participation rate by sex and age (%),Male,Age (5-year bands): 55-59,2022,89.913,Break in series
Madagascar,Labour force participation rate by sex and age (%),Male,Age (5-year bands): 60-64,2022,81.547,Break in series
Madagascar,Labour force participation rate by sex and age (%),Male,Age (5-year bands): 65+,2022,57.969,Break in series
Madagascar,Labour force participation rate by sex and age (%),Female,Age (5-year bands): 15+,2022,68.88,Break in series
Madagascar,Labour force participation rate by sex and age (%),Female,Age (5-year bands): 15-19,2022,47.452,Break in series
Madagascar,Labour force participation rate by sex and age (%),Female,Age (5-year bands): 20-24,2022,67.245,Break in series
Madagascar,Labour force participation rate by sex and age (%),Female,Age (5-year bands): 25-29,2022,75.592,Break in series
Madagascar,Labour force participation rate by sex and age (%),Female,Age (5-year bands): 30-34,2022,80.28,Break in series
Madagascar,Labour force participation rate by sex and age (%),Female,Age (5-year bands): 35-39,2022,81.144,Break in series
Madagascar,Labour force participation rate by sex and age (%),Female,Age (5-year bands): 40-44,2022,80.336,Break in series
Madagascar,Labour force participation rate by sex and age (%),Female,Age (5-year bands): 45-49,2022,81.808,Break in series
Madagascar,Labour force participation rate by sex and age (%),Female,Age (5-year bands): 50-54,2022,78.981,Break in series
Madagascar,Labour force participation rate by sex and age (%),Female,Age (5-year bands): 55-59,2022,75.002,Break in series
Madagascar,Labour force participation rate by sex and age (%),Female,Age (5-year bands): 60-64,2022,64.644,Break in series
Madagascar,Labour force participation rate by sex and age (%),Female,Age (5-year bands): 65+,2022,40.809,Break in series
Mali,Labour force participation rate by sex and age (%),Total,"Age (Youth, adults): 15+",2022,64.344,Observed
Mali,Labour force participation rate by sex and age (%),Total,"Age (Youth, adults): 15-64",2022,66.69,Observed
Mali,Labour force participation rate by sex and age (%),Total,"Age (Youth, adults): 15-24",2022,46.127,Observed
Mali,Labour force participation rate by sex and age (%),Total,"Age (Youth, adults): 25+",2022,71.17,Observed
Mali,Labour force participation rate by sex and age (%),Male,"Age (Youth, adults): 15+",2022,80.38,Observed
Mali,Labour force participation rate by sex and age (%),Male,"Age (Youth, adults): 15-64",2022,83.79,Observed
Mali,Labour force participation rate by sex and age (%),Male,"Age (Youth, adults): 15-24",2022,55.764,Observed
Mali,Labour force participation rate by sex and age (%),Male,"Age (Youth, adults): 25+",2022,89.172,Observed
Mali,Labour force participation rate by sex and age (%),Female,"Age (Youth, adults): 15+",2022,50.467,Observed
Mali,Labour force participation rate by sex and age (%),Female,"Age (Youth, adults): 15-64",2022,52.307,Observed
Mali,Labour force participation rate by sex and age (%),Female,"Age (Youth, adults): 15-24",2022,38.312,Observed
Mali,Labour force participation rate by sex and age (%),Female,"Age (Youth, adults): 25+",2022,55.213,Observed
Mali,Labour force participation rate by sex and age (%),Total,Age (Aggregate bands): 15+,2022,64.344,Observed
Mali,Labour force participation rate by sex and age (%),Total,Age (Aggregate bands): 15-24,2022,46.127,Observed
Mali,Labour force participation rate by sex and age (%),Total,Age (Aggregate bands): 25-54,2022,76.034,Observed
Mali,Labour force participation rate by sex and age (%),Total,Age (Aggregate bands): 55-64,2022,69.423,Observed
Mali,Labour force participation rate by sex and age (%),Total,Age (Aggregate bands): 65+,2022,32.993,Observed
Mali,Labour force participation rate by sex and age (%),Male,Age (Aggregate bands): 15+,2022,80.38,Observed
Mali,Labour force participation rate by sex and age (%),Male,Age (Aggregate bands): 15-24,2022,55.764,Observed
Mali,Labour force participation rate by sex and age (%),Male,Age (Aggregate bands): 25-54,2022,96.685,Observed
Mali,Labour force participation rate by sex and age (%),Male,Age (Aggregate bands): 55-64,2022,86.394,Observed
Mali,Labour force participation rate by sex and age (%),Male,Age (Aggregate bands): 65+,2022,43.084,Observed
Mali,Labour force participation rate by sex and age (%),Female,Age (Aggregate bands): 15+,2022,50.467,Observed
Mali,Labour force participation rate by sex and age (%),Female,Age (Aggregate bands): 15-24,2022,38.312,Observed
Mali,Labour force participation rate by sex and age (%),Female,Age (Aggregate bands): 25-54,2022,59.539,Observed
Mali,Labour force participation rate by sex and age (%),Female,Age (Aggregate bands): 55-64,2022,46.259,Observed
Mali,Labour force participation rate by sex and age (%),Female,Age (Aggregate bands): 65+,2022,20.253,Observed
Mali,Labour force participation rate by sex and age (%),Total,Age (10-year bands): 15+,2022,64.344,Observed
Mali,Labour force participation rate by sex and age (%),Total,Age (10-year bands): 15-24,2022,46.127,Observed
Mali,Labour force participation rate by sex and age (%),Total,Age (10-year bands): 25-34,2022,72.3,Observed
Mali,Labour force participation rate by sex and age (%),Total,Age (10-year bands): 35-44,2022,79.68,Observed
Mali,Labour force participation rate by sex and age (%),Total,Age (10-year bands): 45-54,2022,77.241,Observed
Mali,Labour force participation rate by sex and age (%),Total,Age (10-year bands): 55-64,2022,69.423,Observed
Mali,Labour force participation rate by sex and age (%),Total,Age (10-year bands): 65+,2022,32.993,Observed
Mali,Labour force participation rate by sex and age (%),Male,Age (10-year bands): 15+,2022,80.38,Observed
Mali,Labour force participation rate by sex and age (%),Male,Age (10-year bands): 15-24,2022,55.764,Observed
Mali,Labour force participation rate by sex and age (%),Male,Age (10-year bands): 25-34,2022,96.569,Observed
Mali,Labour force participation rate by sex and age (%),Male,Age (10-year bands): 35-44,2022,98.74,Observed
Mali,Labour force participation rate by sex and age (%),Male,Age (10-year bands): 45-54,2022,93.807,Observed
Mali,Labour force participation rate by sex and age (%),Male,Age (10-year bands): 55-64,2022,86.394,Observed
Mali,Labour force participation rate by sex and age (%),Male,Age (10-year bands): 65+,2022,43.084,Observed
Mali,Labour force participation rate by sex and age (%),Female,Age (10-year bands): 15+,2022,50.467,Observed
Mali,Labour force participation rate by sex and age (%),Female,Age (10-year bands): 15-24,2022,38.312,Observed
Mali,Labour force participation rate by sex and age (%),Female,Age (10-year bands): 25-34,2022,57.766,Observed
Mali,Labour force participation rate by sex and age (%),Female,Age (10-year bands): 35-44,2022,61.974,Observed
Mali,Labour force participation rate by sex and age (%),Female,Age (10-year bands): 45-54,2022,59.694,Observed
Mali,Labour force participation rate by sex and age (%),Female,Age (10-year bands): 55-64,2022,46.259,Observed
Mali,Labour force participation rate by sex and age (%),Female,Age (10-year bands): 65+,2022,20.253,Observed
Mali,Labour force participation rate by sex and age (%),Total,Age (5-year bands): 15+,2022,64.344,Observed
Mali,Labour force participation rate by sex and age (%),Total,Age (5-year bands): 15-19,2022,39.906,Observed
Mali,Labour force participation rate by sex and age (%),Total,Age (5-year bands): 20-24,2022,54.172,Observed
Mali,Labour force participation rate by sex and age (%),Total,Age (5-year bands): 25-29,2022,66.886,Observed
Mali,Labour force participation rate by sex and age (%),Total,Age (5-year bands): 30-34,2022,77.561,Observed
Mali,Labour force participation rate by sex and age (%),Total,Age (5-year bands): 35-39,2022,79.447,Observed
Mali,Labour force participation rate by sex and age (%),Total,Age (5-year bands): 40-44,2022,79.99,Observed
Mali,Labour force participation rate by sex and age (%),Total,Age (5-year bands): 45-49,2022,77.867,Observed
Mali,Labour force participation rate by sex and age (%),Total,Age (5-year bands): 50-54,2022,76.511,Observed
Mali,Labour force participation rate by sex and age (%),Total,Age (5-year bands): 55-59,2022,74.674,Observed
Mali,Labour force participation rate by sex and age (%),Total,Age (5-year bands): 60-64,2022,63.987,Observed
Mali,Labour force participation rate by sex and age (%),Total,Age (5-year bands): 65+,2022,32.993,Observed
Mali,Labour force participation rate by sex and age (%),Male,Age (5-year bands): 15+,2022,80.38,Observed
Mali,Labour force participation rate by sex and age (%),Male,Age (5-year bands): 15-19,2022,45.605,Observed
Mali,Labour force participation rate by sex and age (%),Male,Age (5-year bands): 20-24,2022,72.08,Observed
Mali,Labour force participation rate by sex and age (%),Male,Age (5-year bands): 25-29,2022,92.715,Observed
Mali,Labour force participation rate by sex and age (%),Male,Age (5-year bands): 30-34,2022,99.566,Observed
Mali,Labour force participation rate by sex and age (%),Male,Age (5-year bands): 35-39,2022,99.607,Observed
Mali,Labour force participation rate by sex and age (%),Male,Age (5-year bands): 40-44,2022,97.656,Observed
Mali,Labour force participation rate by sex and age (%),Male,Age (5-year bands): 45-49,2022,92.667,Observed
Mali,Labour force participation rate by sex and age (%),Male,Age (5-year bands): 50-54,2022,95.144,Observed
Mali,Labour force participation rate by sex and age (%),Male,Age (5-year bands): 55-59,2022,91.903,Observed
Mali,Labour force participation rate by sex and age (%),Male,Age (5-year bands): 60-64,2022,80.906,Observed
Mali,Labour force participation rate by sex and age (%),Male,Age (5-year bands): 65+,2022,43.084,Observed
Mali,Labour force participation rate by sex and age (%),Female,Age (5-year bands): 15+,2022,50.467,Observed
Mali,Labour force participation rate by sex and age (%),Female,Age (5-year bands): 15-19,2022,34.446,Observed
Mali,Labour force participation rate by sex and age (%),Female,Age (5-year bands): 20-24,2022,42.526,Observed
Mali,Labour force participation rate by sex and age (%),Female,Age (5-year bands): 25-29,2022,54.028,Observed
Mali,Labour force participation rate by sex and age (%),Female,Age (5-year bands): 30-34,2022,61.917,Observed
Mali,Labour force participation rate by sex and age (%),Female,Age (5-year bands): 35-39,2022,61.66,Observed
Mali,Labour force participation rate by sex and age (%),Female,Age (5-year bands): 40-44,2022,62.416,Observed
Mali,Labour force participation rate by sex and age (%),Female,Age (5-year bands): 45-49,2022,62.107,Observed
Mali,Labour force participation rate by sex and age (%),Female,Age (5-year bands): 50-54,2022,56.895,Observed
Mali,Labour force participation rate by sex and age (%),Female,Age (5-year bands): 55-59,2022,52.187,Observed
Mali,Labour force participation rate by sex and age (%),Female,Age (5-year bands): 60-64,2022,39.788,Observed
Mali,Labour force participation rate by sex and age (%),Female,Age (5-year bands): 65+,2022,20.253,Observed
Mozambique,Labour force participation rate by sex and age (%),Total,"Age (Youth, adults): 15+",2022,78.817,Observed
Mozambique,Labour force participation rate by sex and age (%),Total,"Age (Youth, adults): 15-64",2022,79.329,Observed
Mozambique,Labour force participation rate by sex and age (%),Total,"Age (Youth, adults): 15-24",2022,65.129,Observed
Mozambique,Labour force participation rate by sex and age (%),Total,"Age (Youth, adults): 25+",2022,86.505,Observed
Mozambique,Labour force participation rate by sex and age (%),Male,"Age (Youth, adults): 15+",2022,80.656,Observed
Mozambique,Labour force participation rate by sex and age (%),Male,"Age (Youth, adults): 15-64",2022,81.022,Observed
Mozambique,Labour force participation rate by sex and age (%),Male,"Age (Youth, adults): 15-24",2022,65.981,Observed
Mozambique,Labour force participation rate by sex and age (%),Male,"Age (Youth, adults): 25+",2022,88.863,Observed
Mozambique,Labour force participation rate by sex and age (%),Female,"Age (Youth, adults): 15+",2022,77.213,Observed
Mozambique,Labour force participation rate by sex and age (%),Female,"Age (Youth, adults): 15-64",2022,77.839,Observed
Mozambique,Labour force participation rate by sex and age (%),Female,"Age (Youth, adults): 15-24",2022,64.39,Observed
Mozambique,Labour force participation rate by sex and age (%),Female,"Age (Youth, adults): 25+",2022,84.442,Observed
Mozambique,Labour force participation rate by sex and age (%),Total,Age (Aggregate bands): 15+,2022,78.817,Observed
Mozambique,Labour force participation rate by sex and age (%),Total,Age (Aggregate bands): 15-24,2022,65.129,Observed
Mozambique,Labour force participation rate by sex and age (%),Total,Age (Aggregate bands): 25-54,2022,88.688,Observed
Mozambique,Labour force participation rate by sex and age (%),Total,Age (Aggregate bands): 55-64,2022,84.379,Observed
Mozambique,Labour force participation rate by sex and age (%),Total,Age (Aggregate bands): 65+,2022,71.134,Observed
Mozambique,Labour force participation rate by sex and age (%),Male,Age (Aggregate bands): 15+,2022,80.656,Observed
Mozambique,Labour force participation rate by sex and age (%),Male,Age (Aggregate bands): 15-24,2022,65.981,Observed
Mozambique,Labour force participation rate by sex and age (%),Male,Age (Aggregate bands): 25-54,2022,90.811,Observed
Mozambique,Labour force participation rate by sex and age (%),Male,Age (Aggregate bands): 55-64,2022,86.265,Observed
Mozambique,Labour force participation rate by sex and age (%),Male,Age (Aggregate bands): 65+,2022,74.707,Observed
Mozambique,Labour force participation rate by sex and age (%),Female,Age (Aggregate bands): 15+,2022,77.213,Observed
Mozambique,Labour force participation rate by sex and age (%),Female,Age (Aggregate bands): 15-24,2022,64.39,Observed
Mozambique,Labour force participation rate by sex and age (%),Female,Age (Aggregate bands): 25-54,2022,86.797,Observed
Mozambique,Labour force participation rate by sex and age (%),Female,Age (Aggregate bands): 55-64,2022,82.736,Observed
Mozambique,Labour force participation rate by sex and age (%),Female,Age (Aggregate bands): 65+,2022,68.418,Observed
Mozambique,Labour force participation rate by sex and age (%),Total,Age (10-year bands): 15+,2022,78.817,Observed
Mozambique,Labour force participation rate by sex and age (%),Total,Age (10-year bands): 15-24,2022,65.129,Observed
Mozambique,Labour force participation rate by sex and age (%),Total,Age (10-year bands): 25-34,2022,86.893,Observed
Mozambique,Labour force participation rate by sex and age (%),Total,Age (10-year bands): 35-44,2022,90.362,Observed
Mozambique,Labour force participation rate by sex and age (%),Total,Age (10-year bands): 45-54,2022,89.961,Observed
Mozambique,Labour force participation rate by sex and age (%),Total,Age (10-year bands): 55-64,2022,84.379,Observed
Mozambique,Labour force participation rate by sex and age (%),Total,Age (10-year bands): 65+,2022,71.134,Observed
Mozambique,Labour force participation rate by sex and age (%),Male,Age (10-year bands): 15+,2022,80.656,Observed
Mozambique,Labour force participation rate by sex and age (%),Male,Age (10-year bands): 15-24,2022,65.981,Observed
Mozambique,Labour force participation rate by sex and age (%),Male,Age (10-year bands): 25-34,2022,90.088,Observed
Mozambique,Labour force participation rate by sex and age (%),Male,Age (10-year bands): 35-44,2022,91.663,Observed
Mozambique,Labour force participation rate by sex and age (%),Male,Age (10-year bands): 45-54,2022,91.084,Observed
Mozambique,Labour force participation rate by sex and age (%),Male,Age (10-year bands): 55-64,2022,86.265,Observed
Mozambique,Labour force participation rate by sex and age (%),Male,Age (10-year bands): 65+,2022,74.707,Observed
Mozambique,Labour force participation rate by sex and age (%),Female,Age (10-year bands): 15+,2022,77.213,Observed
Mozambique,Labour force participation rate by sex and age (%),Female,Age (10-year bands): 15-24,2022,64.39,Observed
Mozambique,Labour force participation rate by sex and age (%),Female,Age (10-year bands): 25-34,2022,84.006,Observed
Mozambique,Labour force participation rate by sex and age (%),Female,Age (10-year bands): 35-44,2022,89.207,Observed
Mozambique,Labour force participation rate by sex and age (%),Female,Age (10-year bands): 45-54,2022,88.987,Observed
Mozambique,Labour force participation rate by sex and age (%),Female,Age (10-year bands): 55-64,2022,82.736,Observed
Mozambique,Labour force participation rate by sex and age (%),Female,Age (10-year bands): 65+,2022,68.418,Observed
Mozambique,Labour force participation rate by sex and age (%),Total,Age (5-year bands): 15+,2022,78.817,Observed
Mozambique,Labour force participation rate by sex and age (%),Total,Age (5-year bands): 15-19,2022,53.567,Observed
Mozambique,Labour force participation rate by sex and age (%),Total,Age (5-year bands): 20-24,2022,78.31,Observed
Mozambique,Labour force participation rate by sex and age (%),Total,Age (5-year bands): 25-29,2022,85.896,Observed
Mozambique,Labour force participation rate by sex and age (%),Total,Age (5-year bands): 30-34,2022,88.159,Observed
Mozambique,Labour force participation rate by sex and age (%),Total,Age (5-year bands): 35-39,2022,89.801,Observed
Mozambique,Labour force participation rate by sex and age (%),Total,Age (5-year bands): 40-44,2022,91.045,Observed
Mozambique,Labour force participation rate by sex and age (%),Total,Age (5-year bands): 45-49,2022,90.2,Observed
Mozambique,Labour force participation rate by sex and age (%),Total,Age (5-year bands): 50-54,2022,89.667,Observed
Mozambique,Labour force participation rate by sex and age (%),Total,Age (5-year bands): 55-59,2022,85.138,Observed
Mozambique,Labour force participation rate by sex and age (%),Total,Age (5-year bands): 60-64,2022,83.515,Observed
Mozambique,Labour force participation rate by sex and age (%),Total,Age (5-year bands): 65+,2022,71.134,Observed
Mozambique,Labour force participation rate by sex and age (%),Male,Age (5-year bands): 15+,2022,80.656,Observed
Mozambique,Labour force participation rate by sex and age (%),Male,Age (5-year bands): 15-19,2022,54.23,Observed
Mozambique,Labour force participation rate by sex and age (%),Male,Age (5-year bands): 20-24,2022,80.995,Observed
Mozambique,Labour force participation rate by sex and age (%),Male,Age (5-year bands): 25-29,2022,89.06,Observed
Mozambique,Labour force participation rate by sex and age (%),Male,Age (5-year bands): 30-34,2022,91.287,Observed
Mozambique,Labour force participation rate by sex and age (%),Male,Age (5-year bands): 35-39,2022,92.212,Observed
Mozambique,Labour force participation rate by sex and age (%),Male,Age (5-year bands): 40-44,2022,91.066,Observed
Mozambique,Labour force participation rate by sex and age (%),Male,Age (5-year bands): 45-49,2022,90.141,Observed
Mozambique,Labour force participation rate by sex and age (%),Male,Age (5-year bands): 50-54,2022,92.317,Observed
Mozambique,Labour force participation rate by sex and age (%),Male,Age (5-year bands): 55-59,2022,88.148,Observed
Mozambique,Labour force participation rate by sex and age (%),Male,Age (5-year bands): 60-64,2022,83.966,Observed
Mozambique,Labour force participation rate by sex and age (%),Male,Age (5-year bands): 65+,2022,74.707,Observed
Mozambique,Labour force participation rate by sex and age (%),Female,Age (5-year bands): 15+,2022,77.213,Observed
Mozambique,Labour force participation rate by sex and age (%),Female,Age (5-year bands): 15-19,2022,52.932,Observed
Mozambique,Labour force participation rate by sex and age (%),Female,Age (5-year bands): 20-24,2022,76.23,Observed
Mozambique,Labour force participation rate by sex and age (%),Female,Age (5-year bands): 25-29,2022,83.234,Observed
Mozambique,Labour force participation rate by sex and age (%),Female,Age (5-year bands): 30-34,2022,85.065,Observed
Mozambique,Labour force participation rate by sex and age (%),Female,Age (5-year bands): 35-39,2022,87.853,Observed
Mozambique,Labour force participation rate by sex and age (%),Female,Age (5-year bands): 40-44,2022,91.024,Observed
Mozambique,Labour force participation rate by sex and age (%),Female,Age (5-year bands): 45-49,2022,90.254,Observed
Mozambique,Labour force participation rate by sex and age (%),Female,Age (5-year bands): 50-54,2022,87.512,Observed
Mozambique,Labour force participation rate by sex and age (%),Female,Age (5-year bands): 55-59,2022,82.351,Observed
Mozambique,Labour force participation rate by sex and age (%),Female,Age (5-year bands): 60-64,2022,83.148,Observed
Mozambique,Labour force participation rate by sex and age (%),Female,Age (5-year bands): 65+,2022,68.418,Observed
Mauritius,Labour force participation rate by sex and age (%),Total,"Age (Youth, adults): 15+",2022,54.864,Observed
Mauritius,Labour force participation rate by sex and age (%),Total,"Age (Youth, adults): 15-64",2022,64.587,Observed
Mauritius,Labour force participation rate by sex and age (%),Total,"Age (Youth, adults): 15-24",2022,35.562,Observed
Mauritius,Labour force participation rate by sex and age (%),Total,"Age (Youth, adults): 25+",2022,58.639,Observed
Mauritius,Labour force participation rate by sex and age (%),Male,"Age (Youth, adults): 15+",2022,68.365,Observed
Mauritius,Labour force participation rate by sex and age (%),Male,"Age (Youth, adults): 15-64",2022,78.578,Observed
Mauritius,Labour force participation rate by sex and age (%),Male,"Age (Youth, adults): 15-24",2022,41.583,Observed
Mauritius,Labour force participation rate by sex and age (%),Male,"Age (Youth, adults): 25+",2022,73.859,Observed
Mauritius,Labour force participation rate by sex and age (%),Female,"Age (Youth, adults): 15+",2022,42.209,Observed
Mauritius,Labour force participation rate by sex and age (%),Female,"Age (Youth, adults): 15-64",2022,50.922,Observed
Mauritius,Labour force participation rate by sex and age (%),Female,"Age (Youth, adults): 15-24",2022,29.456,Observed
Mauritius,Labour force participation rate by sex and age (%),Female,"Age (Youth, adults): 25+",2022,44.59,Observed
Mauritius,Labour force participation rate by sex and age (%),Total,Age (Aggregate bands): 15+,2022,54.864,Observed
Mauritius,Labour force participation rate by sex and age (%),Total,Age (Aggregate bands): 15-24,2022,35.562,Observed
Mauritius,Labour force participation rate by sex and age (%),Total,Age (Aggregate bands): 25-54,2022,79.664,Observed
Mauritius,Labour force participation rate by sex and age (%),Total,Age (Aggregate bands): 55-64,2022,47.474,Observed
Mauritius,Labour force participation rate by sex and age (%),Total,Age (Aggregate bands): 65+,2022,5.367,Observed
Mauritius,Labour force participation rate by sex and age (%),Male,Age (Aggregate bands): 15+,2022,68.365,Observed
Mauritius,Labour force participation rate by sex and age (%),Male,Age (Aggregate bands): 15-24,2022,41.583,Observed
Mauritius,Labour force participation rate by sex and age (%),Male,Age (Aggregate bands): 25-54,2022,93.745,Observed
Mauritius,Labour force participation rate by sex and age (%),Male,Age (Aggregate bands): 55-64,2022,69.429,Observed
Mauritius,Labour force participation rate by sex and age (%),Male,Age (Aggregate bands): 65+,2022,8.846,Observed
Mauritius,Labour force participation rate by sex and age (%),Female,Age (Aggregate bands): 15+,2022,42.209,Observed
Mauritius,Labour force participation rate by sex and age (%),Female,Age (Aggregate bands): 15-24,2022,29.456,Observed
Mauritius,Labour force participation rate by sex and age (%),Female,Age (Aggregate bands): 25-54,2022,65.885,Observed
Mauritius,Labour force participation rate by sex and age (%),Female,Age (Aggregate bands): 55-64,2022,26.924,Observed
Mauritius,Labour force participation rate by sex and age (%),Female,Age (Aggregate bands): 65+,2022,2.725,Observed
Mauritius,Labour force participation rate by sex and age (%),Total,Age (10-year bands): 15+,2022,54.864,Observed
Mauritius,Labour force participation rate by sex and age (%),Total,Age (10-year bands): 15-24,2022,35.562,Observed
Mauritius,Labour force participation rate by sex and age (%),Total,Age (10-year bands): 25-34,2022,82.716,Observed
Mauritius,Labour force participation rate by sex and age (%),Total,Age (10-year bands): 35-44,2022,82.098,Observed
Mauritius,Labour force participation rate by sex and age (%),Total,Age (10-year bands): 45-54,2022,73.911,Observed
Mauritius,Labour force participation rate by sex and age (%),Total,Age (10-year bands): 55-64,2022,47.474,Observed
Mauritius,Labour force participation rate by sex and age (%),Total,Age (10-year bands): 65+,2022,5.367,Observed
Mauritius,Labour force participation rate by sex and age (%),Male,Age (10-year bands): 15+,2022,68.365,Observed
Mauritius,Labour force participation rate by sex and age (%),Male,Age (10-year bands): 15-24,2022,41.583,Observed
Mauritius,Labour force participation rate by sex and age (%),Male,Age (10-year bands): 25-34,2022,93.656,Observed
Mauritius,Labour force participation rate by sex and age (%),Male,Age (10-year bands): 35-44,2022,95.434,Observed
Mauritius,Labour force participation rate by sex and age (%),Male,Age (10-year bands): 45-54,2022,92.06,Observed
Mauritius,Labour force participation rate by sex and age (%),Male,Age (10-year bands): 55-64,2022,69.429,Observed
Mauritius,Labour force participation rate by sex and age (%),Male,Age (10-year bands): 65+,2022,8.846,Observed
Mauritius,Labour force participation rate by sex and age (%),Female,Age (10-year bands): 15+,2022,42.209,Observed
Mauritius,Labour force participation rate by sex and age (%),Female,Age (10-year bands): 15-24,2022,29.456,Observed
Mauritius,Labour force participation rate by sex and age (%),Female,Age (10-year bands): 25-34,2022,72.344,Observed
Mauritius,Labour force participation rate by sex and age (%),Female,Age (10-year bands): 35-44,2022,68.879,Observed
Mauritius,Labour force participation rate by sex and age (%),Female,Age (10-year bands): 45-54,2022,55.8,Observed
Mauritius,Labour force participation rate by sex and age (%),Female,Age (10-year bands): 55-64,2022,26.924,Observed
Mauritius,Labour force participation rate by sex and age (%),Female,Age (10-year bands): 65+,2022,2.725,Observed
Mauritius,Labour force participation rate by sex and age (%),Total,Age (5-year bands): 15+,2022,54.864,Observed
Mauritius,Labour force participation rate by sex and age (%),Total,Age (5-year bands): 15-19,2022,10.273,Observed
Mauritius,Labour force participation rate by sex and age (%),Total,Age (5-year bands): 20-24,2022,55.922,Observed
Mauritius,Labour force participation rate by sex and age (%),Total,Age (5-year bands): 25-29,2022,82.172,Observed
Mauritius,Labour force participation rate by sex and age (%),Total,Age (5-year bands): 30-34,2022,83.267,Observed
Mauritius,Labour force participation rate by sex and age (%),Total,Age (5-year bands): 35-39,2022,83.411,Observed
Mauritius,Labour force participation rate by sex and age (%),Total,Age (5-year bands): 40-44,2022,81.018,Observed
Mauritius,Labour force participation rate by sex and age (%),Total,Age (5-year bands): 45-49,2022,77.589,Observed
Mauritius,Labour force participation rate by sex and age (%),Total,Age (5-year bands): 50-54,2022,70.075,Observed
Mauritius,Labour force participation rate by sex and age (%),Total,Age (5-year bands): 55-59,2022,61.824,Observed
Mauritius,Labour force participation rate by sex and age (%),Total,Age (5-year bands): 60-64,2022,31.156,Observed
Mauritius,Labour force participation rate by sex and age (%),Total,Age (5-year bands): 65+,2022,5.367,Observed
Mauritius,Labour force participation rate by sex and age (%),Male,Age (5-year bands): 15+,2022,68.365,Observed
Mauritius,Labour force participation rate by sex and age (%),Male,Age (5-year bands): 15-19,2022,11.617,Observed
Mauritius,Labour force participation rate by sex and age (%),Male,Age (5-year bands): 20-24,2022,66.129,Observed
Mauritius,Labour force participation rate by sex and age (%),Male,Age (5-year bands): 25-29,2022,93.029,Observed
Mauritius,Labour force participation rate by sex and age (%),Male,Age (5-year bands): 30-34,2022,94.28,Observed
Mauritius,Labour force participation rate by sex and age (%),Male,Age (5-year bands): 35-39,2022,94.891,Observed
Mauritius,Labour force participation rate by sex and age (%),Male,Age (5-year bands): 40-44,2022,95.876,Observed
Mauritius,Labour force participation rate by sex and age (%),Male,Age (5-year bands): 45-49,2022,94.543,Observed
Mauritius,Labour force participation rate by sex and age (%),Male,Age (5-year bands): 50-54,2022,89.454,Observed
Mauritius,Labour force participation rate by sex and age (%),Male,Age (5-year bands): 55-59,2022,86.77,Observed
Mauritius,Labour force participation rate by sex and age (%),Male,Age (5-year bands): 60-64,2022,49.134,Observed
Mauritius,Labour force participation rate by sex and age (%),Male,Age (5-year bands): 65+,2022,8.846,Observed
Mauritius,Labour force participation rate by sex and age (%),Female,Age (5-year bands): 15+,2022,42.209,Observed
Mauritius,Labour force participation rate by sex and age (%),Female,Age (5-year bands): 15-19,2022,8.883,Observed
Mauritius,Labour force participation rate by sex and age (%),Female,Age (5-year bands): 20-24,2022,45.732,Observed
Mauritius,Labour force participation rate by sex and age (%),Female,Age (5-year bands): 25-29,2022,72.077,Observed
Mauritius,Labour force participation rate by sex and age (%),Female,Age (5-year bands): 30-34,2022,72.621,Observed
Mauritius,Labour force participation rate by sex and age (%),Female,Age (5-year bands): 35-39,2022,72.185,Observed
Mauritius,Labour force participation rate by sex and age (%),Female,Age (5-year bands): 40-44,2022,66.128,Observed
Mauritius,Labour force participation rate by sex and age (%),Female,Age (5-year bands): 45-49,2022,60.566,Observed
Mauritius,Labour force participation rate by sex and age (%),Female,Age (5-year bands): 50-54,2022,50.861,Observed
Mauritius,Labour force participation rate by sex and age (%),Female,Age (5-year bands): 55-59,2022,37.857,Observed
Mauritius,Labour force participation rate by sex and age (%),Female,Age (5-year bands): 60-64,2022,14.823,Observed
Mauritius,Labour force participation rate by sex and age (%),Female,Age (5-year bands): 65+,2022,2.725,Observed
Niger,Labour force participation rate by sex and age (%),Total,"Age (Youth, adults): 15+",2022,79.612,Observed
Niger,Labour force participation rate by sex and age (%),Total,"Age (Youth, adults): 15-64",2022,80.614,Observed
Niger,Labour force participation rate by sex and age (%),Total,"Age (Youth, adults): 15-24",2022,71.497,Observed
Niger,Labour force participation rate by sex and age (%),Total,"Age (Youth, adults): 25+",2022,83.339,Observed
Niger,Labour force participation rate by sex and age (%),Male,"Age (Youth, adults): 15+",2022,87.318,Observed
Niger,Labour force participation rate by sex and age (%),Male,"Age (Youth, adults): 15-64",2022,88.169,Observed
Niger,Labour force participation rate by sex and age (%),Male,"Age (Youth, adults): 15-24",2022,78.77,Observed
Niger,Labour force participation rate by sex and age (%),Male,"Age (Youth, adults): 25+",2022,91.674,Observed
Niger,Labour force participation rate by sex and age (%),Female,"Age (Youth, adults): 15+",2022,73.365,Observed
Niger,Labour force participation rate by sex and age (%),Female,"Age (Youth, adults): 15-64",2022,74.729,Observed
Niger,Labour force participation rate by sex and age (%),Female,"Age (Youth, adults): 15-24",2022,64.78,Observed
Niger,Labour force participation rate by sex and age (%),Female,"Age (Youth, adults): 25+",2022,76.979,Observed
Niger,Labour force participation rate by sex and age (%),Total,Age (Aggregate bands): 15+,2022,79.612,Observed
Niger,Labour force participation rate by sex and age (%),Total,Age (Aggregate bands): 15-24,2022,71.497,Observed
Niger,Labour force participation rate by sex and age (%),Total,Age (Aggregate bands): 25-54,2022,85.458,Observed
Niger,Labour force participation rate by sex and age (%),Total,Age (Aggregate bands): 55-64,2022,84.012,Observed
Niger,Labour force participation rate by sex and age (%),Total,Age (Aggregate bands): 65+,2022,65.618,Observed
Niger,Labour force participation rate by sex and age (%),Male,Age (Aggregate bands): 15+,2022,87.318,Observed
Niger,Labour force participation rate by sex and age (%),Male,Age (Aggregate bands): 15-24,2022,78.77,Observed
Niger,Labour force participation rate by sex and age (%),Male,Age (Aggregate bands): 25-54,2022,94.378,Observed
Niger,Labour force participation rate by sex and age (%),Male,Age (Aggregate bands): 55-64,2022,90.689,Observed
Niger,Labour force participation rate by sex and age (%),Male,Age (Aggregate bands): 65+,2022,78.422,Observed
Niger,Labour force participation rate by sex and age (%),Female,Age (Aggregate bands): 15+,2022,73.365,Observed
Niger,Labour force participation rate by sex and age (%),Female,Age (Aggregate bands): 15-24,2022,64.78,Observed
Niger,Labour force participation rate by sex and age (%),Female,Age (Aggregate bands): 25-54,2022,79.661,Observed
Niger,Labour force participation rate by sex and age (%),Female,Age (Aggregate bands): 55-64,2022,75.768,Observed
Niger,Labour force participation rate by sex and age (%),Female,Age (Aggregate bands): 65+,2022,47.57,Observed
Niger,Labour force participation rate by sex and age (%),Total,Age (10-year bands): 15+,2022,79.612,Observed
Niger,Labour force participation rate by sex and age (%),Total,Age (10-year bands): 15-24,2022,71.497,Observed
Niger,Labour force participation rate by sex and age (%),Total,Age (10-year bands): 25-34,2022,81.724,Observed
Niger,Labour force participation rate by sex and age (%),Total,Age (10-year bands): 35-44,2022,87.01,Observed
Niger,Labour force participation rate by sex and age (%),Total,Age (10-year bands): 45-54,2022,89.168,Observed
Niger,Labour force participation rate by sex and age (%),Total,Age (10-year bands): 55-64,2022,84.012,Observed
Niger,Labour force participation rate by sex and age (%),Total,Age (10-year bands): 65+,2022,65.618,Observed
Niger,Labour force participation rate by sex and age (%),Male,Age (10-year bands): 15+,2022,87.318,Observed
Niger,Labour force participation rate by sex and age (%),Male,Age (10-year bands): 15-24,2022,78.77,Observed
Niger,Labour force participation rate by sex and age (%),Male,Age (10-year bands): 25-34,2022,92.013,Observed
Niger,Labour force participation rate by sex and age (%),Male,Age (10-year bands): 35-44,2022,94.373,Observed
Niger,Labour force participation rate by sex and age (%),Male,Age (10-year bands): 45-54,2022,96.894,Observed
Niger,Labour force participation rate by sex and age (%),Male,Age (10-year bands): 55-64,2022,90.689,Observed
Niger,Labour force participation rate by sex and age (%),Male,Age (10-year bands): 65+,2022,78.422,Observed
Niger,Labour force participation rate by sex and age (%),Female,Age (10-year bands): 15+,2022,73.365,Observed
Niger,Labour force participation rate by sex and age (%),Female,Age (10-year bands): 15-24,2022,64.78,Observed
Niger,Labour force participation rate by sex and age (%),Female,Age (10-year bands): 25-34,2022,77.13,Observed
Niger,Labour force participation rate by sex and age (%),Female,Age (10-year bands): 35-44,2022,81.383,Observed
Niger,Labour force participation rate by sex and age (%),Female,Age (10-year bands): 45-54,2022,82.241,Observed
Niger,Labour force participation rate by sex and age (%),Female,Age (10-year bands): 55-64,2022,75.768,Observed
Niger,Labour force participation rate by sex and age (%),Female,Age (10-year bands): 65+,2022,47.57,Observed
Niger,Labour force participation rate by sex and age (%),Total,Age (5-year bands): 15+,2022,79.612,Observed
Niger,Labour force participation rate by sex and age (%),Total,Age (5-year bands): 15-19,2022,69.78,Observed
Niger,Labour force participation rate by sex and age (%),Total,Age (5-year bands): 20-24,2022,74.438,Observed
Niger,Labour force participation rate by sex and age (%),Total,Age (5-year bands): 25-29,2022,78.88,Observed
Niger,Labour force participation rate by sex and age (%),Total,Age (5-year bands): 30-34,2022,84.437,Observed
Niger,Labour force participation rate by sex and age (%),Total,Age (5-year bands): 35-39,2022,85.433,Observed
Niger,Labour force participation rate by sex and age (%),Total,Age (5-year bands): 40-44,2022,88.752,Observed
Niger,Labour force participation rate by sex and age (%),Total,Age (5-year bands): 45-49,2022,89.171,Observed
Niger,Labour force participation rate by sex and age (%),Total,Age (5-year bands): 50-54,2022,89.165,Observed
Niger,Labour force participation rate by sex and age (%),Total,Age (5-year bands): 55-59,2022,87.542,Observed
Niger,Labour force participation rate by sex and age (%),Total,Age (5-year bands): 60-64,2022,80.765,Observed
Niger,Labour force participation rate by sex and age (%),Total,Age (5-year bands): 65+,2022,65.618,Observed
Niger,Labour force participation rate by sex and age (%),Male,Age (5-year bands): 15+,2022,87.318,Observed
Niger,Labour force participation rate by sex and age (%),Male,Age (5-year bands): 15-19,2022,77.868,Observed
Niger,Labour force participation rate by sex and age (%),Male,Age (5-year bands): 20-24,2022,80.845,Observed
Niger,Labour force participation rate by sex and age (%),Male,Age (5-year bands): 25-29,2022,89.051,Observed
Niger,Labour force participation rate by sex and age (%),Male,Age (5-year bands): 30-34,2022,94.487,Observed
Niger,Labour force participation rate by sex and age (%),Male,Age (5-year bands): 35-39,2022,92.463,Observed
Niger,Labour force participation rate by sex and age (%),Male,Age (5-year bands): 40-44,2022,96.297,Observed
Niger,Labour force participation rate by sex and age (%),Male,Age (5-year bands): 45-49,2022,96.883,Observed
Niger,Labour force participation rate by sex and age (%),Male,Age (5-year bands): 50-54,2022,96.905,Observed
Niger,Labour force participation rate by sex and age (%),Male,Age (5-year bands): 55-59,2022,94.013,Observed
Niger,Labour force participation rate by sex and age (%),Male,Age (5-year bands): 60-64,2022,87.611,Observed
Niger,Labour force participation rate by sex and age (%),Male,Age (5-year bands): 65+,2022,78.422,Observed
Niger,Labour force participation rate by sex and age (%),Female,Age (5-year bands): 15+,2022,73.365,Observed
Niger,Labour force participation rate by sex and age (%),Female,Age (5-year bands): 15-19,2022,60.655,Observed
Niger,Labour force participation rate by sex and age (%),Female,Age (5-year bands): 20-24,2022,70.264,Observed
Niger,Labour force participation rate by sex and age (%),Female,Age (5-year bands): 25-29,2022,74.772,Observed
Niger,Labour force participation rate by sex and age (%),Female,Age (5-year bands): 30-34,2022,79.517,Observed
Niger,Labour force participation rate by sex and age (%),Female,Age (5-year bands): 35-39,2022,80.463,Observed
Niger,Labour force participation rate by sex and age (%),Female,Age (5-year bands): 40-44,2022,82.474,Observed
Niger,Labour force participation rate by sex and age (%),Female,Age (5-year bands): 45-49,2022,82.162,Observed
Niger,Labour force participation rate by sex and age (%),Female,Age (5-year bands): 50-54,2022,82.317,Observed
Niger,Labour force participation rate by sex and age (%),Female,Age (5-year bands): 55-59,2022,79.489,Observed
Niger,Labour force participation rate by sex and age (%),Female,Age (5-year bands): 60-64,2022,72.375,Observed
Niger,Labour force participation rate by sex and age (%),Female,Age (5-year bands): 65+,2022,47.57,Observed
Nigeria,Labour force participation rate by sex and age (%),Total,"Age (Youth, adults): 15+",2022,81.268,Observed
Nigeria,Labour force participation rate by sex and age (%),Total,"Age (Youth, adults): 15-64",2022,82.188,Observed
Nigeria,Labour force participation rate by sex and age (%),Total,"Age (Youth, adults): 15-24",2022,64.174,Observed
Nigeria,Labour force participation rate by sex and age (%),Total,"Age (Youth, adults): 25+",2022,89.967,Observed
Nigeria,Labour force participation rate by sex and age (%),Male,"Age (Youth, adults): 15+",2022,85.659,Observed
Nigeria,Labour force participation rate by sex and age (%),Male,"Age (Youth, adults): 15-64",2022,86.376,Observed
Nigeria,Labour force participation rate by sex and age (%),Male,"Age (Youth, adults): 15-24",2022,68.348,Observed
Nigeria,Labour force participation rate by sex and age (%),Male,"Age (Youth, adults): 25+",2022,94.755,Observed
Nigeria,Labour force participation rate by sex and age (%),Female,"Age (Youth, adults): 15+",2022,77.038,Observed
Nigeria,Labour force participation rate by sex and age (%),Female,"Age (Youth, adults): 15-64",2022,78.233,Observed
Nigeria,Labour force participation rate by sex and age (%),Female,"Age (Youth, adults): 15-24",2022,59.982,Observed
Nigeria,Labour force participation rate by sex and age (%),Female,"Age (Youth, adults): 25+",2022,85.452,Observed
Nigeria,Labour force participation rate by sex and age (%),Total,Age (Aggregate bands): 15+,2022,81.268,Observed
Nigeria,Labour force participation rate by sex and age (%),Total,Age (Aggregate bands): 15-24,2022,64.174,Observed
Nigeria,Labour force participation rate by sex and age (%),Total,Age (Aggregate bands): 25-54,2022,92.432,Observed
Nigeria,Labour force participation rate by sex and age (%),Total,Age (Aggregate bands): 55-64,2022,91.925,Observed
Nigeria,Labour force participation rate by sex and age (%),Total,Age (Aggregate bands): 65+,2022,68.297,Observed
Nigeria,Labour force participation rate by sex and age (%),Male,Age (Aggregate bands): 15+,2022,85.659,Observed
Nigeria,Labour force participation rate by sex and age (%),Male,Age (Aggregate bands): 15-24,2022,68.348,Observed
Nigeria,Labour force participation rate by sex and age (%),Male,Age (Aggregate bands): 25-54,2022,97.092,Observed
Nigeria,Labour force participation rate by sex and age (%),Male,Age (Aggregate bands): 55-64,2022,97.035,Observed
Nigeria,Labour force participation rate by sex and age (%),Male,Age (Aggregate bands): 65+,2022,76.909,Observed
Nigeria,Labour force participation rate by sex and age (%),Female,Age (Aggregate bands): 15+,2022,77.038,Observed
Nigeria,Labour force participation rate by sex and age (%),Female,Age (Aggregate bands): 15-24,2022,59.982,Observed
Nigeria,Labour force participation rate by sex and age (%),Female,Age (Aggregate bands): 25-54,2022,88.363,Observed
Nigeria,Labour force participation rate by sex and age (%),Female,Age (Aggregate bands): 55-64,2022,85.488,Observed
Nigeria,Labour force participation rate by sex and age (%),Female,Age (Aggregate bands): 65+,2022,57.298,Observed
Nigeria,Labour force participation rate by sex and age (%),Total,Age (10-year bands): 15+,2022,81.268,Observed
Nigeria,Labour force participation rate by sex and age (%),Total,Age (10-year bands): 15-24,2022,64.174,Observed
Nigeria,Labour force participation rate by sex and age (%),Total,Age (10-year bands): 25-34,2022,89.726,Observed
Nigeria,Labour force participation rate by sex and age (%),Total,Age (10-year bands): 35-44,2022,94.454,Observed
Nigeria,Labour force participation rate by sex and age (%),Total,Age (10-year bands): 45-54,2022,94.445,Observed
Nigeria,Labour force participation rate by sex and age (%),Total,Age (10-year bands): 55-64,2022,91.925,Observed
Nigeria,Labour force participation rate by sex and age (%),Total,Age (10-year bands): 65+,2022,68.297,Observed
Nigeria,Labour force participation rate by sex and age (%),Male,Age (10-year bands): 15+,2022,85.659,Observed
Nigeria,Labour force participation rate by sex and age (%),Male,Age (10-year bands): 15-24,2022,68.348,Observed
Nigeria,Labour force participation rate by sex and age (%),Male,Age (10-year bands): 25-34,2022,94.552,Observed
Nigeria,Labour force participation rate by sex and age (%),Male,Age (10-year bands): 35-44,2022,98.84,Observed
Nigeria,Labour force participation rate by sex and age (%),Male,Age (10-year bands): 45-54,2022,98.546,Observed
Nigeria,Labour force participation rate by sex and age (%),Male,Age (10-year bands): 55-64,2022,97.035,Observed
Nigeria,Labour force participation rate by sex and age (%),Male,Age (10-year bands): 65+,2022,76.909,Observed
Nigeria,Labour force participation rate by sex and age (%),Female,Age (10-year bands): 15+,2022,77.038,Observed
Nigeria,Labour force participation rate by sex and age (%),Female,Age (10-year bands): 15-24,2022,59.982,Observed
Nigeria,Labour force participation rate by sex and age (%),Female,Age (10-year bands): 25-34,2022,86.134,Observed
Nigeria,Labour force participation rate by sex and age (%),Female,Age (10-year bands): 35-44,2022,90.153,Observed
Nigeria,Labour force participation rate by sex and age (%),Female,Age (10-year bands): 45-54,2022,90.402,Observed
Nigeria,Labour force participation rate by sex and age (%),Female,Age (10-year bands): 55-64,2022,85.488,Observed
Nigeria,Labour force participation rate by sex and age (%),Female,Age (10-year bands): 65+,2022,57.298,Observed
Nigeria,Labour force participation rate by sex and age (%),Total,Age (5-year bands): 15+,2022,81.268,Observed
Nigeria,Labour force participation rate by sex and age (%),Total,Age (5-year bands): 15-19,2022,55.256,Observed
Nigeria,Labour force participation rate by sex and age (%),Total,Age (5-year bands): 20-24,2022,76.097,Observed
Nigeria,Labour force participation rate by sex and age (%),Total,Age (5-year bands): 25-29,2022,86.939,Observed
Nigeria,Labour force participation rate by sex and age (%),Total,Age (5-year bands): 30-34,2022,93.059,Observed
Nigeria,Labour force participation rate by sex and age (%),Total,Age (5-year bands): 35-39,2022,94.263,Observed
Nigeria,Labour force participation rate by sex and age (%),Total,Age (5-year bands): 40-44,2022,94.694,Observed
Nigeria,Labour force participation rate by sex and age (%),Total,Age (5-year bands): 45-49,2022,94.427,Observed
Nigeria,Labour force participation rate by sex and age (%),Total,Age (5-year bands): 50-54,2022,94.467,Observed
Nigeria,Labour force participation rate by sex and age (%),Total,Age (5-year bands): 55-59,2022,93.756,Observed
Nigeria,Labour force participation rate by sex and age (%),Total,Age (5-year bands): 60-64,2022,89.742,Observed
Nigeria,Labour force participation rate by sex and age (%),Total,Age (5-year bands): 65+,2022,68.297,Observed
Nigeria,Labour force participation rate by sex and age (%),Male,Age (5-year bands): 15+,2022,85.659,Observed
Nigeria,Labour force participation rate by sex and age (%),Male,Age (5-year bands): 15-19,2022,59.135,Observed
Nigeria,Labour force participation rate by sex and age (%),Male,Age (5-year bands): 20-24,2022,81.637,Observed
Nigeria,Labour force participation rate by sex and age (%),Male,Age (5-year bands): 25-29,2022,91.991,Observed
Nigeria,Labour force participation rate by sex and age (%),Male,Age (5-year bands): 30-34,2022,97.331,Observed
Nigeria,Labour force participation rate by sex and age (%),Male,Age (5-year bands): 35-39,2022,98.65,Observed
Nigeria,Labour force participation rate by sex and age (%),Male,Age (5-year bands): 40-44,2022,99.062,Observed
Nigeria,Labour force participation rate by sex and age (%),Male,Age (5-year bands): 45-49,2022,98.512,Observed
Nigeria,Labour force participation rate by sex and age (%),Male,Age (5-year bands): 50-54,2022,98.587,Observed
Nigeria,Labour force participation rate by sex and age (%),Male,Age (5-year bands): 55-59,2022,97.419,Observed
Nigeria,Labour force participation rate by sex and age (%),Male,Age (5-year bands): 60-64,2022,96.542,Observed
Nigeria,Labour force participation rate by sex and age (%),Male,Age (5-year bands): 65+,2022,76.909,Observed
Nigeria,Labour force participation rate by sex and age (%),Female,Age (5-year bands): 15+,2022,77.038,Observed
Nigeria,Labour force participation rate by sex and age (%),Female,Age (5-year bands): 15-19,2022,51.1,Observed
Nigeria,Labour force participation rate by sex and age (%),Female,Age (5-year bands): 20-24,2022,70.996,Observed
Nigeria,Labour force participation rate by sex and age (%),Female,Age (5-year bands): 25-29,2022,83.459,Observed
Nigeria,Labour force participation rate by sex and age (%),Female,Age (5-year bands): 30-34,2022,89.573,Observed
Nigeria,Labour force participation rate by sex and age (%),Female,Age (5-year bands): 35-39,2022,90.226,Observed
Nigeria,Labour force participation rate by sex and age (%),Female,Age (5-year bands): 40-44,2022,90.055,Observed
Nigeria,Labour force participation rate by sex and age (%),Female,Age (5-year bands): 45-49,2022,90.425,Observed
Nigeria,Labour force participation rate by sex and age (%),Female,Age (5-year bands): 50-54,2022,90.374,Observed
Nigeria,Labour force participation rate by sex and age (%),Female,Age (5-year bands): 55-59,2022,88.77,Observed
Nigeria,Labour force participation rate by sex and age (%),Female,Age (5-year bands): 60-64,2022,81.926,Observed
Nigeria,Labour force participation rate by sex and age (%),Female,Age (5-year bands): 65+,2022,57.298,Observed
Rwanda,Labour force participation rate by sex and age (%),Total,"Age (Youth, adults): 15+",2022,60.164,Observed
Rwanda,Labour force participation rate by sex and age (%),Total,"Age (Youth, adults): 15-64",2022,62.916,Observed
Rwanda,Labour force participation rate by sex and age (%),Total,"Age (Youth, adults): 15-24",2022,39.892,Observed
Rwanda,Labour force participation rate by sex and age (%),Total,"Age (Youth, adults): 25+",2022,70.601,Observed
Rwanda,Labour force participation rate by sex and age (%),Male,"Age (Youth, adults): 15+",2022,66.214,Observed
Rwanda,Labour force participation rate by sex and age (%),Male,"Age (Youth, adults): 15-64",2022,68.629,Observed
Rwanda,Labour force participation rate by sex and age (%),Male,"Age (Youth, adults): 15-24",2022,42.482,Observed
Rwanda,Labour force participation rate by sex and age (%),Male,"Age (Youth, adults): 25+",2022,79.447,Observed
Rwanda,Labour force participation rate by sex and age (%),Female,"Age (Youth, adults): 15+",2022,54.756,Observed
Rwanda,Labour force participation rate by sex and age (%),Female,"Age (Youth, adults): 15-64",2022,57.708,Observed
Rwanda,Labour force participation rate by sex and age (%),Female,"Age (Youth, adults): 15-24",2022,37.332,Observed
Rwanda,Labour force participation rate by sex and age (%),Female,"Age (Youth, adults): 25+",2022,63.095,Observed
Rwanda,Labour force participation rate by sex and age (%),Total,Age (Aggregate bands): 15+,2022,60.164,Observed
Rwanda,Labour force participation rate by sex and age (%),Total,Age (Aggregate bands): 15-24,2022,39.892,Observed
Rwanda,Labour force participation rate by sex and age (%),Total,Age (Aggregate bands): 25-54,2022,79.291,Observed
Rwanda,Labour force participation rate by sex and age (%),Total,Age (Aggregate bands): 55-64,2022,57.314,Observed
Rwanda,Labour force participation rate by sex and age (%),Total,Age (Aggregate bands): 65+,2022,25.047,Observed
Rwanda,Labour force participation rate by sex and age (%),Male,Age (Aggregate bands): 15+,2022,66.214,Observed
Rwanda,Labour force participation rate by sex and age (%),Male,Age (Aggregate bands): 15-24,2022,42.482,Observed
Rwanda,Labour force participation rate by sex and age (%),Male,Age (Aggregate bands): 25-54,2022,87.692,Observed
Rwanda,Labour force participation rate by sex and age (%),Male,Age (Aggregate bands): 55-64,2022,66.841,Observed
Rwanda,Labour force participation rate by sex and age (%),Male,Age (Aggregate bands): 65+,2022,30.278,Observed
Rwanda,Labour force participation rate by sex and age (%),Female,Age (Aggregate bands): 15+,2022,54.756,Observed
Rwanda,Labour force participation rate by sex and age (%),Female,Age (Aggregate bands): 15-24,2022,37.332,Observed
Rwanda,Labour force participation rate by sex and age (%),Female,Age (Aggregate bands): 25-54,2022,71.983,Observed
Rwanda,Labour force participation rate by sex and age (%),Female,Age (Aggregate bands): 55-64,2022,49.022,Observed
Rwanda,Labour force participation rate by sex and age (%),Female,Age (Aggregate bands): 65+,2022,21.428,Observed
Rwanda,Labour force participation rate by sex and age (%),Total,Age (10-year bands): 15+,2022,60.164,Observed
Rwanda,Labour force participation rate by sex and age (%),Total,Age (10-year bands): 15-24,2022,39.892,Observed
Rwanda,Labour force participation rate by sex and age (%),Total,Age (10-year bands): 25-34,2022,79.904,Observed
Rwanda,Labour force participation rate by sex and age (%),Total,Age (10-year bands): 35-44,2022,81.212,Observed
Rwanda,Labour force participation rate by sex and age (%),Total,Age (10-year bands): 45-54,2022,74.884,Observed
Rwanda,Labour force participation rate by sex and age (%),Total,Age (10-year bands): 55-64,2022,57.314,Observed
Rwanda,Labour force participation rate by sex and age (%),Total,Age (10-year bands): 65+,2022,25.047,Observed
Rwanda,Labour force participation rate by sex and age (%),Male,Age (10-year bands): 15+,2022,66.214,Observed
Rwanda,Labour force participation rate by sex and age (%),Male,Age (10-year bands): 15-24,2022,42.482,Observed
Rwanda,Labour force participation rate by sex and age (%),Male,Age (10-year bands): 25-34,2022,87.968,Observed
Rwanda,Labour force participation rate by sex and age (%),Male,Age (10-year bands): 35-44,2022,89.781,Observed
Rwanda,Labour force participation rate by sex and age (%),Male,Age (10-year bands): 45-54,2022,83.393,Observed
Rwanda,Labour force participation rate by sex and age (%),Male,Age (10-year bands): 55-64,2022,66.841,Observed
Rwanda,Labour force participation rate by sex and age (%),Male,Age (10-year bands): 65+,2022,30.278,Observed
Rwanda,Labour force participation rate by sex and age (%),Female,Age (10-year bands): 15+,2022,54.756,Observed
Rwanda,Labour force participation rate by sex and age (%),Female,Age (10-year bands): 15-24,2022,37.332,Observed
Rwanda,Labour force participation rate by sex and age (%),Female,Age (10-year bands): 25-34,2022,72.582,Observed
Rwanda,Labour force participation rate by sex and age (%),Female,Age (10-year bands): 35-44,2022,73.681,Observed
Rwanda,Labour force participation rate by sex and age (%),Female,Age (10-year bands): 45-54,2022,68.192,Observed
Rwanda,Labour force participation rate by sex and age (%),Female,Age (10-year bands): 55-64,2022,49.022,Observed
Rwanda,Labour force participation rate by sex and age (%),Female,Age (10-year bands): 65+,2022,21.428,Observed
Rwanda,Labour force participation rate by sex and age (%),Total,Age (5-year bands): 15+,2022,60.164,Observed
Rwanda,Labour force participation rate by sex and age (%),Total,Age (5-year bands): 15-19,2022,24.763,Observed
Rwanda,Labour force participation rate by sex and age (%),Total,Age (5-year bands): 20-24,2022,61.602,Observed
Rwanda,Labour force participation rate by sex and age (%),Total,Age (5-year bands): 25-29,2022,78.005,Observed
Rwanda,Labour force participation rate by sex and age (%),Total,Age (5-year bands): 30-34,2022,81.882,Observed
Rwanda,Labour force participation rate by sex and age (%),Total,Age (5-year bands): 35-39,2022,82.362,Observed
Rwanda,Labour force participation rate by sex and age (%),Total,Age (5-year bands): 40-44,2022,79.878,Observed
Rwanda,Labour force participation rate by sex and age (%),Total,Age (5-year bands): 45-49,2022,78.286,Observed
Rwanda,Labour force participation rate by sex and age (%),Total,Age (5-year bands): 50-54,2022,70.911,Observed
Rwanda,Labour force participation rate by sex and age (%),Total,Age (5-year bands): 55-59,2022,63.034,Observed
Rwanda,Labour force participation rate by sex and age (%),Total,Age (5-year bands): 60-64,2022,51.434,Observed
Rwanda,Labour force participation rate by sex and age (%),Total,Age (5-year bands): 65+,2022,25.047,Observed
Rwanda,Labour force participation rate by sex and age (%),Male,Age (5-year bands): 15+,2022,66.214,Observed
Rwanda,Labour force participation rate by sex and age (%),Male,Age (5-year bands): 15-19,2022,26.333,Observed
Rwanda,Labour force participation rate by sex and age (%),Male,Age (5-year bands): 20-24,2022,65.294,Observed
Rwanda,Labour force participation rate by sex and age (%),Male,Age (5-year bands): 25-29,2022,85.191,Observed
Rwanda,Labour force participation rate by sex and age (%),Male,Age (5-year bands): 30-34,2022,90.683,Observed
Rwanda,Labour force participation rate by sex and age (%),Male,Age (5-year bands): 35-39,2022,90.472,Observed
Rwanda,Labour force participation rate by sex and age (%),Male,Age (5-year bands): 40-44,2022,88.962,Observed
Rwanda,Labour force participation rate by sex and age (%),Male,Age (5-year bands): 45-49,2022,86.046,Observed
Rwanda,Labour force participation rate by sex and age (%),Male,Age (5-year bands): 50-54,2022,80.279,Observed
Rwanda,Labour force participation rate by sex and age (%),Male,Age (5-year bands): 55-59,2022,73.628,Observed
Rwanda,Labour force participation rate by sex and age (%),Male,Age (5-year bands): 60-64,2022,59.476,Observed
Rwanda,Labour force participation rate by sex and age (%),Male,Age (5-year bands): 65+,2022,30.278,Observed
Rwanda,Labour force participation rate by sex and age (%),Female,Age (5-year bands): 15+,2022,54.756,Observed
Rwanda,Labour force participation rate by sex and age (%),Female,Age (5-year bands): 15-19,2022,23.231,Observed
Rwanda,Labour force participation rate by sex and age (%),Female,Age (5-year bands): 20-24,2022,57.883,Observed
Rwanda,Labour force participation rate by sex and age (%),Female,Age (5-year bands): 25-29,2022,71.856,Observed
Rwanda,Labour force participation rate by sex and age (%),Female,Age (5-year bands): 30-34,2022,73.382,Observed
Rwanda,Labour force participation rate by sex and age (%),Female,Age (5-year bands): 35-39,2022,75.092,Observed
Rwanda,Labour force participation rate by sex and age (%),Female,Age (5-year bands): 40-44,2022,72.078,Observed
Rwanda,Labour force participation rate by sex and age (%),Female,Age (5-year bands): 45-49,2022,72.158,Observed
Rwanda,Labour force participation rate by sex and age (%),Female,Age (5-year bands): 50-54,2022,63.575,Observed
Rwanda,Labour force participation rate by sex and age (%),Female,Age (5-year bands): 55-59,2022,53.342,Observed
Rwanda,Labour force participation rate by sex and age (%),Female,Age (5-year bands): 60-64,2022,44.785,Observed
Rwanda,Labour force participation rate by sex and age (%),Female,Age (5-year bands): 65+,2022,21.428,Observed
Senegal,Labour force participation rate by sex and age (%),Total,"Age (Youth, adults): 15+",2022,46.176,Observed
Senegal,Labour force participation rate by sex and age (%),Total,"Age (Youth, adults): 15-64",2022,47.623,Observed
Senegal,Labour force participation rate by sex and age (%),Total,"Age (Youth, adults): 15-24",2022,26.843,Observed
Senegal,Labour force participation rate by sex and age (%),Total,"Age (Youth, adults): 25+",2022,55.673,Observed
Senegal,Labour force participation rate by sex and age (%),Male,"Age (Youth, adults): 15+",2022,60.274,Observed
Senegal,Labour force participation rate by sex and age (%),Male,"Age (Youth, adults): 15-64",2022,62.029,Observed
Senegal,Labour force participation rate by sex and age (%),Male,"Age (Youth, adults): 15-24",2022,37.066,Observed
Senegal,Labour force participation rate by sex and age (%),Male,"Age (Youth, adults): 25+",2022,72.392,Observed
Senegal,Labour force participation rate by sex and age (%),Female,"Age (Youth, adults): 15+",2022,32.611,Observed
Senegal,Labour force participation rate by sex and age (%),Female,"Age (Youth, adults): 15-64",2022,33.718,Observed
Senegal,Labour force participation rate by sex and age (%),Female,"Age (Youth, adults): 15-24",2022,16.176,Observed
Senegal,Labour force participation rate by sex and age (%),Female,"Age (Youth, adults): 25+",2022,40.215,Observed
Senegal,Labour force participation rate by sex and age (%),Total,Age (Aggregate bands): 15+,2022,46.176,Observed
Senegal,Labour force participation rate by sex and age (%),Total,Age (Aggregate bands): 15-24,2022,26.843,Observed
Senegal,Labour force participation rate by sex and age (%),Total,Age (Aggregate bands): 25-54,2022,59.476,Observed
Senegal,Labour force participation rate by sex and age (%),Total,Age (Aggregate bands): 55-64,2022,54.555,Observed
Senegal,Labour force participation rate by sex and age (%),Total,Age (Aggregate bands): 65+,2022,24.459,Observed
Senegal,Labour force participation rate by sex and age (%),Male,Age (Aggregate bands): 15+,2022,60.274,Observed
Senegal,Labour force participation rate by sex and age (%),Male,Age (Aggregate bands): 15-24,2022,37.066,Observed
Senegal,Labour force participation rate by sex and age (%),Male,Age (Aggregate bands): 25-54,2022,77.29,Observed
Senegal,Labour force participation rate by sex and age (%),Male,Age (Aggregate bands): 55-64,2022,69.822,Observed
Senegal,Labour force participation rate by sex and age (%),Male,Age (Aggregate bands): 65+,2022,33.244,Observed
Senegal,Labour force participation rate by sex and age (%),Female,Age (Aggregate bands): 15+,2022,32.611,Observed
Senegal,Labour force participation rate by sex and age (%),Female,Age (Aggregate bands): 15-24,2022,16.176,Observed
Senegal,Labour force participation rate by sex and age (%),Female,Age (Aggregate bands): 25-54,2022,42.928,Observed
Senegal,Labour force participation rate by sex and age (%),Female,Age (Aggregate bands): 55-64,2022,40.838,Observed
Senegal,Labour force participation rate by sex and age (%),Female,Age (Aggregate bands): 65+,2022,16.394,Observed
Senegal,Labour force participation rate by sex and age (%),Total,Age (10-year bands): 15+,2022,46.176,Observed
Senegal,Labour force participation rate by sex and age (%),Total,Age (10-year bands): 15-24,2022,26.843,Observed
Senegal,Labour force participation rate by sex and age (%),Total,Age (10-year bands): 25-34,2022,54.223,Observed
Senegal,Labour force participation rate by sex and age (%),Total,Age (10-year bands): 35-44,2022,63.798,Observed
Senegal,Labour force participation rate by sex and age (%),Total,Age (10-year bands): 45-54,2022,64.325,Observed
Senegal,Labour force participation rate by sex and age (%),Total,Age (10-year bands): 55-64,2022,54.555,Observed
Senegal,Labour force participation rate by sex and age (%),Total,Age (10-year bands): 65+,2022,24.459,Observed
Senegal,Labour force participation rate by sex and age (%),Male,Age (10-year bands): 15+,2022,60.274,Observed
Senegal,Labour force participation rate by sex and age (%),Male,Age (10-year bands): 15-24,2022,37.066,Observed
Senegal,Labour force participation rate by sex and age (%),Male,Age (10-year bands): 25-34,2022,72.154,Observed
Senegal,Labour force participation rate by sex and age (%),Male,Age (10-year bands): 35-44,2022,82.404,Observed
Senegal,Labour force participation rate by sex and age (%),Male,Age (10-year bands): 45-54,2022,80.949,Observed
Senegal,Labour force participation rate by sex and age (%),Male,Age (10-year bands): 55-64,2022,69.822,Observed
Senegal,Labour force participation rate by sex and age (%),Male,Age (10-year bands): 65+,2022,33.244,Observed
Senegal,Labour force participation rate by sex and age (%),Female,Age (10-year bands): 15+,2022,32.611,Observed
Senegal,Labour force participation rate by sex and age (%),Female,Age (10-year bands): 15-24,2022,16.176,Observed
Senegal,Labour force participation rate by sex and age (%),Female,Age (10-year bands): 25-34,2022,37.106,Observed
Senegal,Labour force participation rate by sex and age (%),Female,Age (10-year bands): 35-44,2022,46.756,Observed
Senegal,Labour force participation rate by sex and age (%),Female,Age (10-year bands): 45-54,2022,49.458,Observed
Senegal,Labour force participation rate by sex and age (%),Female,Age (10-year bands): 55-64,2022,40.838,Observed
Senegal,Labour force participation rate by sex and age (%),Female,Age (10-year bands): 65+,2022,16.394,Observed
Senegal,Labour force participation rate by sex and age (%),Total,Age (5-year bands): 15+,2022,46.176,Observed
Senegal,Labour force participation rate by sex and age (%),Total,Age (5-year bands): 15-19,2022,18.763,Observed
Senegal,Labour force participation rate by sex and age (%),Total,Age (5-year bands): 20-24,2022,36.106,Observed
Senegal,Labour force participation rate by sex and age (%),Total,Age (5-year bands): 25-29,2022,50.078,Observed
Senegal,Labour force participation rate by sex and age (%),Total,Age (5-year bands): 30-34,2022,59.061,Observed
Senegal,Labour force participation rate by sex and age (%),Total,Age (5-year bands): 35-39,2022,63.313,Observed
Senegal,Labour force participation rate by sex and age (%),Total,Age (5-year bands): 40-44,2022,64.393,Observed
Senegal,Labour force participation rate by sex and age (%),Total,Age (5-year bands): 45-49,2022,65.329,Observed
Senegal,Labour force participation rate by sex and age (%),Total,Age (5-year bands): 50-54,2022,63.035,Observed
Senegal,Labour force participation rate by sex and age (%),Total,Age (5-year bands): 55-59,2022,60.564,Observed
Senegal,Labour force participation rate by sex and age (%),Total,Age (5-year bands): 60-64,2022,47.245,Observed
Senegal,Labour force participation rate by sex and age (%),Total,Age (5-year bands): 65+,2022,24.459,Observed
Senegal,Labour force participation rate by sex and age (%),Male,Age (5-year bands): 15+,2022,60.274,Observed
Senegal,Labour force participation rate by sex and age (%),Male,Age (5-year bands): 15-19,2022,26.522,Observed
Senegal,Labour force participation rate by sex and age (%),Male,Age (5-year bands): 20-24,2022,49.238,Observed
Senegal,Labour force participation rate by sex and age (%),Male,Age (5-year bands): 25-29,2022,66.91,Observed
Senegal,Labour force participation rate by sex and age (%),Male,Age (5-year bands): 30-34,2022,78.514,Observed
Senegal,Labour force participation rate by sex and age (%),Male,Age (5-year bands): 35-39,2022,81.719,Observed
Senegal,Labour force participation rate by sex and age (%),Male,Age (5-year bands): 40-44,2022,83.238,Observed
Senegal,Labour force participation rate by sex and age (%),Male,Age (5-year bands): 45-49,2022,82.047,Observed
Senegal,Labour force participation rate by sex and age (%),Male,Age (5-year bands): 50-54,2022,79.51,Observed
Senegal,Labour force participation rate by sex and age (%),Male,Age (5-year bands): 55-59,2022,76.53,Observed
Senegal,Labour force participation rate by sex and age (%),Male,Age (5-year bands): 60-64,2022,61.828,Observed
Senegal,Labour force participation rate by sex and age (%),Male,Age (5-year bands): 65+,2022,33.244,Observed
Senegal,Labour force participation rate by sex and age (%),Female,Age (5-year bands): 15+,2022,32.611,Observed
Senegal,Labour force participation rate by sex and age (%),Female,Age (5-year bands): 15-19,2022,10.612,Observed
Senegal,Labour force participation rate by sex and age (%),Female,Age (5-year bands): 20-24,2022,22.508,Observed
Senegal,Labour force participation rate by sex and age (%),Female,Age (5-year bands): 25-29,2022,33.446,Observed
Senegal,Labour force participation rate by sex and age (%),Female,Age (5-year bands): 30-34,2022,41.224,Observed
Senegal,Labour force participation rate by sex and age (%),Female,Age (5-year bands): 35-39,2022,46.593,Observed
Senegal,Labour force participation rate by sex and age (%),Female,Age (5-year bands): 40-44,2022,46.958,Observed
Senegal,Labour force participation rate by sex and age (%),Female,Age (5-year bands): 45-49,2022,50.126,Observed
Senegal,Labour force participation rate by sex and age (%),Female,Age (5-year bands): 50-54,2022,48.614,Observed
Senegal,Labour force participation rate by sex and age (%),Female,Age (5-year bands): 55-59,2022,46.47,Observed
Senegal,Labour force participation rate by sex and age (%),Female,Age (5-year bands): 60-64,2022,33.858,Observed
Senegal,Labour force participation rate by sex and age (%),Female,Age (5-year bands): 65+,2022,16.394,Observed
Somalia,Labour force participation rate by sex and age (%),Total,"Age (Youth, adults): 15+",2022,31.469,Observed
Somalia,Labour force participation rate by sex and age (%),Total,"Age (Youth, adults): 15-64",2022,31.469,Observed
Somalia,Labour force participation rate by sex and age (%),Total,"Age (Youth, adults): 15-24",2022,15.264,Observed
Somalia,Labour force participation rate by sex and age (%),Total,"Age (Youth, adults): 25+",2022,43.162,Observed
Somalia,Labour force participation rate by sex and age (%),Male,"Age (Youth, adults): 15+",2022,45.042,Observed
Somalia,Labour force participation rate by sex and age (%),Male,"Age (Youth, adults): 15-64",2022,45.042,Observed
Somalia,Labour force participation rate by sex and age (%),Male,"Age (Youth, adults): 15-24",2022,20.208,Observed
Somalia,Labour force participation rate by sex and age (%),Male,"Age (Youth, adults): 25+",2022,62.608,Observed
Somalia,Labour force participation rate by sex and age (%),Female,"Age (Youth, adults): 15+",2022,19.984,Observed
Somalia,Labour force participation rate by sex and age (%),Female,"Age (Youth, adults): 15-64",2022,19.984,Observed
Somalia,Labour force participation rate by sex and age (%),Female,"Age (Youth, adults): 15-24",2022,11.168,Observed
Somalia,Labour force participation rate by sex and age (%),Female,"Age (Youth, adults): 25+",2022,26.452,Observed
Somalia,Labour force participation rate by sex and age (%),Total,Age (Aggregate bands): 15+,2022,31.469,Observed
Somalia,Labour force participation rate by sex and age (%),Total,Age (Aggregate bands): 15-24,2022,15.264,Observed
Somalia,Labour force participation rate by sex and age (%),Total,Age (Aggregate bands): 25-54,2022,43.889,Observed
Somalia,Labour force participation rate by sex and age (%),Total,Age (Aggregate bands): 55-64,2022,36.719,Observed
Somalia,Labour force participation rate by sex and age (%),Male,Age (Aggregate bands): 15+,2022,45.042,Observed
Somalia,Labour force participation rate by sex and age (%),Male,Age (Aggregate bands): 15-24,2022,20.208,Observed
Somalia,Labour force participation rate by sex and age (%),Male,Age (Aggregate bands): 25-54,2022,64.069,Observed
Somalia,Labour force participation rate by sex and age (%),Male,Age (Aggregate bands): 55-64,2022,51.284,Observed
Somalia,Labour force participation rate by sex and age (%),Female,Age (Aggregate bands): 15+,2022,19.984,Observed
Somalia,Labour force participation rate by sex and age (%),Female,Age (Aggregate bands): 15-24,2022,11.168,Observed
Somalia,Labour force participation rate by sex and age (%),Female,Age (Aggregate bands): 25-54,2022,27.003,Observed
Somalia,Labour force participation rate by sex and age (%),Female,Age (Aggregate bands): 55-64,2022,20.912,Observed
Somalia,Labour force participation rate by sex and age (%),Total,Age (10-year bands): 15+,2022,31.469,Observed
Somalia,Labour force participation rate by sex and age (%),Total,Age (10-year bands): 15-24,2022,15.264,Observed
Somalia,Labour force participation rate by sex and age (%),Total,Age (10-year bands): 25-34,2022,39.151,Observed
Somalia,Labour force participation rate by sex and age (%),Total,Age (10-year bands): 35-44,2022,48.068,Observed
Somalia,Labour force participation rate by sex and age (%),Total,Age (10-year bands): 45-54,2022,47.879,Observed
Somalia,Labour force participation rate by sex and age (%),Total,Age (10-year bands): 55-64,2022,36.719,Observed
Somalia,Labour force participation rate by sex and age (%),Male,Age (10-year bands): 15+,2022,45.042,Observed
Somalia,Labour force participation rate by sex and age (%),Male,Age (10-year bands): 15-24,2022,20.208,Observed
Somalia,Labour force participation rate by sex and age (%),Male,Age (10-year bands): 25-34,2022,62.254,Observed
Somalia,Labour force participation rate by sex and age (%),Male,Age (10-year bands): 35-44,2022,67.809,Observed
Somalia,Labour force participation rate by sex and age (%),Male,Age (10-year bands): 45-54,2022,61.461,Observed
Somalia,Labour force participation rate by sex and age (%),Male,Age (10-year bands): 55-64,2022,51.284,Observed
Somalia,Labour force participation rate by sex and age (%),Female,Age (10-year bands): 15+,2022,19.984,Observed
Somalia,Labour force participation rate by sex and age (%),Female,Age (10-year bands): 15-24,2022,11.168,Observed
Somalia,Labour force participation rate by sex and age (%),Female,Age (10-year bands): 25-34,2022,22.191,Observed
Somalia,Labour force participation rate by sex and age (%),Female,Age (10-year bands): 35-44,2022,30.585,Observed
Somalia,Labour force participation rate by sex and age (%),Female,Age (10-year bands): 45-54,2022,33.802,Observed
Somalia,Labour force participation rate by sex and age (%),Female,Age (10-year bands): 55-64,2022,20.912,Observed
Somalia,Labour force participation rate by sex and age (%),Total,Age (5-year bands): 15+,2022,31.469,Observed
Somalia,Labour force participation rate by sex and age (%),Total,Age (5-year bands): 15-19,2022,10.627,Observed
Somalia,Labour force participation rate by sex and age (%),Total,Age (5-year bands): 20-24,2022,22.163,Observed
Somalia,Labour force participation rate by sex and age (%),Total,Age (5-year bands): 25-29,2022,34.199,Observed
Somalia,Labour force participation rate by sex and age (%),Total,Age (5-year bands): 30-34,2022,44.535,Observed
Somalia,Labour force participation rate by sex and age (%),Total,Age (5-year bands): 35-39,2022,46.558,Observed
Somalia,Labour force participation rate by sex and age (%),Total,Age (5-year bands): 40-44,2022,49.858,Observed
Somalia,Labour force participation rate by sex and age (%),Total,Age (5-year bands): 45-49,2022,49.664,Observed
Somalia,Labour force participation rate by sex and age (%),Total,Age (5-year bands): 50-54,2022,46.231,Observed
Somalia,Labour force participation rate by sex and age (%),Total,Age (5-year bands): 55-59,2022,42.254,Observed
Somalia,Labour force participation rate by sex and age (%),Total,Age (5-year bands): 60-64,2022,32.575,Observed
Somalia,Labour force participation rate by sex and age (%),Male,Age (5-year bands): 15+,2022,45.042,Observed
Somalia,Labour force participation rate by sex and age (%),Male,Age (5-year bands): 15-19,2022,13.42,Observed
Somalia,Labour force participation rate by sex and age (%),Male,Age (5-year bands): 20-24,2022,31.387,Observed
Somalia,Labour force participation rate by sex and age (%),Male,Age (5-year bands): 25-29,2022,55.92,Observed
Somalia,Labour force participation rate by sex and age (%),Male,Age (5-year bands): 30-34,2022,68.599,Observed
Somalia,Labour force participation rate by sex and age (%),Male,Age (5-year bands): 35-39,2022,69.891,Observed
Somalia,Labour force participation rate by sex and age (%),Male,Age (5-year bands): 40-44,2022,65.726,Observed
Somalia,Labour force participation rate by sex and age (%),Male,Age (5-year bands): 45-49,2022,64.758,Observed
Somalia,Labour force participation rate by sex and age (%),Male,Age (5-year bands): 50-54,2022,58.775,Observed
Somalia,Labour force participation rate by sex and age (%),Male,Age (5-year bands): 55-59,2022,55.504,Observed
Somalia,Labour force participation rate by sex and age (%),Male,Age (5-year bands): 60-64,2022,47.479,Observed
Somalia,Labour force participation rate by sex and age (%),Female,Age (5-year bands): 15+,2022,19.984,Observed
Somalia,Labour force participation rate by sex and age (%),Female,Age (5-year bands): 15-19,2022,8.136,Observed
Somalia,Labour force participation rate by sex and age (%),Female,Age (5-year bands): 20-24,2022,15.321,Observed
Somalia,Labour force participation rate by sex and age (%),Female,Age (5-year bands): 25-29,2022,19.312,Observed
Somalia,Labour force participation rate by sex and age (%),Female,Age (5-year bands): 30-34,2022,25.515,Observed
Somalia,Labour force participation rate by sex and age (%),Female,Age (5-year bands): 35-39,2022,28.746,Observed
Somalia,Labour force participation rate by sex and age (%),Female,Age (5-year bands): 40-44,2022,33.126,Observed
Somalia,Labour force participation rate by sex and age (%),Female,Age (5-year bands): 45-49,2022,35.955,Observed
Somalia,Labour force participation rate by sex and age (%),Female,Age (5-year bands): 50-54,2022,31.54,Observed
Somalia,Labour force participation rate by sex and age (%),Female,Age (5-year bands): 55-59,2022,24.232,Observed
Somalia,Labour force participation rate by sex and age (%),Female,Age (5-year bands): 60-64,2022,18.892,Observed
Chad,Labour force participation rate by sex and age (%),Total,"Age (Youth, adults): 15+",2022,52.782,Observed
Chad,Labour force participation rate by sex and age (%),Total,"Age (Youth, adults): 15-64",2022,52.803,Observed
Chad,Labour force participation rate by sex and age (%),Total,"Age (Youth, adults): 15-24",2022,26.018,Observed
Chad,Labour force participation rate by sex and age (%),Total,"Age (Youth, adults): 25+",2022,66.18,Observed
Chad,Labour force participation rate by sex and age (%),Male,"Age (Youth, adults): 15+",2022,65.624,Observed
Chad,Labour force participation rate by sex and age (%),Male,"Age (Youth, adults): 15-64",2022,65.453,Observed
Chad,Labour force participation rate by sex and age (%),Male,"Age (Youth, adults): 15-24",2022,28.928,Observed
Chad,Labour force participation rate by sex and age (%),Male,"Age (Youth, adults): 25+",2022,85.797,Observed
Chad,Labour force participation rate by sex and age (%),Female,"Age (Youth, adults): 15+",2022,41.941,Observed
Chad,Labour force participation rate by sex and age (%),Female,"Age (Youth, adults): 15-64",2022,42.35,Observed
Chad,Labour force participation rate by sex and age (%),Female,"Age (Youth, adults): 15-24",2022,23.258,Observed
Chad,Labour force participation rate by sex and age (%),Female,"Age (Youth, adults): 25+",2022,50.562,Observed
Chad,Labour force participation rate by sex and age (%),Total,Age (Aggregate bands): 15+,2022,52.782,Observed
Chad,Labour force participation rate by sex and age (%),Total,Age (Aggregate bands): 15-24,2022,26.018,Observed
Chad,Labour force participation rate by sex and age (%),Total,Age (Aggregate bands): 25-54,2022,66.972,Observed
Chad,Labour force participation rate by sex and age (%),Total,Age (Aggregate bands): 55-64,2022,72.474,Observed
Chad,Labour force participation rate by sex and age (%),Total,Age (Aggregate bands): 65+,2022,52.473,Observed
Chad,Labour force participation rate by sex and age (%),Male,Age (Aggregate bands): 15+,2022,65.624,Observed
Chad,Labour force participation rate by sex and age (%),Male,Age (Aggregate bands): 15-24,2022,28.928,Observed
Chad,Labour force participation rate by sex and age (%),Male,Age (Aggregate bands): 25-54,2022,87.982,Observed
Chad,Labour force participation rate by sex and age (%),Male,Age (Aggregate bands): 55-64,2022,89.093,Observed
Chad,Labour force participation rate by sex and age (%),Male,Age (Aggregate bands): 65+,2022,67.756,Observed
Chad,Labour force participation rate by sex and age (%),Female,Age (Aggregate bands): 15+,2022,41.941,Observed
Chad,Labour force participation rate by sex and age (%),Female,Age (Aggregate bands): 15-24,2022,23.258,Observed
Chad,Labour force participation rate by sex and age (%),Female,Age (Aggregate bands): 25-54,2022,51.74,Observed
Chad,Labour force participation rate by sex and age (%),Female,Age (Aggregate bands): 55-64,2022,53.571,Observed
Chad,Labour force participation rate by sex and age (%),Female,Age (Aggregate bands): 65+,2022,34.797,Observed
Chad,Labour force participation rate by sex and age (%),Total,Age (10-year bands): 15+,2022,52.782,Observed
Chad,Labour force participation rate by sex and age (%),Total,Age (10-year bands): 15-24,2022,26.018,Observed
Chad,Labour force participation rate by sex and age (%),Total,Age (10-year bands): 25-34,2022,59.315,Observed
Chad,Labour force participation rate by sex and age (%),Total,Age (10-year bands): 35-44,2022,71.22,Observed
Chad,Labour force participation rate by sex and age (%),Total,Age (10-year bands): 45-54,2022,74.517,Observed
Chad,Labour force participation rate by sex and age (%),Total,Age (10-year bands): 55-64,2022,72.474,Observed
Chad,Labour force participation rate by sex and age (%),Total,Age (10-year bands): 65+,2022,52.473,Observed
Chad,Labour force participation rate by sex and age (%),Male,Age (10-year bands): 15+,2022,65.624,Observed
Chad,Labour force participation rate by sex and age (%),Male,Age (10-year bands): 15-24,2022,28.928,Observed
Chad,Labour force participation rate by sex and age (%),Male,Age (10-year bands): 25-34,2022,80.825,Observed
Chad,Labour force participation rate by sex and age (%),Male,Age (10-year bands): 35-44,2022,92.658,Observed
Chad,Labour force participation rate by sex and age (%),Male,Age (10-year bands): 45-54,2022,91.121,Observed
Chad,Labour force participation rate by sex and age (%),Male,Age (10-year bands): 55-64,2022,89.093,Observed
Chad,Labour force participation rate by sex and age (%),Male,Age (10-year bands): 65+,2022,67.756,Observed
Chad,Labour force participation rate by sex and age (%),Female,Age (10-year bands): 15+,2022,41.941,Observed
Chad,Labour force participation rate by sex and age (%),Female,Age (10-year bands): 15-24,2022,23.258,Observed
Chad,Labour force participation rate by sex and age (%),Female,Age (10-year bands): 25-34,2022,47.102,Observed
Chad,Labour force participation rate by sex and age (%),Female,Age (10-year bands): 35-44,2022,54.149,Observed
Chad,Labour force participation rate by sex and age (%),Female,Age (10-year bands): 45-54,2022,58.419,Observed
Chad,Labour force participation rate by sex and age (%),Female,Age (10-year bands): 55-64,2022,53.571,Observed
Chad,Labour force participation rate by sex and age (%),Female,Age (10-year bands): 65+,2022,34.797,Observed
Chad,Labour force participation rate by sex and age (%),Total,Age (5-year bands): 15+,2022,52.782,Observed
Chad,Labour force participation rate by sex and age (%),Total,Age (5-year bands): 15-19,2022,20.706,Observed
Chad,Labour force participation rate by sex and age (%),Total,Age (5-year bands): 20-24,2022,33.825,Observed
Chad,Labour force participation rate by sex and age (%),Total,Age (5-year bands): 25-29,2022,56.008,Observed
Chad,Labour force participation rate by sex and age (%),Total,Age (5-year bands): 30-34,2022,62.854,Observed
Chad,Labour force participation rate by sex and age (%),Total,Age (5-year bands): 35-39,2022,69.563,Observed
Chad,Labour force participation rate by sex and age (%),Total,Age (5-year bands): 40-44,2022,73.03,Observed
Chad,Labour force participation rate by sex and age (%),Total,Age (5-year bands): 45-49,2022,74.425,Observed
Chad,Labour force participation rate by sex and age (%),Total,Age (5-year bands): 50-54,2022,74.625,Observed
Chad,Labour force participation rate by sex and age (%),Total,Age (5-year bands): 55-59,2022,71.587,Observed
Chad,Labour force participation rate by sex and age (%),Total,Age (5-year bands): 60-64,2022,73.404,Observed
Chad,Labour force participation rate by sex and age (%),Total,Age (5-year bands): 65+,2022,52.473,Observed
Chad,Labour force participation rate by sex and age (%),Male,Age (5-year bands): 15+,2022,65.624,Observed
Chad,Labour force participation rate by sex and age (%),Male,Age (5-year bands): 15-19,2022,23.035,Observed
Chad,Labour force participation rate by sex and age (%),Male,Age (5-year bands): 20-24,2022,39.575,Observed
Chad,Labour force participation rate by sex and age (%),Male,Age (5-year bands): 25-29,2022,73.26,Observed
Chad,Labour force participation rate by sex and age (%),Male,Age (5-year bands): 30-34,2022,88.211,Observed
Chad,Labour force participation rate by sex and age (%),Male,Age (5-year bands): 35-39,2022,92.128,Observed
Chad,Labour force participation rate by sex and age (%),Male,Age (5-year bands): 40-44,2022,93.204,Observed
Chad,Labour force participation rate by sex and age (%),Male,Age (5-year bands): 45-49,2022,90.563,Observed
Chad,Labour force participation rate by sex and age (%),Male,Age (5-year bands): 50-54,2022,91.825,Observed
Chad,Labour force participation rate by sex and age (%),Male,Age (5-year bands): 55-59,2022,91.295,Observed
Chad,Labour force participation rate by sex and age (%),Male,Age (5-year bands): 60-64,2022,86.793,Observed
Chad,Labour force participation rate by sex and age (%),Male,Age (5-year bands): 65+,2022,67.756,Observed
Chad,Labour force participation rate by sex and age (%),Female,Age (5-year bands): 15+,2022,41.941,Observed
Chad,Labour force participation rate by sex and age (%),Female,Age (5-year bands): 15-19,2022,18.117,Observed
Chad,Labour force participation rate by sex and age (%),Female,Age (5-year bands): 20-24,2022,29.516,Observed
Chad,Labour force participation rate by sex and age (%),Female,Age (5-year bands): 25-29,2022,46.878,Observed
Chad,Labour force participation rate by sex and age (%),Female,Age (5-year bands): 30-34,2022,47.355,Observed
Chad,Labour force participation rate by sex and age (%),Female,Age (5-year bands): 35-39,2022,52.462,Observed
Chad,Labour force participation rate by sex and age (%),Female,Age (5-year bands): 40-44,2022,56.079,Observed
Chad,Labour force participation rate by sex and age (%),Female,Age (5-year bands): 45-49,2022,57.792,Observed
Chad,Labour force participation rate by sex and age (%),Female,Age (5-year bands): 50-54,2022,59.11,Observed
Chad,Labour force participation rate by sex and age (%),Female,Age (5-year bands): 55-59,2022,49.268,Observed
Chad,Labour force participation rate by sex and age (%),Female,Age (5-year bands): 60-64,2022,58.105,Observed
Chad,Labour force participation rate by sex and age (%),Female,Age (5-year bands): 65+,2022,34.797,Observed
Togo,Labour force participation rate by sex and age (%),Total,"Age (Youth, adults): 15+",2022,70.728,Observed
Togo,Labour force participation rate by sex and age (%),Total,"Age (Youth, adults): 15-64",2022,72.079,Observed
Togo,Labour force participation rate by sex and age (%),Total,"Age (Youth, adults): 15-24",2022,36.848,Observed
Togo,Labour force participation rate by sex and age (%),Total,"Age (Youth, adults): 25+",2022,85.312,Observed
Togo,Labour force participation rate by sex and age (%),Male,"Age (Youth, adults): 15+",2022,72.705,Observed
Togo,Labour force participation rate by sex and age (%),Male,"Age (Youth, adults): 15-64",2022,73.679,Observed
Togo,Labour force participation rate by sex and age (%),Male,"Age (Youth, adults): 15-24",2022,35.113,Observed
Togo,Labour force participation rate by sex and age (%),Male,"Age (Youth, adults): 25+",2022,90.014,Observed
Togo,Labour force participation rate by sex and age (%),Female,"Age (Youth, adults): 15+",2022,69.059,Observed
Togo,Labour force participation rate by sex and age (%),Female,"Age (Youth, adults): 15-64",2022,70.712,Observed
Togo,Labour force participation rate by sex and age (%),Female,"Age (Youth, adults): 15-24",2022,38.447,Observed
Togo,Labour force participation rate by sex and age (%),Female,"Age (Youth, adults): 25+",2022,81.488,Observed
Togo,Labour force participation rate by sex and age (%),Total,Age (Aggregate bands): 15+,2022,70.728,Observed
Togo,Labour force participation rate by sex and age (%),Total,Age (Aggregate bands): 15-24,2022,36.848,Observed
Togo,Labour force participation rate by sex and age (%),Total,Age (Aggregate bands): 25-54,2022,89.849,Observed
Togo,Labour force participation rate by sex and age (%),Total,Age (Aggregate bands): 55-64,2022,84.8,Observed
Togo,Labour force participation rate by sex and age (%),Total,Age (Aggregate bands): 65+,2022,54.353,Observed
Togo,Labour force participation rate by sex and age (%),Male,Age (Aggregate bands): 15+,2022,72.705,Observed
Togo,Labour force participation rate by sex and age (%),Male,Age (Aggregate bands): 15-24,2022,35.113,Observed
Togo,Labour force participation rate by sex and age (%),Male,Age (Aggregate bands): 25-54,2022,94.447,Observed
Togo,Labour force participation rate by sex and age (%),Male,Age (Aggregate bands): 55-64,2022,88.173,Observed
Togo,Labour force participation rate by sex and age (%),Male,Age (Aggregate bands): 65+,2022,59.896,Observed
Togo,Labour force participation rate by sex and age (%),Female,Age (Aggregate bands): 15+,2022,69.059,Observed
Togo,Labour force participation rate by sex and age (%),Female,Age (Aggregate bands): 15-24,2022,38.447,Observed
Togo,Labour force participation rate by sex and age (%),Female,Age (Aggregate bands): 25-54,2022,86.109,Observed
Togo,Labour force participation rate by sex and age (%),Female,Age (Aggregate bands): 55-64,2022,81.833,Observed
Togo,Labour force participation rate by sex and age (%),Female,Age (Aggregate bands): 65+,2022,50.261,Observed
Togo,Labour force participation rate by sex and age (%),Total,Age (10-year bands): 15+,2022,70.728,Observed
Togo,Labour force participation rate by sex and age (%),Total,Age (10-year bands): 15-24,2022,36.848,Observed
Togo,Labour force participation rate by sex and age (%),Total,Age (10-year bands): 25-34,2022,85.392,Observed
Togo,Labour force participation rate by sex and age (%),Total,Age (10-year bands): 35-44,2022,92.675,Observed
Togo,Labour force participation rate by sex and age (%),Total,Age (10-year bands): 45-54,2022,92.256,Observed
Togo,Labour force participation rate by sex and age (%),Total,Age (10-year bands): 55-64,2022,84.8,Observed
Togo,Labour force participation rate by sex and age (%),Total,Age (10-year bands): 65+,2022,54.353,Observed
Togo,Labour force participation rate by sex and age (%),Male,Age (10-year bands): 15+,2022,72.705,Observed
Togo,Labour force participation rate by sex and age (%),Male,Age (10-year bands): 15-24,2022,35.113,Observed
Togo,Labour force participation rate by sex and age (%),Male,Age (10-year bands): 25-34,2022,89.475,Observed
Togo,Labour force participation rate by sex and age (%),Male,Age (10-year bands): 35-44,2022,97.995,Observed
Togo,Labour force participation rate by sex and age (%),Male,Age (10-year bands): 45-54,2022,96.66,Observed
Togo,Labour force participation rate by sex and age (%),Male,Age (10-year bands): 55-64,2022,88.173,Observed
Togo,Labour force participation rate by sex and age (%),Male,Age (10-year bands): 65+,2022,59.896,Observed
Togo,Labour force participation rate by sex and age (%),Female,Age (10-year bands): 15+,2022,69.059,Observed
Togo,Labour force participation rate by sex and age (%),Female,Age (10-year bands): 15-24,2022,38.447,Observed
Togo,Labour force participation rate by sex and age (%),Female,Age (10-year bands): 25-34,2022,82.072,Observed
Togo,Labour force participation rate by sex and age (%),Female,Age (10-year bands): 35-44,2022,88.603,Observed
Togo,Labour force participation rate by sex and age (%),Female,Age (10-year bands): 45-54,2022,88.372,Observed
Togo,Labour force participation rate by sex and age (%),Female,Age (10-year bands): 55-64,2022,81.833,Observed
Togo,Labour force participation rate by sex and age (%),Female,Age (10-year bands): 65+,2022,50.261,Observed
Togo,Labour force participation rate by sex and age (%),Total,Age (5-year bands): 15+,2022,70.728,Observed
Togo,Labour force participation rate by sex and age (%),Total,Age (5-year bands): 15-19,2022,25.543,Observed
Togo,Labour force participation rate by sex and age (%),Total,Age (5-year bands): 20-24,2022,54.033,Observed
Togo,Labour force participation rate by sex and age (%),Total,Age (5-year bands): 25-29,2022,81.847,Observed
Togo,Labour force participation rate by sex and age (%),Total,Age (5-year bands): 30-34,2022,88.792,Observed
Togo,Labour force participation rate by sex and age (%),Total,Age (5-year bands): 35-39,2022,92.56,Observed
Togo,Labour force participation rate by sex and age (%),Total,Age (5-year bands): 40-44,2022,92.796,Observed
Togo,Labour force participation rate by sex and age (%),Total,Age (5-year bands): 45-49,2022,92.757,Observed
Togo,Labour force participation rate by sex and age (%),Total,Age (5-year bands): 50-54,2022,91.712,Observed
Togo,Labour force participation rate by sex and age (%),Total,Age (5-year bands): 55-59,2022,89.847,Observed
Togo,Labour force participation rate by sex and age (%),Total,Age (5-year bands): 60-64,2022,79.024,Observed
Togo,Labour force participation rate by sex and age (%),Total,Age (5-year bands): 65+,2022,54.353,Observed
Togo,Labour force participation rate by sex and age (%),Male,Age (5-year bands): 15+,2022,72.705,Observed
Togo,Labour force participation rate by sex and age (%),Male,Age (5-year bands): 15-19,2022,24.878,Observed
Togo,Labour force participation rate by sex and age (%),Male,Age (5-year bands): 20-24,2022,51.71,Observed
Togo,Labour force participation rate by sex and age (%),Male,Age (5-year bands): 25-29,2022,83.606,Observed
Togo,Labour force participation rate by sex and age (%),Male,Age (5-year bands): 30-34,2022,95.048,Observed
Togo,Labour force participation rate by sex and age (%),Male,Age (5-year bands): 35-39,2022,98.236,Observed
Togo,Labour force participation rate by sex and age (%),Male,Age (5-year bands): 40-44,2022,97.738,Observed
Togo,Labour force participation rate by sex and age (%),Male,Age (5-year bands): 45-49,2022,98.341,Observed
Togo,Labour force participation rate by sex and age (%),Male,Age (5-year bands): 50-54,2022,94.942,Observed
Togo,Labour force participation rate by sex and age (%),Male,Age (5-year bands): 55-59,2022,93.938,Observed
Togo,Labour force participation rate by sex and age (%),Male,Age (5-year bands): 60-64,2022,81.616,Observed
Togo,Labour force participation rate by sex and age (%),Male,Age (5-year bands): 65+,2022,59.896,Observed
Togo,Labour force participation rate by sex and age (%),Female,Age (5-year bands): 15+,2022,69.059,Observed
Togo,Labour force participation rate by sex and age (%),Female,Age (5-year bands): 15-19,2022,26.187,Observed
Togo,Labour force participation rate by sex and age (%),Female,Age (5-year bands): 20-24,2022,56.02,Observed
Togo,Labour force participation rate by sex and age (%),Female,Age (5-year bands): 25-29,2022,80.43,Observed
Togo,Labour force participation rate by sex and age (%),Female,Age (5-year bands): 30-34,2022,83.659,Observed
Togo,Labour force participation rate by sex and age (%),Female,Age (5-year bands): 35-39,2022,88.14,Observed
Togo,Labour force participation rate by sex and age (%),Female,Age (5-year bands): 40-44,2022,89.078,Observed
Togo,Labour force participation rate by sex and age (%),Female,Age (5-year bands): 45-49,2022,88.096,Observed
Togo,Labour force participation rate by sex and age (%),Female,Age (5-year bands): 50-54,2022,88.689,Observed
Togo,Labour force participation rate by sex and age (%),Female,Age (5-year bands): 55-59,2022,86.267,Observed
Togo,Labour force participation rate by sex and age (%),Female,Age (5-year bands): 60-64,2022,76.731,Observed
Togo,Labour force participation rate by sex and age (%),Female,Age (5-year bands): 65+,2022,50.261,Observed
South Africa,Labour force participation rate by sex and age (%),Total,"Age (Youth, adults): 15+",2022,53.499,Observed
South Africa,Labour force participation rate by sex and age (%),Total,"Age (Youth, adults): 15-64",2022,58.088,Observed
South Africa,Labour force participation rate by sex and age (%),Total,"Age (Youth, adults): 15-24",2022,25.771,Observed
South Africa,Labour force participation rate by sex and age (%),Total,"Age (Youth, adults): 25+",2022,61.877,Observed
South Africa,Labour force participation rate by sex and age (%),Male,"Age (Youth, adults): 15+",2022,60.344,Observed
South Africa,Labour force participation rate by sex and age (%),Male,"Age (Youth, adults): 15-64",2022,63.945,Observed
South Africa,Labour force participation rate by sex and age (%),Male,"Age (Youth, adults): 15-24",2022,28.286,Observed
South Africa,Labour force participation rate by sex and age (%),Male,"Age (Youth, adults): 25+",2022,70.468,Observed
South Africa,Labour force participation rate by sex and age (%),Female,"Age (Youth, adults): 15+",2022,47.071,Observed
South Africa,Labour force participation rate by sex and age (%),Female,"Age (Youth, adults): 15-64",2022,52.328,Observed
South Africa,Labour force participation rate by sex and age (%),Female,"Age (Youth, adults): 15-24",2022,23.247,Observed
South Africa,Labour force participation rate by sex and age (%),Female,"Age (Youth, adults): 25+",2022,53.971,Observed
South Africa,Labour force participation rate by sex and age (%),Total,Age (Aggregate bands): 15+,2022,53.499,Observed
South Africa,Labour force participation rate by sex and age (%),Total,Age (Aggregate bands): 15-24,2022,25.771,Observed
South Africa,Labour force participation rate by sex and age (%),Total,Age (Aggregate bands): 25-54,2022,73.955,Observed
South Africa,Labour force participation rate by sex and age (%),Total,Age (Aggregate bands): 55-64,2022,39.591,Observed
South Africa,Labour force participation rate by sex and age (%),Total,Age (Aggregate bands): 65+,2022,5.256,Observed
South Africa,Labour force participation rate by sex and age (%),Male,Age (Aggregate bands): 15+,2022,60.344,Observed
South Africa,Labour force participation rate by sex and age (%),Male,Age (Aggregate bands): 15-24,2022,28.286,Observed
South Africa,Labour force participation rate by sex and age (%),Male,Age (Aggregate bands): 25-54,2022,80.322,Observed
South Africa,Labour force participation rate by sex and age (%),Male,Age (Aggregate bands): 55-64,2022,48.584,Observed
South Africa,Labour force participation rate by sex and age (%),Male,Age (Aggregate bands): 65+,2022,8.607,Observed
South Africa,Labour force participation rate by sex and age (%),Female,Age (Aggregate bands): 15+,2022,47.071,Observed
South Africa,Labour force participation rate by sex and age (%),Female,Age (Aggregate bands): 15-24,2022,23.247,Observed
South Africa,Labour force participation rate by sex and age (%),Female,Age (Aggregate bands): 25-54,2022,67.542,Observed
South Africa,Labour force participation rate by sex and age (%),Female,Age (Aggregate bands): 55-64,2022,32.309,Observed
South Africa,Labour force participation rate by sex and age (%),Female,Age (Aggregate bands): 65+,2022,3.349,Observed
South Africa,Labour force participation rate by sex and age (%),Total,Age (10-year bands): 15+,2022,53.499,Observed
South Africa,Labour force participation rate by sex and age (%),Total,Age (10-year bands): 15-24,2022,25.771,Observed
South Africa,Labour force participation rate by sex and age (%),Total,Age (10-year bands): 25-34,2022,71.271,Observed
South Africa,Labour force participation rate by sex and age (%),Total,Age (10-year bands): 35-44,2022,77.732,Observed
South Africa,Labour force participation rate by sex and age (%),Total,Age (10-year bands): 45-54,2022,73.163,Observed
South Africa,Labour force participation rate by sex and age (%),Total,Age (10-year bands): 55-64,2022,39.591,Observed
South Africa,Labour force participation rate by sex and age (%),Total,Age (10-year bands): 65+,2022,5.256,Observed
South Africa,Labour force participation rate by sex and age (%),Male,Age (10-year bands): 15+,2022,60.344,Observed
South Africa,Labour force participation rate by sex and age (%),Male,Age (10-year bands): 15-24,2022,28.286,Observed
South Africa,Labour force participation rate by sex and age (%),Male,Age (10-year bands): 25-34,2022,76.963,Observed
South Africa,Labour force participation rate by sex and age (%),Male,Age (10-year bands): 35-44,2022,83.937,Observed
South Africa,Labour force participation rate by sex and age (%),Male,Age (10-year bands): 45-54,2022,80.864,Observed
South Africa,Labour force participation rate by sex and age (%),Male,Age (10-year bands): 55-64,2022,48.584,Observed
South Africa,Labour force participation rate by sex and age (%),Male,Age (10-year bands): 65+,2022,8.607,Observed
South Africa,Labour force participation rate by sex and age (%),Female,Age (10-year bands): 15+,2022,47.071,Observed
South Africa,Labour force participation rate by sex and age (%),Female,Age (10-year bands): 15-24,2022,23.247,Observed
South Africa,Labour force participation rate by sex and age (%),Female,Age (10-year bands): 25-34,2022,65.384,Observed
South Africa,Labour force participation rate by sex and age (%),Female,Age (10-year bands): 35-44,2022,71.316,Observed
South Africa,Labour force participation rate by sex and age (%),Female,Age (10-year bands): 45-54,2022,65.992,Observed
South Africa,Labour force participation rate by sex and age (%),Female,Age (10-year bands): 55-64,2022,32.309,Observed
South Africa,Labour force participation rate by sex and age (%),Female,Age (10-year bands): 65+,2022,3.349,Observed
South Africa,Labour force participation rate by sex and age (%),Total,Age (5-year bands): 15+,2022,53.499,Observed
South Africa,Labour force participation rate by sex and age (%),Total,Age (5-year bands): 15-19,2022,5.728,Observed
South Africa,Labour force participation rate by sex and age (%),Total,Age (5-year bands): 20-24,2022,45.522,Observed
South Africa,Labour force participation rate by sex and age (%),Total,Age (5-year bands): 25-29,2022,69.063,Observed
South Africa,Labour force participation rate by sex and age (%),Total,Age (5-year bands): 30-34,2022,73.572,Observed
South Africa,Labour force participation rate by sex and age (%),Total,Age (5-year bands): 35-39,2022,77.275,Observed
South Africa,Labour force participation rate by sex and age (%),Total,Age (5-year bands): 40-44,2022,78.254,Observed
South Africa,Labour force participation rate by sex and age (%),Total,Age (5-year bands): 45-49,2022,75.659,Observed
South Africa,Labour force participation rate by sex and age (%),Total,Age (5-year bands): 50-54,2022,70.049,Observed
South Africa,Labour force participation rate by sex and age (%),Total,Age (5-year bands): 55-59,2022,54.697,Observed
South Africa,Labour force participation rate by sex and age (%),Total,Age (5-year bands): 60-64,2022,21.499,Observed
South Africa,Labour force participation rate by sex and age (%),Total,Age (5-year bands): 65+,2022,5.256,Observed
South Africa,Labour force participation rate by sex and age (%),Male,Age (5-year bands): 15+,2022,60.344,Observed
South Africa,Labour force participation rate by sex and age (%),Male,Age (5-year bands): 15-19,2022,5.91,Observed
South Africa,Labour force participation rate by sex and age (%),Male,Age (5-year bands): 20-24,2022,50.328,Observed
South Africa,Labour force participation rate by sex and age (%),Male,Age (5-year bands): 25-29,2022,75.015,Observed
South Africa,Labour force participation rate by sex and age (%),Male,Age (5-year bands): 30-34,2022,78.962,Observed
South Africa,Labour force participation rate by sex and age (%),Male,Age (5-year bands): 35-39,2022,82.83,Observed
South Africa,Labour force participation rate by sex and age (%),Male,Age (5-year bands): 40-44,2022,85.198,Observed
South Africa,Labour force participation rate by sex and age (%),Male,Age (5-year bands): 45-49,2022,83.225,Observed
South Africa,Labour force participation rate by sex and age (%),Male,Age (5-year bands): 50-54,2022,77.784,Observed
South Africa,Labour force participation rate by sex and age (%),Male,Age (5-year bands): 55-59,2022,65.049,Observed
South Africa,Labour force participation rate by sex and age (%),Male,Age (5-year bands): 60-64,2022,28.075,Observed
South Africa,Labour force participation rate by sex and age (%),Male,Age (5-year bands): 65+,2022,8.607,Observed
South Africa,Labour force participation rate by sex and age (%),Female,Age (5-year bands): 15+,2022,47.071,Observed
South Africa,Labour force participation rate by sex and age (%),Female,Age (5-year bands): 15-19,2022,5.546,Observed
South Africa,Labour force participation rate by sex and age (%),Female,Age (5-year bands): 20-24,2022,40.696,Observed
South Africa,Labour force participation rate by sex and age (%),Female,Age (5-year bands): 25-29,2022,62.993,Observed
South Africa,Labour force participation rate by sex and age (%),Female,Age (5-year bands): 30-34,2022,67.912,Observed
South Africa,Labour force participation rate by sex and age (%),Female,Age (5-year bands): 35-39,2022,71.534,Observed
South Africa,Labour force participation rate by sex and age (%),Female,Age (5-year bands): 40-44,2022,71.067,Observed
South Africa,Labour force participation rate by sex and age (%),Female,Age (5-year bands): 45-49,2022,68.337,Observed
South Africa,Labour force participation rate by sex and age (%),Female,Age (5-year bands): 50-54,2022,63.186,Observed
South Africa,Labour force participation rate by sex and age (%),Female,Age (5-year bands): 55-59,2022,46.04,Observed
South Africa,Labour force participation rate by sex and age (%),Female,Age (5-year bands): 60-64,2022,16.376,Observed
South Africa,Labour force participation rate by sex and age (%),Female,Age (5-year bands): 65+,2022,3.349,Observed
Zambia,Labour force participation rate by sex and age (%),Total,"Age (Youth, adults): 15+",2022,59.532,Observed
Zambia,Labour force participation rate by sex and age (%),Total,"Age (Youth, adults): 15-64",2022,60.009,Observed
Zambia,Labour force participation rate by sex and age (%),Total,"Age (Youth, adults): 15-24",2022,35.388,Observed
Zambia,Labour force participation rate by sex and age (%),Total,"Age (Youth, adults): 25+",2022,73.287,Observed
Zambia,Labour force participation rate by sex and age (%),Male,"Age (Youth, adults): 15+",2022,65.329,Observed
Zambia,Labour force participation rate by sex and age (%),Male,"Age (Youth, adults): 15-64",2022,65.649,Observed
Zambia,Labour force participation rate by sex and age (%),Male,"Age (Youth, adults): 15-24",2022,37.996,Observed
Zambia,Labour force participation rate by sex and age (%),Male,"Age (Youth, adults): 25+",2022,81.43,Observed
Zambia,Labour force participation rate by sex and age (%),Female,"Age (Youth, adults): 15+",2022,53.998,Observed
Zambia,Labour force participation rate by sex and age (%),Female,"Age (Youth, adults): 15-64",2022,54.589,Observed
Zambia,Labour force participation rate by sex and age (%),Female,"Age (Youth, adults): 15-24",2022,32.792,Observed
Zambia,Labour force participation rate by sex and age (%),Female,"Age (Youth, adults): 25+",2022,65.696,Observed
Zambia,Labour force participation rate by sex and age (%),Total,Age (Aggregate bands): 15+,2022,59.532,Observed
Zambia,Labour force participation rate by sex and age (%),Total,Age (Aggregate bands): 15-24,2022,35.388,Observed
Zambia,Labour force participation rate by sex and age (%),Total,Age (Aggregate bands): 25-54,2022,75.532,Observed
Zambia,Labour force participation rate by sex and age (%),Total,Age (Aggregate bands): 55-64,2022,71.737,Observed
Zambia,Labour force participation rate by sex and age (%),Total,Age (Aggregate bands): 65+,2022,50.005,Observed
Zambia,Labour force participation rate by sex and age (%),Male,Age (Aggregate bands): 15+,2022,65.329,Observed
Zambia,Labour force participation rate by sex and age (%),Male,Age (Aggregate bands): 15-24,2022,37.996,Observed
Zambia,Labour force participation rate by sex and age (%),Male,Age (Aggregate bands): 25-54,2022,83.799,Observed
Zambia,Labour force participation rate by sex and age (%),Male,Age (Aggregate bands): 55-64,2022,77.33,Observed
Zambia,Labour force participation rate by sex and age (%),Male,Age (Aggregate bands): 65+,2022,58.459,Observed
Zambia,Labour force participation rate by sex and age (%),Female,Age (Aggregate bands): 15+,2022,53.998,Observed
Zambia,Labour force participation rate by sex and age (%),Female,Age (Aggregate bands): 15-24,2022,32.792,Observed
Zambia,Labour force participation rate by sex and age (%),Female,Age (Aggregate bands): 25-54,2022,67.763,Observed
Zambia,Labour force participation rate by sex and age (%),Female,Age (Aggregate bands): 55-64,2022,66.458,Observed
Zambia,Labour force participation rate by sex and age (%),Female,Age (Aggregate bands): 65+,2022,42.911,Observed
Zambia,Labour force participation rate by sex and age (%),Total,Age (10-year bands): 15+,2022,59.532,Observed
Zambia,Labour force participation rate by sex and age (%),Total,Age (10-year bands): 15-24,2022,35.388,Observed
Zambia,Labour force participation rate by sex and age (%),Total,Age (10-year bands): 25-34,2022,70.405,Observed
Zambia,Labour force participation rate by sex and age (%),Total,Age (10-year bands): 35-44,2022,80.691,Observed
Zambia,Labour force participation rate by sex and age (%),Total,Age (10-year bands): 45-54,2022,80.056,Observed
Zambia,Labour force participation rate by sex and age (%),Total,Age (10-year bands): 55-64,2022,71.737,Observed
Zambia,Labour force participation rate by sex and age (%),Total,Age (10-year bands): 65+,2022,50.005,Observed
Zambia,Labour force participation rate by sex and age (%),Male,Age (10-year bands): 15+,2022,65.329,Observed
Zambia,Labour force participation rate by sex and age (%),Male,Age (10-year bands): 15-24,2022,37.996,Observed
Zambia,Labour force participation rate by sex and age (%),Male,Age (10-year bands): 25-34,2022,79.792,Observed
Zambia,Labour force participation rate by sex and age (%),Male,Age (10-year bands): 35-44,2022,89.454,Observed
Zambia,Labour force participation rate by sex and age (%),Male,Age (10-year bands): 45-54,2022,84.873,Observed
Zambia,Labour force participation rate by sex and age (%),Male,Age (10-year bands): 55-64,2022,77.33,Observed
Zambia,Labour force participation rate by sex and age (%),Male,Age (10-year bands): 65+,2022,58.459,Observed
Zambia,Labour force participation rate by sex and age (%),Female,Age (10-year bands): 15+,2022,53.998,Observed
Zambia,Labour force participation rate by sex and age (%),Female,Age (10-year bands): 15-24,2022,32.792,Observed
Zambia,Labour force participation rate by sex and age (%),Female,Age (10-year bands): 25-34,2022,61.645,Observed
Zambia,Labour force participation rate by sex and age (%),Female,Age (10-year bands): 35-44,2022,72.894,Observed
Zambia,Labour force participation rate by sex and age (%),Female,Age (10-year bands): 45-54,2022,75.025,Observed
Zambia,Labour force participation rate by sex and age (%),Female,Age (10-year bands): 55-64,2022,66.458,Observed
Zambia,Labour force participation rate by sex and age (%),Female,Age (10-year bands): 65+,2022,42.911,Observed
Zambia,Labour force participation rate by sex and age (%),Total,Age (5-year bands): 15+,2022,59.532,Observed
Zambia,Labour force participation rate by sex and age (%),Total,Age (5-year bands): 15-19,2022,23.269,Observed
Zambia,Labour force participation rate by sex and age (%),Total,Age (5-year bands): 20-24,2022,49.634,Observed
Zambia,Labour force participation rate by sex and age (%),Total,Age (5-year bands): 25-29,2022,68.351,Observed
Zambia,Labour force participation rate by sex and age (%),Total,Age (5-year bands): 30-34,2022,73.057,Observed
Zambia,Labour force participation rate by sex and age (%),Total,Age (5-year bands): 35-39,2022,79.107,Observed
Zambia,Labour force participation rate by sex and age (%),Total,Age (5-year bands): 40-44,2022,82.624,Observed
Zambia,Labour force participation rate by sex and age (%),Total,Age (5-year bands): 45-49,2022,79.904,Observed
Zambia,Labour force participation rate by sex and age (%),Total,Age (5-year bands): 50-54,2022,80.265,Observed
Zambia,Labour force participation rate by sex and age (%),Total,Age (5-year bands): 55-59,2022,74.434,Observed
Zambia,Labour force participation rate by sex and age (%),Total,Age (5-year bands): 60-64,2022,68.249,Observed
Zambia,Labour force participation rate by sex and age (%),Total,Age (5-year bands): 65+,2022,50.005,Observed
Zambia,Labour force participation rate by sex and age (%),Male,Age (5-year bands): 15+,2022,65.329,Observed
Zambia,Labour force participation rate by sex and age (%),Male,Age (5-year bands): 15-19,2022,25.279,Observed
Zambia,Labour force participation rate by sex and age (%),Male,Age (5-year bands): 20-24,2022,53.076,Observed
Zambia,Labour force participation rate by sex and age (%),Male,Age (5-year bands): 25-29,2022,78.309,Observed
Zambia,Labour force participation rate by sex and age (%),Male,Age (5-year bands): 30-34,2022,81.788,Observed
Zambia,Labour force participation rate by sex and age (%),Male,Age (5-year bands): 35-39,2022,89.25,Observed
Zambia,Labour force participation rate by sex and age (%),Male,Age (5-year bands): 40-44,2022,89.69,Observed
Zambia,Labour force participation rate by sex and age (%),Male,Age (5-year bands): 45-49,2022,86.811,Observed
Zambia,Labour force participation rate by sex and age (%),Male,Age (5-year bands): 50-54,2022,82.24,Observed
Zambia,Labour force participation rate by sex and age (%),Male,Age (5-year bands): 55-59,2022,82.19,Observed
Zambia,Labour force participation rate by sex and age (%),Male,Age (5-year bands): 60-64,2022,70.69,Observed
Zambia,Labour force participation rate by sex and age (%),Male,Age (5-year bands): 65+,2022,58.459,Observed
Zambia,Labour force participation rate by sex and age (%),Female,Age (5-year bands): 15+,2022,53.998,Observed
Zambia,Labour force participation rate by sex and age (%),Female,Age (5-year bands): 15-19,2022,21.252,Observed
Zambia,Labour force participation rate by sex and age (%),Female,Age (5-year bands): 20-24,2022,46.24,Observed
Zambia,Labour force participation rate by sex and age (%),Female,Age (5-year bands): 25-29,2022,58.726,Observed
Zambia,Labour force participation rate by sex and age (%),Female,Age (5-year bands): 30-34,2022,65.27,Observed
Zambia,Labour force participation rate by sex and age (%),Female,Age (5-year bands): 35-39,2022,70.488,Observed
Zambia,Labour force participation rate by sex and age (%),Female,Age (5-year bands): 40-44,2022,75.976,Observed
Zambia,Labour force participation rate by sex and age (%),Female,Age (5-year bands): 45-49,2022,72.766,Observed
Zambia,Labour force participation rate by sex and age (%),Female,Age (5-year bands): 50-54,2022,78.172,Observed
Zambia,Labour force participation rate by sex and age (%),Female,Age (5-year bands): 55-59,2022,66.767,Observed
Zambia,Labour force participation rate by sex and age (%),Female,Age (5-year bands): 60-64,2022,66.077,Observed
Zambia,Labour force participation rate by sex and age (%),Female,Age (5-year bands): 65+,2022,42.911,Observed
Zimbabwe,Labour force participation rate by sex and age (%),Total,"Age (Youth, adults): 15+",2022,65.152,Observed
Zimbabwe,Labour force participation rate by sex and age (%),Total,"Age (Youth, adults): 15-64",2022,66.81,Observed
Zimbabwe,Labour force participation rate by sex and age (%),Total,"Age (Youth, adults): 15-24",2022,45.599,Observed
Zimbabwe,Labour force participation rate by sex and age (%),Total,"Age (Youth, adults): 25+",2022,73.77,Observed
Zimbabwe,Labour force participation rate by sex and age (%),Male,"Age (Youth, adults): 15+",2022,71.582,Observed
Zimbabwe,Labour force participation rate by sex and age (%),Male,"Age (Youth, adults): 15-64",2022,72.985,Observed
Zimbabwe,Labour force participation rate by sex and age (%),Male,"Age (Youth, adults): 15-24",2022,50.676,Observed
Zimbabwe,Labour force participation rate by sex and age (%),Male,"Age (Youth, adults): 25+",2022,81.733,Observed
Zimbabwe,Labour force participation rate by sex and age (%),Female,"Age (Youth, adults): 15+",2022,59.637,Observed
Zimbabwe,Labour force participation rate by sex and age (%),Female,"Age (Youth, adults): 15-64",2022,61.377,Observed
Zimbabwe,Labour force participation rate by sex and age (%),Female,"Age (Youth, adults): 15-24",2022,40.657,Observed
Zimbabwe,Labour force participation rate by sex and age (%),Female,"Age (Youth, adults): 25+",2022,67.314,Observed
Zimbabwe,Labour force participation rate by sex and age (%),Total,Age (Aggregate bands): 15+,2022,65.152,Observed
Zimbabwe,Labour force participation rate by sex and age (%),Total,Age (Aggregate bands): 15-24,2022,45.599,Observed
Zimbabwe,Labour force participation rate by sex and age (%),Total,Age (Aggregate bands): 25-54,2022,78.321,Observed
Zimbabwe,Labour force participation rate by sex and age (%),Total,Age (Aggregate bands): 55-64,2022,71.645,Observed
Zimbabwe,Labour force participation rate by sex and age (%),Total,Age (Aggregate bands): 65+,2022,48.029,Observed
Zimbabwe,Labour force participation rate by sex and age (%),Male,Age (Aggregate bands): 15+,2022,71.582,Observed
Zimbabwe,Labour force participation rate by sex and age (%),Male,Age (Aggregate bands): 15-24,2022,50.676,Observed
Zimbabwe,Labour force participation rate by sex and age (%),Male,Age (Aggregate bands): 25-54,2022,86.112,Observed
Zimbabwe,Labour force participation rate by sex and age (%),Male,Age (Aggregate bands): 55-64,2022,77.637,Observed
Zimbabwe,Labour force participation rate by sex and age (%),Male,Age (Aggregate bands): 65+,2022,54.444,Observed
Zimbabwe,Labour force participation rate by sex and age (%),Female,Age (Aggregate bands): 15+,2022,59.637,Observed
Zimbabwe,Labour force participation rate by sex and age (%),Female,Age (Aggregate bands): 15-24,2022,40.657,Observed
Zimbabwe,Labour force participation rate by sex and age (%),Female,Age (Aggregate bands): 25-54,2022,71.657,Observed
Zimbabwe,Labour force participation rate by sex and age (%),Female,Age (Aggregate bands): 55-64,2022,67.422,Observed
Zimbabwe,Labour force participation rate by sex and age (%),Female,Age (Aggregate bands): 65+,2022,43.828,Observed
Zimbabwe,Labour force participation rate by sex and age (%),Total,Age (10-year bands): 15+,2022,65.152,Observed
Zimbabwe,Labour force participation rate by sex and age (%),Total,Age (10-year bands): 15-24,2022,45.599,Observed
Zimbabwe,Labour force participation rate by sex and age (%),Total,Age (10-year bands): 25-34,2022,75.21,Observed
Zimbabwe,Labour force participation rate by sex and age (%),Total,Age (10-year bands): 35-44,2022,80.111,Observed
Zimbabwe,Labour force participation rate by sex and age (%),Total,Age (10-year bands): 45-54,2022,80.384,Observed
Zimbabwe,Labour force participation rate by sex and age (%),Total,Age (10-year bands): 55-64,2022,71.645,Observed
Zimbabwe,Labour force participation rate by sex and age (%),Total,Age (10-year bands): 65+,2022,48.029,Observed
Zimbabwe,Labour force participation rate by sex and age (%),Male,Age (10-year bands): 15+,2022,71.582,Observed
Zimbabwe,Labour force participation rate by sex and age (%),Male,Age (10-year bands): 15-24,2022,50.676,Observed
Zimbabwe,Labour force participation rate by sex and age (%),Male,Age (10-year bands): 25-34,2022,85.112,Observed
Zimbabwe,Labour force participation rate by sex and age (%),Male,Age (10-year bands): 35-44,2022,87.225,Observed
Zimbabwe,Labour force participation rate by sex and age (%),Male,Age (10-year bands): 45-54,2022,85.981,Observed
Zimbabwe,Labour force participation rate by sex and age (%),Male,Age (10-year bands): 55-64,2022,77.637,Observed
Zimbabwe,Labour force participation rate by sex and age (%),Male,Age (10-year bands): 65+,2022,54.444,Observed
Zimbabwe,Labour force participation rate by sex and age (%),Female,Age (10-year bands): 15+,2022,59.637,Observed
Zimbabwe,Labour force participation rate by sex and age (%),Female,Age (10-year bands): 15-24,2022,40.657,Observed
Zimbabwe,Labour force participation rate by sex and age (%),Female,Age (10-year bands): 25-34,2022,67.04,Observed
Zimbabwe,Labour force participation rate by sex and age (%),Female,Age (10-year bands): 35-44,2022,74.171,Observed
Zimbabwe,Labour force participation rate by sex and age (%),Female,Age (10-year bands): 45-54,2022,75.147,Observed
Zimbabwe,Labour force participation rate by sex and age (%),Female,Age (10-year bands): 55-64,2022,67.422,Observed
Zimbabwe,Labour force participation rate by sex and age (%),Female,Age (10-year bands): 65+,2022,43.828,Observed
Zimbabwe,Labour force participation rate by sex and age (%),Total,Age (5-year bands): 15+,2022,65.152,Observed
Zimbabwe,Labour force participation rate by sex and age (%),Total,Age (5-year bands): 15-19,2022,34.274,Observed
Zimbabwe,Labour force participation rate by sex and age (%),Total,Age (5-year bands): 20-24,2022,61.096,Observed
Zimbabwe,Labour force participation rate by sex and age (%),Total,Age (5-year bands): 25-29,2022,72.733,Observed
Zimbabwe,Labour force participation rate by sex and age (%),Total,Age (5-year bands): 30-34,2022,77.789,Observed
Zimbabwe,Labour force participation rate by sex and age (%),Total,Age (5-year bands): 35-39,2022,80.0,Observed
Zimbabwe,Labour force participation rate by sex and age (%),Total,Age (5-year bands): 40-44,2022,80.248,Observed
Zimbabwe,Labour force participation rate by sex and age (%),Total,Age (5-year bands): 45-49,2022,80.635,Observed
Zimbabwe,Labour force participation rate by sex and age (%),Total,Age (5-year bands): 50-54,2022,80.044,Observed
Zimbabwe,Labour force participation rate by sex and age (%),Total,Age (5-year bands): 55-59,2022,74.022,Observed
Zimbabwe,Labour force participation rate by sex and age (%),Total,Age (5-year bands): 60-64,2022,69.176,Observed
Zimbabwe,Labour force participation rate by sex and age (%),Total,Age (5-year bands): 65+,2022,48.029,Observed
Zimbabwe,Labour force participation rate by sex and age (%),Male,Age (5-year bands): 15+,2022,71.582,Observed
Zimbabwe,Labour force participation rate by sex and age (%),Male,Age (5-year bands): 15-19,2022,38.251,Observed
Zimbabwe,Labour force participation rate by sex and age (%),Male,Age (5-year bands): 20-24,2022,69.316,Observed
Zimbabwe,Labour force participation rate by sex and age (%),Male,Age (5-year bands): 25-29,2022,82.81,Observed
Zimbabwe,Labour force participation rate by sex and age (%),Male,Age (5-year bands): 30-34,2022,87.527,Observed
Zimbabwe,Labour force participation rate by sex and age (%),Male,Age (5-year bands): 35-39,2022,87.603,Observed
Zimbabwe,Labour force participation rate by sex and age (%),Male,Age (5-year bands): 40-44,2022,86.769,Observed
Zimbabwe,Labour force participation rate by sex and age (%),Male,Age (5-year bands): 45-49,2022,85.704,Observed
Zimbabwe,Labour force participation rate by sex and age (%),Male,Age (5-year bands): 50-54,2022,86.352,Observed
Zimbabwe,Labour force participation rate by sex and age (%),Male,Age (5-year bands): 55-59,2022,81.882,Observed
Zimbabwe,Labour force participation rate by sex and age (%),Male,Age (5-year bands): 60-64,2022,73.212,Observed
Zimbabwe,Labour force participation rate by sex and age (%),Male,Age (5-year bands): 65+,2022,54.444,Observed
Zimbabwe,Labour force participation rate by sex and age (%),Female,Age (5-year bands): 15+,2022,59.637,Observed
Zimbabwe,Labour force participation rate by sex and age (%),Female,Age (5-year bands): 15-19,2022,30.097,Observed
Zimbabwe,Labour force participation rate by sex and age (%),Female,Age (5-year bands): 20-24,2022,53.886,Observed
Zimbabwe,Labour force participation rate by sex and age (%),Female,Age (5-year bands): 25-29,2022,64.363,Observed
Zimbabwe,Labour force participation rate by sex and age (%),Female,Age (5-year bands): 30-34,2022,69.81,Observed
Zimbabwe,Labour force participation rate by sex and age (%),Female,Age (5-year bands): 35-39,2022,73.803,Observed
Zimbabwe,Labour force participation rate by sex and age (%),Female,Age (5-year bands): 40-44,2022,74.641,Observed
Zimbabwe,Labour force participation rate by sex and age (%),Female,Age (5-year bands): 45-49,2022,75.942,Observed
Zimbabwe,Labour force participation rate by sex and age (%),Female,Age (5-year bands): 50-54,2022,74.059,Observed
Zimbabwe,Labour force participation rate by sex and age (%),Female,Age (5-year bands): 55-59,2022,68.467,Observed
Zimbabwe,Labour force participation rate by sex and age (%),Female,Age (5-year bands): 60-64,2022,66.338,Observed
Zimbabwe,Labour force participation rate by sex and age (%),Female,Age (5-year bands): 65+,2022,43.828,Observed
Angola,Unemployment rate by sex and age (%),Total,"Age (Youth, adults): 15+",2022,14.094,Observed
Angola,Unemployment rate by sex and age (%),Total,"Age (Youth, adults): 15-64",2022,14.555,Observed
Angola,Unemployment rate by sex and age (%),Total,"Age (Youth, adults): 15-24",2022,26.585,Observed
Angola,Unemployment rate by sex and age (%),Total,"Age (Youth, adults): 25+",2022,9.757,Observed
Angola,Unemployment rate by sex and age (%),Male,"Age (Youth, adults): 15+",2022,13.818,Observed
Angola,Unemployment rate by sex and age (%),Male,"Age (Youth, adults): 15-64",2022,14.223,Observed
Angola,Unemployment rate by sex and age (%),Male,"Age (Youth, adults): 15-24",2022,26.744,Observed
Angola,Unemployment rate by sex and age (%),Male,"Age (Youth, adults): 25+",2022,9.216,Observed
Angola,Unemployment rate by sex and age (%),Female,"Age (Youth, adults): 15+",2022,14.358,Observed
Angola,Unemployment rate by sex and age (%),Female,"Age (Youth, adults): 15-64",2022,14.874,Observed
Angola,Unemployment rate by sex and age (%),Female,"Age (Youth, adults): 15-24",2022,26.427,Observed
Angola,Unemployment rate by sex and age (%),Female,"Age (Youth, adults): 25+",2022,10.268,Observed
Angola,Unemployment rate by sex and age (%),Total,Age (Aggregate bands): 15+,2022,14.094,Observed
Angola,Unemployment rate by sex and age (%),Total,Age (Aggregate bands): 15-24,2022,26.585,Observed
Angola,Unemployment rate by sex and age (%),Total,Age (Aggregate bands): 25-54,2022,11.024,Observed
Angola,Unemployment rate by sex and age (%),Total,Age (Aggregate bands): 55-64,2022,3.225,Observed
Angola,Unemployment rate by sex and age (%),Total,Age (Aggregate bands): 65+,2022,1.351,Observed
Angola,Unemployment rate by sex and age (%),Male,Age (Aggregate bands): 15+,2022,13.818,Observed
Angola,Unemployment rate by sex and age (%),Male,Age (Aggregate bands): 15-24,2022,26.744,Observed
Angola,Unemployment rate by sex and age (%),Male,Age (Aggregate bands): 25-54,2022,10.271,Observed
Angola,Unemployment rate by sex and age (%),Male,Age (Aggregate bands): 55-64,2022,3.525,Observed
Angola,Unemployment rate by sex and age (%),Male,Age (Aggregate bands): 65+,2022,1.47,Unreliable
Angola,Unemployment rate by sex and age (%),Female,Age (Aggregate bands): 15+,2022,14.358,Observed
Angola,Unemployment rate by sex and age (%),Female,Age (Aggregate bands): 15-24,2022,26.427,Observed
Angola,Unemployment rate by sex and age (%),Female,Age (Aggregate bands): 25-54,2022,11.745,Observed
Angola,Unemployment rate by sex and age (%),Female,Age (Aggregate bands): 55-64,2022,2.962,Observed
Angola,Unemployment rate by sex and age (%),Female,Age (Aggregate bands): 65+,2022,1.256,Unreliable
Angola,Unemployment rate by sex and age (%),Total,Age (10-year bands): 15+,2022,14.094,Observed
Angola,Unemployment rate by sex and age (%),Total,Age (10-year bands): 15-24,2022,26.585,Observed
Angola,Unemployment rate by sex and age (%),Total,Age (10-year bands): 25-34,2022,16.99,Observed
Angola,Unemployment rate by sex and age (%),Total,Age (10-year bands): 35-44,2022,7.674,Observed
Angola,Unemployment rate by sex and age (%),Total,Age (10-year bands): 45-54,2022,4.345,Observed
Angola,Unemployment rate by sex and age (%),Total,Age (10-year bands): 55-64,2022,3.225,Observed
Angola,Unemployment rate by sex and age (%),Total,Age (10-year bands): 65+,2022,1.351,Observed
Angola,Unemployment rate by sex and age (%),Male,Age (10-year bands): 15+,2022,13.818,Observed
Angola,Unemployment rate by sex and age (%),Male,Age (10-year bands): 15-24,2022,26.744,Observed
Angola,Unemployment rate by sex and age (%),Male,Age (10-year bands): 25-34,2022,15.054,Observed
Angola,Unemployment rate by sex and age (%),Male,Age (10-year bands): 35-44,2022,7.535,Observed
Angola,Unemployment rate by sex and age (%),Male,Age (10-year bands): 45-54,2022,5.105,Observed
Angola,Unemployment rate by sex and age (%),Male,Age (10-year bands): 55-64,2022,3.525,Observed
Angola,Unemployment rate by sex and age (%),Male,Age (10-year bands): 65+,2022,1.47,Unreliable
Angola,Unemployment rate by sex and age (%),Female,Age (10-year bands): 15+,2022,14.358,Observed
Angola,Unemployment rate by sex and age (%),Female,Age (10-year bands): 15-24,2022,26.427,Observed
Angola,Unemployment rate by sex and age (%),Female,Age (10-year bands): 25-34,2022,18.816,Observed
Angola,Unemployment rate by sex and age (%),Female,Age (10-year bands): 35-44,2022,7.811,Observed
Angola,Unemployment rate by sex and age (%),Female,Age (10-year bands): 45-54,2022,3.625,Observed
Angola,Unemployment rate by sex and age (%),Female,Age (10-year bands): 55-64,2022,2.962,Observed
Angola,Unemployment rate by sex and age (%),Female,Age (10-year bands): 65+,2022,1.256,Unreliable
Angola,Unemployment rate by sex and age (%),Total,Age (5-year bands): 15+,2022,14.094,Observed
Angola,Unemployment rate by sex and age (%),Total,Age (5-year bands): 15-19,2022,21.785,Observed
Angola,Unemployment rate by sex and age (%),Total,Age (5-year bands): 20-24,2022,30.013,Observed
Angola,Unemployment rate by sex and age (%),Total,Age (5-year bands): 25-29,2022,20.739,Observed
Angola,Unemployment rate by sex and age (%),Total,Age (5-year bands): 30-34,2022,12.895,Observed
Angola,Unemployment rate by sex and age (%),Total,Age (5-year bands): 35-39,2022,8.926,Observed
Angola,Unemployment rate by sex and age (%),Total,Age (5-year bands): 40-44,2022,6.239,Observed
Angola,Unemployment rate by sex and age (%),Total,Age (5-year bands): 45-49,2022,5.085,Observed
Angola,Unemployment rate by sex and age (%),Total,Age (5-year bands): 50-54,2022,3.381,Observed
Angola,Unemployment rate by sex and age (%),Total,Age (5-year bands): 55-59,2022,3.499,Observed
Angola,Unemployment rate by sex and age (%),Total,Age (5-year bands): 60-64,2022,2.886,Observed
Angola,Unemployment rate by sex and age (%),Total,Age (5-year bands): 65+,2022,1.351,Observed
Angola,Unemployment rate by sex and age (%),Male,Age (5-year bands): 15+,2022,13.818,Observed
Angola,Unemployment rate by sex and age (%),Male,Age (5-year bands): 15-19,2022,22.562,Observed
Angola,Unemployment rate by sex and age (%),Male,Age (5-year bands): 20-24,2022,29.866,Observed
Angola,Unemployment rate by sex and age (%),Male,Age (5-year bands): 25-29,2022,19.239,Observed
Angola,Unemployment rate by sex and age (%),Male,Age (5-year bands): 30-34,2022,10.841,Observed
Angola,Unemployment rate by sex and age (%),Male,Age (5-year bands): 35-39,2022,8.639,Observed
Angola,Unemployment rate by sex and age (%),Male,Age (5-year bands): 40-44,2022,6.243,Observed
Angola,Unemployment rate by sex and age (%),Male,Age (5-year bands): 45-49,2022,6.2,Observed
Angola,Unemployment rate by sex and age (%),Male,Age (5-year bands): 50-54,2022,3.699,Observed
Angola,Unemployment rate by sex and age (%),Male,Age (5-year bands): 55-59,2022,4.112,Observed
Angola,Unemployment rate by sex and age (%),Male,Age (5-year bands): 60-64,2022,2.801,Observed
Angola,Unemployment rate by sex and age (%),Male,Age (5-year bands): 65+,2022,1.47,Unreliable
Angola,Unemployment rate by sex and age (%),Female,Age (5-year bands): 15+,2022,14.358,Observed
Angola,Unemployment rate by sex and age (%),Female,Age (5-year bands): 15-19,2022,20.975,Observed
Angola,Unemployment rate by sex and age (%),Female,Age (5-year bands): 20-24,2022,30.153,Observed
Angola,Unemployment rate by sex and age (%),Female,Age (5-year bands): 25-29,2022,22.049,Observed
Angola,Unemployment rate by sex and age (%),Female,Age (5-year bands): 30-34,2022,14.999,Observed
Angola,Unemployment rate by sex and age (%),Female,Age (5-year bands): 35-39,2022,9.216,Observed
Angola,Unemployment rate by sex and age (%),Female,Age (5-year bands): 40-44,2022,6.236,Observed
Angola,Unemployment rate by sex and age (%),Female,Age (5-year bands): 45-49,2022,4.042,Observed
Angola,Unemployment rate by sex and age (%),Female,Age (5-year bands): 50-54,2022,3.074,Observed
Angola,Unemployment rate by sex and age (%),Female,Age (5-year bands): 55-59,2022,2.963,Observed
Angola,Unemployment rate by sex and age (%),Female,Age (5-year bands): 60-64,2022,2.96,Observed
Angola,Unemployment rate by sex and age (%),Female,Age (5-year bands): 65+,2022,1.256,Unreliable
Benin,Unemployment rate by sex and age (%),Total,"Age (Youth, adults): 15+",2022,1.685,Observed
Benin,Unemployment rate by sex and age (%),Total,"Age (Youth, adults): 15-64",2022,1.756,Observed
Benin,Unemployment rate by sex and age (%),Total,"Age (Youth, adults): 15-24",2022,3.166,Observed
Benin,Unemployment rate by sex and age (%),Total,"Age (Youth, adults): 25+",2022,1.262,Observed
Benin,Unemployment rate by sex and age (%),Male,"Age (Youth, adults): 15+",2022,1.894,Observed
Benin,Unemployment rate by sex and age (%),Male,"Age (Youth, adults): 15-64",2022,1.976,Observed
Benin,Unemployment rate by sex and age (%),Male,"Age (Youth, adults): 15-24",2022,3.608,Observed
Benin,Unemployment rate by sex and age (%),Male,"Age (Youth, adults): 25+",2022,1.369,Observed
Benin,Unemployment rate by sex and age (%),Female,"Age (Youth, adults): 15+",2022,1.493,Observed
Benin,Unemployment rate by sex and age (%),Female,"Age (Youth, adults): 15-64",2022,1.555,Observed
Benin,Unemployment rate by sex and age (%),Female,"Age (Youth, adults): 15-24",2022,2.714,Observed
Benin,Unemployment rate by sex and age (%),Female,"Age (Youth, adults): 25+",2022,1.167,Observed
Benin,Unemployment rate by sex and age (%),Total,Age (Aggregate bands): 15+,2022,1.685,Observed
Benin,Unemployment rate by sex and age (%),Total,Age (Aggregate bands): 15-24,2022,3.166,Observed
Benin,Unemployment rate by sex and age (%),Total,Age (Aggregate bands): 25-54,2022,1.473,Observed
Benin,Unemployment rate by sex and age (%),Total,Age (Aggregate bands): 55-64,2022,,Unreliable
Benin,Unemployment rate by sex and age (%),Total,Age (Aggregate bands): 65+,2022,,Unreliable
Benin,Unemployment rate by sex and age (%),Male,Age (Aggregate bands): 15+,2022,1.894,Observed
Benin,Unemployment rate by sex and age (%),Male,Age (Aggregate bands): 15-24,2022,3.608,Observed
Benin,Unemployment rate by sex and age (%),Male,Age (Aggregate bands): 25-54,2022,1.605,Observed
Benin,Unemployment rate by sex and age (%),Male,Age (Aggregate bands): 55-64,2022,,Unreliable
Benin,Unemployment rate by sex and age (%),Male,Age (Aggregate bands): 65+,2022,,Unreliable
Benin,Unemployment rate by sex and age (%),Female,Age (Aggregate bands): 15+,2022,1.493,Observed
Benin,Unemployment rate by sex and age (%),Female,Age (Aggregate bands): 15-24,2022,2.714,Observed
Benin,Unemployment rate by sex and age (%),Female,Age (Aggregate bands): 25-54,2022,1.356,Observed
Benin,Unemployment rate by sex and age (%),Female,Age (Aggregate bands): 55-64,2022,,Unreliable
Benin,Unemployment rate by sex and age (%),Female,Age (Aggregate bands): 65+,2022,,Unreliable
Benin,Unemployment rate by sex and age (%),Total,Age (10-year bands): 15+,2022,1.685,Observed
Benin,Unemployment rate by sex and age (%),Total,Age (10-year bands): 15-24,2022,3.166,Observed
Benin,Unemployment rate by sex and age (%),Total,Age (10-year bands): 25-34,2022,2.536,Observed
Benin,Unemployment rate by sex and age (%),Total,Age (10-year bands): 35-44,2022,1.029,Observed
Benin,Unemployment rate by sex and age (%),Total,Age (10-year bands): 45-54,2022,0.416,Unreliable
Benin,Unemployment rate by sex and age (%),Total,Age (10-year bands): 55-64,2022,,Unreliable
Benin,Unemployment rate by sex and age (%),Total,Age (10-year bands): 65+,2022,,Unreliable
Benin,Unemployment rate by sex and age (%),Male,Age (10-year bands): 15+,2022,1.894,Observed
Benin,Unemployment rate by sex and age (%),Male,Age (10-year bands): 15-24,2022,3.608,Observed
Benin,Unemployment rate by sex and age (%),Male,Age (10-year bands): 25-34,2022,3.019,Observed
Benin,Unemployment rate by sex and age (%),Male,Age (10-year bands): 35-44,2022,0.782,Unreliable
Benin,Unemployment rate by sex and age (%),Male,Age (10-year bands): 45-54,2022,0.753,Unreliable
Benin,Unemployment rate by sex and age (%),Male,Age (10-year bands): 55-64,2022,,Unreliable
Benin,Unemployment rate by sex and age (%),Male,Age (10-year bands): 65+,2022,,Unreliable
Benin,Unemployment rate by sex and age (%),Female,Age (10-year bands): 15+,2022,1.493,Observed
Benin,Unemployment rate by sex and age (%),Female,Age (10-year bands): 15-24,2022,2.714,Observed
Benin,Unemployment rate by sex and age (%),Female,Age (10-year bands): 25-34,2022,2.15,Observed
Benin,Unemployment rate by sex and age (%),Female,Age (10-year bands): 35-44,2022,1.244,Observed
Benin,Unemployment rate by sex and age (%),Female,Age (10-year bands): 45-54,2022,,Unreliable
Benin,Unemployment rate by sex and age (%),Female,Age (10-year bands): 55-64,2022,,Unreliable
Benin,Unemployment rate by sex and age (%),Female,Age (10-year bands): 65+,2022,,Unreliable
Benin,Unemployment rate by sex and age (%),Total,Age (5-year bands): 15+,2022,1.685,Observed
Benin,Unemployment rate by sex and age (%),Total,Age (5-year bands): 15-19,2022,2.128,Observed
Benin,Unemployment rate by sex and age (%),Total,Age (5-year bands): 20-24,2022,4.145,Observed
Benin,Unemployment rate by sex and age (%),Total,Age (5-year bands): 25-29,2022,3.118,Observed
Benin,Unemployment rate by sex and age (%),Total,Age (5-year bands): 30-34,2022,1.97,Observed
Benin,Unemployment rate by sex and age (%),Total,Age (5-year bands): 35-39,2022,1.254,Observed
Benin,Unemployment rate by sex and age (%),Total,Age (5-year bands): 40-44,2022,0.796,Observed
Benin,Unemployment rate by sex and age (%),Total,Age (5-year bands): 45-49,2022,0.515,Unreliable
Benin,Unemployment rate by sex and age (%),Total,Age (5-year bands): 50-54,2022,,Unreliable
Benin,Unemployment rate by sex and age (%),Total,Age (5-year bands): 55-59,2022,,Unreliable
Benin,Unemployment rate by sex and age (%),Total,Age (5-year bands): 65+,2022,,Unreliable
Benin,Unemployment rate by sex and age (%),Male,Age (5-year bands): 15+,2022,1.894,Observed
Benin,Unemployment rate by sex and age (%),Male,Age (5-year bands): 15-19,2022,2.464,Observed
Benin,Unemployment rate by sex and age (%),Male,Age (5-year bands): 20-24,2022,4.796,Observed
Benin,Unemployment rate by sex and age (%),Male,Age (5-year bands): 25-29,2022,3.295,Observed
Benin,Unemployment rate by sex and age (%),Male,Age (5-year bands): 30-34,2022,2.762,Observed
Benin,Unemployment rate by sex and age (%),Male,Age (5-year bands): 35-39,2022,0.694,Unreliable
Benin,Unemployment rate by sex and age (%),Male,Age (5-year bands): 40-44,2022,0.874,Unreliable
Benin,Unemployment rate by sex and age (%),Male,Age (5-year bands): 45-49,2022,0.923,Unreliable
Benin,Unemployment rate by sex and age (%),Male,Age (5-year bands): 50-54,2022,,Unreliable
Benin,Unemployment rate by sex and age (%),Male,Age (5-year bands): 55-59,2022,,Unreliable
Benin,Unemployment rate by sex and age (%),Male,Age (5-year bands): 65+,2022,,Unreliable
Benin,Unemployment rate by sex and age (%),Female,Age (5-year bands): 15+,2022,1.493,Observed
Benin,Unemployment rate by sex and age (%),Female,Age (5-year bands): 15-19,2022,1.748,Observed
Benin,Unemployment rate by sex and age (%),Female,Age (5-year bands): 20-24,2022,3.539,Observed
Benin,Unemployment rate by sex and age (%),Female,Age (5-year bands): 25-29,2022,2.981,Observed
Benin,Unemployment rate by sex and age (%),Female,Age (5-year bands): 30-34,2022,1.318,Observed
Benin,Unemployment rate by sex and age (%),Female,Age (5-year bands): 35-39,2022,1.743,Observed
Benin,Unemployment rate by sex and age (%),Female,Age (5-year bands): 40-44,2022,0.729,Unreliable
Benin,Unemployment rate by sex and age (%),Female,Age (5-year bands): 45-49,2022,,Unreliable
Benin,Unemployment rate by sex and age (%),Female,Age (5-year bands): 50-54,2022,,Unreliable
Benin,Unemployment rate by sex and age (%),Female,Age (5-year bands): 55-59,2022,,Unreliable
Benin,Unemployment rate by sex and age (%),Female,Age (5-year bands): 65+,2022,,Unreliable
Burkina Faso,Unemployment rate by sex and age (%),Total,"Age (Youth, adults): 15+",2022,1.927,Observed
Burkina Faso,Unemployment rate by sex and age (%),Total,"Age (Youth, adults): 15-64",2022,2.003,Observed
Burkina Faso,Unemployment rate by sex and age (%),Total,"Age (Youth, adults): 15-24",2022,3.421,Observed
Burkina Faso,Unemployment rate by sex and age (%),Total,"Age (Youth, adults): 25+",2022,1.39,Observed
Burkina Faso,Unemployment rate by sex and age (%),Male,"Age (Youth, adults): 15+",2022,1.911,Observed
Burkina Faso,Unemployment rate by sex and age (%),Male,"Age (Youth, adults): 15-64",2022,1.984,Observed
Burkina Faso,Unemployment rate by sex and age (%),Male,"Age (Youth, adults): 15-24",2022,3.703,Observed
Burkina Faso,Unemployment rate by sex and age (%),Male,"Age (Youth, adults): 25+",2022,1.245,Observed
Burkina Faso,Unemployment rate by sex and age (%),Female,"Age (Youth, adults): 15+",2022,1.943,Observed
Burkina Faso,Unemployment rate by sex and age (%),Female,"Age (Youth, adults): 15-64",2022,2.022,Observed
Burkina Faso,Unemployment rate by sex and age (%),Female,"Age (Youth, adults): 15-24",2022,3.134,Observed
Burkina Faso,Unemployment rate by sex and age (%),Female,"Age (Youth, adults): 25+",2022,1.529,Observed
Burkina Faso,Unemployment rate by sex and age (%),Total,Age (Aggregate bands): 15+,2022,1.927,Observed
Burkina Faso,Unemployment rate by sex and age (%),Total,Age (Aggregate bands): 15-24,2022,3.421,Observed
Burkina Faso,Unemployment rate by sex and age (%),Total,Age (Aggregate bands): 25-54,2022,1.569,Observed
Burkina Faso,Unemployment rate by sex and age (%),Total,Age (Aggregate bands): 55-64,2022,0.651,Unreliable
Burkina Faso,Unemployment rate by sex and age (%),Total,Age (Aggregate bands): 65+,2022,,Unreliable
Burkina Faso,Unemployment rate by sex and age (%),Male,Age (Aggregate bands): 15+,2022,1.911,Observed
Burkina Faso,Unemployment rate by sex and age (%),Male,Age (Aggregate bands): 15-24,2022,3.703,Observed
Burkina Faso,Unemployment rate by sex and age (%),Male,Age (Aggregate bands): 25-54,2022,1.357,Observed
Burkina Faso,Unemployment rate by sex and age (%),Male,Age (Aggregate bands): 55-64,2022,0.895,Unreliable
Burkina Faso,Unemployment rate by sex and age (%),Male,Age (Aggregate bands): 65+,2022,,Unreliable
Burkina Faso,Unemployment rate by sex and age (%),Female,Age (Aggregate bands): 15+,2022,1.943,Observed
Burkina Faso,Unemployment rate by sex and age (%),Female,Age (Aggregate bands): 15-24,2022,3.134,Observed
Burkina Faso,Unemployment rate by sex and age (%),Female,Age (Aggregate bands): 25-54,2022,1.763,Observed
Burkina Faso,Unemployment rate by sex and age (%),Female,Age (Aggregate bands): 55-64,2022,0.374,Unreliable
Burkina Faso,Unemployment rate by sex and age (%),Female,Age (Aggregate bands): 65+,2022,,Unreliable
Burkina Faso,Unemployment rate by sex and age (%),Total,Age (10-year bands): 15+,2022,1.927,Observed
Burkina Faso,Unemployment rate by sex and age (%),Total,Age (10-year bands): 15-24,2022,3.421,Observed
Burkina Faso,Unemployment rate by sex and age (%),Total,Age (10-year bands): 25-34,2022,2.204,Observed
Burkina Faso,Unemployment rate by sex and age (%),Total,Age (10-year bands): 35-44,2022,1.403,Observed
Burkina Faso,Unemployment rate by sex and age (%),Total,Age (10-year bands): 45-54,2022,0.658,Unreliable
Burkina Faso,Unemployment rate by sex and age (%),Total,Age (10-year bands): 55-64,2022,0.651,Unreliable
Burkina Faso,Unemployment rate by sex and age (%),Total,Age (10-year bands): 65+,2022,,Unreliable
Burkina Faso,Unemployment rate by sex and age (%),Male,Age (10-year bands): 15+,2022,1.911,Observed
Burkina Faso,Unemployment rate by sex and age (%),Male,Age (10-year bands): 15-24,2022,3.703,Observed
Burkina Faso,Unemployment rate by sex and age (%),Male,Age (10-year bands): 25-34,2022,2.077,Observed
Burkina Faso,Unemployment rate by sex and age (%),Male,Age (10-year bands): 35-44,2022,1.084,Observed
Burkina Faso,Unemployment rate by sex and age (%),Male,Age (10-year bands): 45-54,2022,0.51,Unreliable
Burkina Faso,Unemployment rate by sex and age (%),Male,Age (10-year bands): 55-64,2022,0.895,Unreliable
Burkina Faso,Unemployment rate by sex and age (%),Male,Age (10-year bands): 65+,2022,,Unreliable
Burkina Faso,Unemployment rate by sex and age (%),Female,Age (10-year bands): 15+,2022,1.943,Observed
Burkina Faso,Unemployment rate by sex and age (%),Female,Age (10-year bands): 15-24,2022,3.134,Observed
Burkina Faso,Unemployment rate by sex and age (%),Female,Age (10-year bands): 25-34,2022,2.316,Observed
Burkina Faso,Unemployment rate by sex and age (%),Female,Age (10-year bands): 35-44,2022,1.696,Observed
Burkina Faso,Unemployment rate by sex and age (%),Female,Age (10-year bands): 45-54,2022,0.801,Unreliable
Burkina Faso,Unemployment rate by sex and age (%),Female,Age (10-year bands): 55-64,2022,0.374,Unreliable
Burkina Faso,Unemployment rate by sex and age (%),Female,Age (10-year bands): 65+,2022,,Unreliable
Burkina Faso,Unemployment rate by sex and age (%),Total,Age (5-year bands): 15+,2022,1.927,Observed
Burkina Faso,Unemployment rate by sex and age (%),Total,Age (5-year bands): 15-19,2022,2.995,Observed
Burkina Faso,Unemployment rate by sex and age (%),Total,Age (5-year bands): 20-24,2022,3.906,Observed
Burkina Faso,Unemployment rate by sex and age (%),Total,Age (5-year bands): 25-29,2022,2.535,Observed
Burkina Faso,Unemployment rate by sex and age (%),Total,Age (5-year bands): 30-34,2022,1.885,Observed
Burkina Faso,Unemployment rate by sex and age (%),Total,Age (5-year bands): 35-39,2022,1.527,Observed
Burkina Faso,Unemployment rate by sex and age (%),Total,Age (5-year bands): 40-44,2022,1.26,Observed
Burkina Faso,Unemployment rate by sex and age (%),Total,Age (5-year bands): 45-49,2022,0.779,Unreliable
Burkina Faso,Unemployment rate by sex and age (%),Total,Age (5-year bands): 50-54,2022,,Unreliable
Burkina Faso,Unemployment rate by sex and age (%),Total,Age (5-year bands): 55-59,2022,0.542,Unreliable
Burkina Faso,Unemployment rate by sex and age (%),Total,Age (5-year bands): 60-64,2022,,Unreliable
Burkina Faso,Unemployment rate by sex and age (%),Total,Age (5-year bands): 65+,2022,,Unreliable
Burkina Faso,Unemployment rate by sex and age (%),Male,Age (5-year bands): 15+,2022,1.911,Observed
Burkina Faso,Unemployment rate by sex and age (%),Male,Age (5-year bands): 15-19,2022,3.025,Observed
Burkina Faso,Unemployment rate by sex and age (%),Male,Age (5-year bands): 20-24,2022,4.578,Observed
Burkina Faso,Unemployment rate by sex and age (%),Male,Age (5-year bands): 25-29,2022,2.786,Observed
Burkina Faso,Unemployment rate by sex and age (%),Male,Age (5-year bands): 30-34,2022,1.396,Observed
Burkina Faso,Unemployment rate by sex and age (%),Male,Age (5-year bands): 35-39,2022,0.675,Unreliable
Burkina Faso,Unemployment rate by sex and age (%),Male,Age (5-year bands): 40-44,2022,1.535,Unreliable
Burkina Faso,Unemployment rate by sex and age (%),Male,Age (5-year bands): 45-49,2022,0.172,Unreliable
Burkina Faso,Unemployment rate by sex and age (%),Male,Age (5-year bands): 50-54,2022,,Unreliable
Burkina Faso,Unemployment rate by sex and age (%),Male,Age (5-year bands): 55-59,2022,0.429,Unreliable
Burkina Faso,Unemployment rate by sex and age (%),Male,Age (5-year bands): 60-64,2022,,Unreliable
Burkina Faso,Unemployment rate by sex and age (%),Male,Age (5-year bands): 65+,2022,,Unreliable
Burkina Faso,Unemployment rate by sex and age (%),Female,Age (5-year bands): 15+,2022,1.943,Observed
Burkina Faso,Unemployment rate by sex and age (%),Female,Age (5-year bands): 15-19,2022,2.96,Observed
Burkina Faso,Unemployment rate by sex and age (%),Female,Age (5-year bands): 20-24,2022,3.307,Observed
Burkina Faso,Unemployment rate by sex and age (%),Female,Age (5-year bands): 25-29,2022,2.313,Observed
Burkina Faso,Unemployment rate by sex and age (%),Female,Age (5-year bands): 30-34,2022,2.319,Observed
Burkina Faso,Unemployment rate by sex and age (%),Female,Age (5-year bands): 35-39,2022,2.278,Observed
Burkina Faso,Unemployment rate by sex and age (%),Female,Age (5-year bands): 40-44,2022,0.996,Unreliable
Burkina Faso,Unemployment rate by sex and age (%),Female,Age (5-year bands): 45-49,2022,,Unreliable
Burkina Faso,Unemployment rate by sex and age (%),Female,Age (5-year bands): 50-54,2022,,Unreliable
Burkina Faso,Unemployment rate by sex and age (%),Female,Age (5-year bands): 55-59,2022,0.678,Unreliable
Burkina Faso,Unemployment rate by sex and age (%),Female,Age (5-year bands): 60-64,2022,,Unreliable
Burkina Faso,Unemployment rate by sex and age (%),Female,Age (5-year bands): 65+,2022,,Unreliable
Botswana,Unemployment rate by sex and age (%),Total,"Age (Youth, adults): 15+",2022,23.615,Observed
Botswana,Unemployment rate by sex and age (%),Total,"Age (Youth, adults): 15-64",2022,24.316,Observed
Botswana,Unemployment rate by sex and age (%),Total,"Age (Youth, adults): 15-24",2022,44.216,Observed
Botswana,Unemployment rate by sex and age (%),Total,"Age (Youth, adults): 25+",2022,20.133,Observed
Botswana,Unemployment rate by sex and age (%),Male,"Age (Youth, adults): 15+",2022,21.378,Observed
Botswana,Unemployment rate by sex and age (%),Male,"Age (Youth, adults): 15-64",2022,22.064,Observed
Botswana,Unemployment rate by sex and age (%),Male,"Age (Youth, adults): 15-24",2022,37.689,Observed
Botswana,Unemployment rate by sex and age (%),Male,"Age (Youth, adults): 25+",2022,18.396,Observed
Botswana,Unemployment rate by sex and age (%),Female,"Age (Youth, adults): 15+",2022,25.928,Observed
Botswana,Unemployment rate by sex and age (%),Female,"Age (Youth, adults): 15-64",2022,26.626,Observed
Botswana,Unemployment rate by sex and age (%),Female,"Age (Youth, adults): 15-24",2022,51.986,Observed
Botswana,Unemployment rate by sex and age (%),Female,"Age (Youth, adults): 25+",2022,21.887,Observed
Botswana,Unemployment rate by sex and age (%),Total,Age (Aggregate bands): 15+,2022,23.615,Observed
Botswana,Unemployment rate by sex and age (%),Total,Age (Aggregate bands): 15-24,2022,44.216,Observed
Botswana,Unemployment rate by sex and age (%),Total,Age (Aggregate bands): 25-54,2022,21.783,Observed
Botswana,Unemployment rate by sex and age (%),Total,Age (Aggregate bands): 55-64,2022,12.094,Observed
Botswana,Unemployment rate by sex and age (%),Total,Age (Aggregate bands): 65+,2022,6.001,Unreliable
Botswana,Unemployment rate by sex and age (%),Male,Age (Aggregate bands): 15+,2022,21.378,Observed
Botswana,Unemployment rate by sex and age (%),Male,Age (Aggregate bands): 15-24,2022,37.689,Observed
Botswana,Unemployment rate by sex and age (%),Male,Age (Aggregate bands): 25-54,2022,19.761,Observed
Botswana,Unemployment rate by sex and age (%),Male,Age (Aggregate bands): 55-64,2022,12.522,Observed
Botswana,Unemployment rate by sex and age (%),Male,Age (Aggregate bands): 65+,2022,5.821,Unreliable
Botswana,Unemployment rate by sex and age (%),Female,Age (Aggregate bands): 15+,2022,25.928,Observed
Botswana,Unemployment rate by sex and age (%),Female,Age (Aggregate bands): 15-24,2022,51.986,Observed
Botswana,Unemployment rate by sex and age (%),Female,Age (Aggregate bands): 25-54,2022,23.823,Observed
Botswana,Unemployment rate by sex and age (%),Female,Age (Aggregate bands): 55-64,2022,11.703,Observed
Botswana,Unemployment rate by sex and age (%),Female,Age (Aggregate bands): 65+,2022,6.231,Unreliable
Botswana,Unemployment rate by sex and age (%),Total,Age (10-year bands): 15+,2022,23.615,Observed
Botswana,Unemployment rate by sex and age (%),Total,Age (10-year bands): 15-24,2022,44.216,Observed
Botswana,Unemployment rate by sex and age (%),Total,Age (10-year bands): 25-34,2022,27.992,Observed
Botswana,Unemployment rate by sex and age (%),Total,Age (10-year bands): 35-44,2022,20.144,Observed
Botswana,Unemployment rate by sex and age (%),Total,Age (10-year bands): 45-54,2022,13.584,Observed
Botswana,Unemployment rate by sex and age (%),Total,Age (10-year bands): 55-64,2022,12.094,Observed
Botswana,Unemployment rate by sex and age (%),Total,Age (10-year bands): 65+,2022,6.001,Unreliable
Botswana,Unemployment rate by sex and age (%),Male,Age (10-year bands): 15+,2022,21.378,Observed
Botswana,Unemployment rate by sex and age (%),Male,Age (10-year bands): 15-24,2022,37.689,Observed
Botswana,Unemployment rate by sex and age (%),Male,Age (10-year bands): 25-34,2022,25.294,Observed
Botswana,Unemployment rate by sex and age (%),Male,Age (10-year bands): 35-44,2022,18.564,Observed
Botswana,Unemployment rate by sex and age (%),Male,Age (10-year bands): 45-54,2022,12.464,Observed
Botswana,Unemployment rate by sex and age (%),Male,Age (10-year bands): 55-64,2022,12.522,Observed
Botswana,Unemployment rate by sex and age (%),Male,Age (10-year bands): 65+,2022,5.821,Unreliable
Botswana,Unemployment rate by sex and age (%),Female,Age (10-year bands): 15+,2022,25.928,Observed
Botswana,Unemployment rate by sex and age (%),Female,Age (10-year bands): 15-24,2022,51.986,Observed
Botswana,Unemployment rate by sex and age (%),Female,Age (10-year bands): 25-34,2022,30.571,Observed
Botswana,Unemployment rate by sex and age (%),Female,Age (10-year bands): 35-44,2022,21.783,Observed
Botswana,Unemployment rate by sex and age (%),Female,Age (10-year bands): 45-54,2022,14.769,Observed
Botswana,Unemployment rate by sex and age (%),Female,Age (10-year bands): 55-64,2022,11.703,Observed
Botswana,Unemployment rate by sex and age (%),Female,Age (10-year bands): 65+,2022,6.231,Unreliable
Botswana,Unemployment rate by sex and age (%),Total,Age (5-year bands): 15+,2022,23.615,Observed
Botswana,Unemployment rate by sex and age (%),Total,Age (5-year bands): 15-19,2022,53.406,Observed
Botswana,Unemployment rate by sex and age (%),Total,Age (5-year bands): 20-24,2022,41.524,Observed
Botswana,Unemployment rate by sex and age (%),Total,Age (5-year bands): 25-29,2022,30.738,Observed
Botswana,Unemployment rate by sex and age (%),Total,Age (5-year bands): 30-34,2022,25.424,Observed
Botswana,Unemployment rate by sex and age (%),Total,Age (5-year bands): 35-39,2022,21.135,Observed
Botswana,Unemployment rate by sex and age (%),Total,Age (5-year bands): 40-44,2022,18.871,Observed
Botswana,Unemployment rate by sex and age (%),Total,Age (5-year bands): 45-49,2022,14.609,Observed
Botswana,Unemployment rate by sex and age (%),Total,Age (5-year bands): 50-54,2022,12.167,Observed
Botswana,Unemployment rate by sex and age (%),Total,Age (5-year bands): 55-59,2022,12.042,Observed
Botswana,Unemployment rate by sex and age (%),Total,Age (5-year bands): 60-64,2022,12.18,Observed
Botswana,Unemployment rate by sex and age (%),Total,Age (5-year bands): 65+,2022,6.001,Unreliable
Botswana,Unemployment rate by sex and age (%),Male,Age (5-year bands): 15+,2022,21.378,Observed
Botswana,Unemployment rate by sex and age (%),Male,Age (5-year bands): 15-19,2022,45.245,Observed
Botswana,Unemployment rate by sex and age (%),Male,Age (5-year bands): 20-24,2022,34.873,Observed
Botswana,Unemployment rate by sex and age (%),Male,Age (5-year bands): 25-29,2022,25.719,Observed
Botswana,Unemployment rate by sex and age (%),Male,Age (5-year bands): 30-34,2022,24.935,Observed
Botswana,Unemployment rate by sex and age (%),Male,Age (5-year bands): 35-39,2022,19.245,Observed
Botswana,Unemployment rate by sex and age (%),Male,Age (5-year bands): 40-44,2022,17.645,Observed
Botswana,Unemployment rate by sex and age (%),Male,Age (5-year bands): 45-49,2022,14.954,Observed
Botswana,Unemployment rate by sex and age (%),Male,Age (5-year bands): 50-54,2022,9.044,Observed
Botswana,Unemployment rate by sex and age (%),Male,Age (5-year bands): 55-59,2022,12.479,Observed
Botswana,Unemployment rate by sex and age (%),Male,Age (5-year bands): 60-64,2022,12.589,Unreliable
Botswana,Unemployment rate by sex and age (%),Male,Age (5-year bands): 65+,2022,5.821,Unreliable
Botswana,Unemployment rate by sex and age (%),Female,Age (5-year bands): 15+,2022,25.928,Observed
Botswana,Unemployment rate by sex and age (%),Female,Age (5-year bands): 15-19,2022,68.661,Observed
Botswana,Unemployment rate by sex and age (%),Female,Age (5-year bands): 20-24,2022,48.498,Observed
Botswana,Unemployment rate by sex and age (%),Female,Age (5-year bands): 25-29,2022,35.055,Observed
Botswana,Unemployment rate by sex and age (%),Female,Age (5-year bands): 30-34,2022,25.941,Observed
Botswana,Unemployment rate by sex and age (%),Female,Age (5-year bands): 35-39,2022,23.188,Observed
Botswana,Unemployment rate by sex and age (%),Female,Age (5-year bands): 40-44,2022,20.072,Observed
Botswana,Unemployment rate by sex and age (%),Female,Age (5-year bands): 45-49,2022,14.246,Observed
Botswana,Unemployment rate by sex and age (%),Female,Age (5-year bands): 50-54,2022,15.498,Observed
Botswana,Unemployment rate by sex and age (%),Female,Age (5-year bands): 55-59,2022,11.665,Observed
Botswana,Unemployment rate by sex and age (%),Female,Age (5-year bands): 60-64,2022,11.77,Unreliable
Botswana,Unemployment rate by sex and age (%),Female,Age (5-year bands): 65+,2022,6.231,Unreliable
Côte d'Ivoire,Unemployment rate by sex and age (%),Total,"Age (Youth, adults): 15+",2022,2.31,Observed
Côte d'Ivoire,Unemployment rate by sex and age (%),Total,"Age (Youth, adults): 15-64",2022,2.384,Observed
Côte d'Ivoire,Unemployment rate by sex and age (%),Total,"Age (Youth, adults): 15-24",2022,4.386,Observed
Côte d'Ivoire,Unemployment rate by sex and age (%),Total,"Age (Youth, adults): 25+",2022,1.914,Observed
Côte d'Ivoire,Unemployment rate by sex and age (%),Male,"Age (Youth, adults): 15+",2022,2.097,Observed
Côte d'Ivoire,Unemployment rate by sex and age (%),Male,"Age (Youth, adults): 15-64",2022,2.162,Observed
Côte d'Ivoire,Unemployment rate by sex and age (%),Male,"Age (Youth, adults): 15-24",2022,3.984,Observed
Côte d'Ivoire,Unemployment rate by sex and age (%),Male,"Age (Youth, adults): 25+",2022,1.733,Observed
Côte d'Ivoire,Unemployment rate by sex and age (%),Female,"Age (Youth, adults): 15+",2022,2.554,Observed
Côte d'Ivoire,Unemployment rate by sex and age (%),Female,"Age (Youth, adults): 15-64",2022,2.635,Observed
Côte d'Ivoire,Unemployment rate by sex and age (%),Female,"Age (Youth, adults): 15-24",2022,4.853,Observed
Côte d'Ivoire,Unemployment rate by sex and age (%),Female,"Age (Youth, adults): 25+",2022,2.12,Observed
Côte d'Ivoire,Unemployment rate by sex and age (%),Total,Age (Aggregate bands): 15+,2022,2.31,Observed
Côte d'Ivoire,Unemployment rate by sex and age (%),Total,Age (Aggregate bands): 15-24,2022,4.386,Observed
Côte d'Ivoire,Unemployment rate by sex and age (%),Total,Age (Aggregate bands): 25-54,2022,2.187,Observed
Côte d'Ivoire,Unemployment rate by sex and age (%),Total,Age (Aggregate bands): 55-64,2022,0.452,Unreliable
Côte d'Ivoire,Unemployment rate by sex and age (%),Total,Age (Aggregate bands): 65+,2022,,Unreliable
Côte d'Ivoire,Unemployment rate by sex and age (%),Male,Age (Aggregate bands): 15+,2022,2.097,Observed
Côte d'Ivoire,Unemployment rate by sex and age (%),Male,Age (Aggregate bands): 15-24,2022,3.984,Observed
Côte d'Ivoire,Unemployment rate by sex and age (%),Male,Age (Aggregate bands): 25-54,2022,1.932,Observed
Côte d'Ivoire,Unemployment rate by sex and age (%),Male,Age (Aggregate bands): 55-64,2022,0.8,Unreliable
Côte d'Ivoire,Unemployment rate by sex and age (%),Male,Age (Aggregate bands): 65+,2022,,Unreliable
Côte d'Ivoire,Unemployment rate by sex and age (%),Female,Age (Aggregate bands): 15+,2022,2.554,Observed
Côte d'Ivoire,Unemployment rate by sex and age (%),Female,Age (Aggregate bands): 15-24,2022,4.853,Observed
Côte d'Ivoire,Unemployment rate by sex and age (%),Female,Age (Aggregate bands): 25-54,2022,2.467,Observed
Côte d'Ivoire,Unemployment rate by sex and age (%),Female,Age (Aggregate bands): 55-64,2022,,Unreliable
Côte d'Ivoire,Unemployment rate by sex and age (%),Female,Age (Aggregate bands): 65+,2022,,Unreliable
Côte d'Ivoire,Unemployment rate by sex and age (%),Total,Age (10-year bands): 15+,2022,2.31,Observed
Côte d'Ivoire,Unemployment rate by sex and age (%),Total,Age (10-year bands): 15-24,2022,4.386,Observed
Côte d'Ivoire,Unemployment rate by sex and age (%),Total,Age (10-year bands): 25-34,2022,4.077,Observed
Côte d'Ivoire,Unemployment rate by sex and age (%),Total,Age (10-year bands): 35-44,2022,1.238,Observed
Côte d'Ivoire,Unemployment rate by sex and age (%),Total,Age (10-year bands): 45-54,2022,0.929,Observed
Côte d'Ivoire,Unemployment rate by sex and age (%),Total,Age (10-year bands): 55-64,2022,0.452,Unreliable
Côte d'Ivoire,Unemployment rate by sex and age (%),Total,Age (10-year bands): 65+,2022,,Unreliable
Côte d'Ivoire,Unemployment rate by sex and age (%),Male,Age (10-year bands): 15+,2022,2.097,Observed
Côte d'Ivoire,Unemployment rate by sex and age (%),Male,Age (10-year bands): 15-24,2022,3.984,Observed
Côte d'Ivoire,Unemployment rate by sex and age (%),Male,Age (10-year bands): 25-34,2022,4.259,Observed
Côte d'Ivoire,Unemployment rate by sex and age (%),Male,Age (10-year bands): 35-44,2022,0.834,Observed
Côte d'Ivoire,Unemployment rate by sex and age (%),Male,Age (10-year bands): 45-54,2022,0.587,Unreliable
Côte d'Ivoire,Unemployment rate by sex and age (%),Male,Age (10-year bands): 55-64,2022,0.8,Unreliable
Côte d'Ivoire,Unemployment rate by sex and age (%),Male,Age (10-year bands): 65+,2022,,Unreliable
Côte d'Ivoire,Unemployment rate by sex and age (%),Female,Age (10-year bands): 15+,2022,2.554,Observed
Côte d'Ivoire,Unemployment rate by sex and age (%),Female,Age (10-year bands): 15-24,2022,4.853,Observed
Côte d'Ivoire,Unemployment rate by sex and age (%),Female,Age (10-year bands): 25-34,2022,3.9,Observed
Côte d'Ivoire,Unemployment rate by sex and age (%),Female,Age (10-year bands): 35-44,2022,1.702,Observed
Côte d'Ivoire,Unemployment rate by sex and age (%),Female,Age (10-year bands): 45-54,2022,1.353,Unreliable
Côte d'Ivoire,Unemployment rate by sex and age (%),Female,Age (10-year bands): 55-64,2022,,Unreliable
Côte d'Ivoire,Unemployment rate by sex and age (%),Female,Age (10-year bands): 65+,2022,,Unreliable
Côte d'Ivoire,Unemployment rate by sex and age (%),Total,Age (5-year bands): 15+,2022,2.31,Observed
Côte d'Ivoire,Unemployment rate by sex and age (%),Total,Age (5-year bands): 15-19,2022,2.795,Observed
Côte d'Ivoire,Unemployment rate by sex and age (%),Total,Age (5-year bands): 20-24,2022,5.376,Observed
Côte d'Ivoire,Unemployment rate by sex and age (%),Total,Age (5-year bands): 25-29,2022,5.471,Observed
Côte d'Ivoire,Unemployment rate by sex and age (%),Total,Age (5-year bands): 30-34,2022,2.826,Observed
Côte d'Ivoire,Unemployment rate by sex and age (%),Total,Age (5-year bands): 35-39,2022,1.371,Observed
Côte d'Ivoire,Unemployment rate by sex and age (%),Total,Age (5-year bands): 40-44,2022,1.096,Observed
Côte d'Ivoire,Unemployment rate by sex and age (%),Total,Age (5-year bands): 45-49,2022,0.99,Observed
Côte d'Ivoire,Unemployment rate by sex and age (%),Total,Age (5-year bands): 50-54,2022,0.85,Unreliable
Côte d'Ivoire,Unemployment rate by sex and age (%),Total,Age (5-year bands): 55-59,2022,,Unreliable
Côte d'Ivoire,Unemployment rate by sex and age (%),Total,Age (5-year bands): 60-64,2022,,Unreliable
Côte d'Ivoire,Unemployment rate by sex and age (%),Total,Age (5-year bands): 65+,2022,,Unreliable
Côte d'Ivoire,Unemployment rate by sex and age (%),Male,Age (5-year bands): 15+,2022,2.097,Observed
Côte d'Ivoire,Unemployment rate by sex and age (%),Male,Age (5-year bands): 15-19,2022,2.453,Observed
Côte d'Ivoire,Unemployment rate by sex and age (%),Male,Age (5-year bands): 20-24,2022,5.015,Observed
Côte d'Ivoire,Unemployment rate by sex and age (%),Male,Age (5-year bands): 25-29,2022,5.885,Observed
Côte d'Ivoire,Unemployment rate by sex and age (%),Male,Age (5-year bands): 30-34,2022,2.857,Observed
Côte d'Ivoire,Unemployment rate by sex and age (%),Male,Age (5-year bands): 35-39,2022,0.757,Unreliable
Côte d'Ivoire,Unemployment rate by sex and age (%),Male,Age (5-year bands): 40-44,2022,0.915,Unreliable
Côte d'Ivoire,Unemployment rate by sex and age (%),Male,Age (5-year bands): 45-49,2022,0.607,Unreliable
Côte d'Ivoire,Unemployment rate by sex and age (%),Male,Age (5-year bands): 50-54,2022,,Unreliable
Côte d'Ivoire,Unemployment rate by sex and age (%),Male,Age (5-year bands): 55-59,2022,,Unreliable
Côte d'Ivoire,Unemployment rate by sex and age (%),Male,Age (5-year bands): 60-64,2022,,Unreliable
Côte d'Ivoire,Unemployment rate by sex and age (%),Male,Age (5-year bands): 65+,2022,,Unreliable
Côte d'Ivoire,Unemployment rate by sex and age (%),Female,Age (5-year bands): 15+,2022,2.554,Observed
Côte d'Ivoire,Unemployment rate by sex and age (%),Female,Age (5-year bands): 15-19,2022,3.237,Observed
Côte d'Ivoire,Unemployment rate by sex and age (%),Female,Age (5-year bands): 20-24,2022,5.768,Observed
Côte d'Ivoire,Unemployment rate by sex and age (%),Female,Age (5-year bands): 25-29,2022,5.087,Observed
Côte d'Ivoire,Unemployment rate by sex and age (%),Female,Age (5-year bands): 30-34,2022,2.795,Observed
Côte d'Ivoire,Unemployment rate by sex and age (%),Female,Age (5-year bands): 35-39,2022,2.06,Observed
Côte d'Ivoire,Unemployment rate by sex and age (%),Female,Age (5-year bands): 40-44,2022,1.307,Observed
Côte d'Ivoire,Unemployment rate by sex and age (%),Female,Age (5-year bands): 45-49,2022,1.438,Unreliable
Côte d'Ivoire,Unemployment rate by sex and age (%),Female,Age (5-year bands): 50-54,2022,1.235,Unreliable
Côte d'Ivoire,Unemployment rate by sex and age (%),Female,Age (5-year bands): 55-59,2022,,Unreliable
Côte d'Ivoire,Unemployment rate by sex and age (%),Female,Age (5-year bands): 60-64,2022,,Unreliable
Côte d'Ivoire,Unemployment rate by sex and age (%),Female,Age (5-year bands): 65+,2022,,Unreliable
Ghana,Unemployment rate by sex and age (%),Total,"Age (Youth, adults): 15+",2022,2.87,Observed
Ghana,Unemployment rate by sex and age (%),Total,"Age (Youth, adults): 15-64",2022,2.997,Observed
Ghana,Unemployment rate by sex and age (%),Total,"Age (Youth, adults): 15-24",2022,5.191,Observed
Ghana,Unemployment rate by sex and age (%),Total,"Age (Youth, adults): 25+",2022,2.299,Observed
Ghana,Unemployment rate by sex and age (%),Male,"Age (Youth, adults): 15+",2022,2.572,Observed
Ghana,Unemployment rate by sex and age (%),Male,"Age (Youth, adults): 15-64",2022,2.707,Observed
Ghana,Unemployment rate by sex and age (%),Male,"Age (Youth, adults): 15-24",2022,5.155,Observed
Ghana,Unemployment rate by sex and age (%),Male,"Age (Youth, adults): 25+",2022,1.878,Observed
Ghana,Unemployment rate by sex and age (%),Female,"Age (Youth, adults): 15+",2022,3.123,Observed
Ghana,Unemployment rate by sex and age (%),Female,"Age (Youth, adults): 15-64",2022,3.243,Observed
Ghana,Unemployment rate by sex and age (%),Female,"Age (Youth, adults): 15-24",2022,5.225,Observed
Ghana,Unemployment rate by sex and age (%),Female,"Age (Youth, adults): 25+",2022,2.645,Observed
Ghana,Unemployment rate by sex and age (%),Total,Age (Aggregate bands): 15+,2022,2.87,Observed
Ghana,Unemployment rate by sex and age (%),Total,Age (Aggregate bands): 15-24,2022,5.191,Observed
Ghana,Unemployment rate by sex and age (%),Total,Age (Aggregate bands): 25-54,2022,2.694,Observed
Ghana,Unemployment rate by sex and age (%),Total,Age (Aggregate bands): 55-64,2022,0.53,Observed
Ghana,Unemployment rate by sex and age (%),Total,Age (Aggregate bands): 65+,2022,0.503,Observed
Ghana,Unemployment rate by sex and age (%),Male,Age (Aggregate bands): 15+,2022,2.572,Observed
Ghana,Unemployment rate by sex and age (%),Male,Age (Aggregate bands): 15-24,2022,5.155,Observed
Ghana,Unemployment rate by sex and age (%),Male,Age (Aggregate bands): 25-54,2022,2.237,Observed
Ghana,Unemployment rate by sex and age (%),Male,Age (Aggregate bands): 55-64,2022,0.394,Unreliable
Ghana,Unemployment rate by sex and age (%),Male,Age (Aggregate bands): 65+,2022,,Unreliable
Ghana,Unemployment rate by sex and age (%),Female,Age (Aggregate bands): 15+,2022,3.123,Observed
Ghana,Unemployment rate by sex and age (%),Female,Age (Aggregate bands): 15-24,2022,5.225,Observed
Ghana,Unemployment rate by sex and age (%),Female,Age (Aggregate bands): 25-54,2022,3.065,Observed
Ghana,Unemployment rate by sex and age (%),Female,Age (Aggregate bands): 55-64,2022,0.644,Observed
Ghana,Unemployment rate by sex and age (%),Female,Age (Aggregate bands): 65+,2022,0.819,Unreliable
Ghana,Unemployment rate by sex and age (%),Total,Age (10-year bands): 15+,2022,2.87,Observed
Ghana,Unemployment rate by sex and age (%),Total,Age (10-year bands): 15-24,2022,5.191,Observed
Ghana,Unemployment rate by sex and age (%),Total,Age (10-year bands): 25-34,2022,4.663,Observed
Ghana,Unemployment rate by sex and age (%),Total,Age (10-year bands): 35-44,2022,1.944,Observed
Ghana,Unemployment rate by sex and age (%),Total,Age (10-year bands): 45-54,2022,0.899,Observed
Ghana,Unemployment rate by sex and age (%),Total,Age (10-year bands): 55-64,2022,0.53,Observed
Ghana,Unemployment rate by sex and age (%),Total,Age (10-year bands): 65+,2022,0.503,Observed
Ghana,Unemployment rate by sex and age (%),Male,Age (10-year bands): 15+,2022,2.572,Observed
Ghana,Unemployment rate by sex and age (%),Male,Age (10-year bands): 15-24,2022,5.155,Observed
Ghana,Unemployment rate by sex and age (%),Male,Age (10-year bands): 25-34,2022,3.842,Observed
Ghana,Unemployment rate by sex and age (%),Male,Age (10-year bands): 35-44,2022,1.592,Observed
Ghana,Unemployment rate by sex and age (%),Male,Age (10-year bands): 45-54,2022,0.909,Observed
Ghana,Unemployment rate by sex and age (%),Male,Age (10-year bands): 55-64,2022,0.394,Unreliable
Ghana,Unemployment rate by sex and age (%),Male,Age (10-year bands): 65+,2022,,Unreliable
Ghana,Unemployment rate by sex and age (%),Female,Age (10-year bands): 15+,2022,3.123,Observed
Ghana,Unemployment rate by sex and age (%),Female,Age (10-year bands): 15-24,2022,5.225,Observed
Ghana,Unemployment rate by sex and age (%),Female,Age (10-year bands): 25-34,2022,5.307,Observed
Ghana,Unemployment rate by sex and age (%),Female,Age (10-year bands): 35-44,2022,2.23,Observed
Ghana,Unemployment rate by sex and age (%),Female,Age (10-year bands): 45-54,2022,0.891,Observed
Ghana,Unemployment rate by sex and age (%),Female,Age (10-year bands): 55-64,2022,0.644,Observed
Ghana,Unemployment rate by sex and age (%),Female,Age (10-year bands): 65+,2022,0.819,Unreliable
Ghana,Unemployment rate by sex and age (%),Total,Age (5-year bands): 15+,2022,2.87,Observed
Ghana,Unemployment rate by sex and age (%),Total,Age (5-year bands): 15-19,2022,3.078,Observed
Ghana,Unemployment rate by sex and age (%),Total,Age (5-year bands): 20-24,2022,6.609,Observed
Ghana,Unemployment rate by sex and age (%),Total,Age (5-year bands): 25-29,2022,6.276,Observed
Ghana,Unemployment rate by sex and age (%),Total,Age (5-year bands): 30-34,2022,3.122,Observed
Ghana,Unemployment rate by sex and age (%),Total,Age (5-year bands): 35-39,2022,2.053,Observed
Ghana,Unemployment rate by sex and age (%),Total,Age (5-year bands): 40-44,2022,1.822,Observed
Ghana,Unemployment rate by sex and age (%),Total,Age (5-year bands): 45-49,2022,0.695,Observed
Ghana,Unemployment rate by sex and age (%),Total,Age (5-year bands): 50-54,2022,1.141,Observed
Ghana,Unemployment rate by sex and age (%),Total,Age (5-year bands): 55-59,2022,0.49,Observed
Ghana,Unemployment rate by sex and age (%),Total,Age (5-year bands): 60-64,2022,0.588,Unreliable
Ghana,Unemployment rate by sex and age (%),Total,Age (5-year bands): 65+,2022,0.503,Observed
Ghana,Unemployment rate by sex and age (%),Male,Age (5-year bands): 15+,2022,2.572,Observed
Ghana,Unemployment rate by sex and age (%),Male,Age (5-year bands): 15-19,2022,2.844,Observed
Ghana,Unemployment rate by sex and age (%),Male,Age (5-year bands): 20-24,2022,6.818,Observed
Ghana,Unemployment rate by sex and age (%),Male,Age (5-year bands): 25-29,2022,5.595,Observed
Ghana,Unemployment rate by sex and age (%),Male,Age (5-year bands): 30-34,2022,2.111,Observed
Ghana,Unemployment rate by sex and age (%),Male,Age (5-year bands): 35-39,2022,1.898,Observed
Ghana,Unemployment rate by sex and age (%),Male,Age (5-year bands): 40-44,2022,1.248,Observed
Ghana,Unemployment rate by sex and age (%),Male,Age (5-year bands): 45-49,2022,0.428,Unreliable
Ghana,Unemployment rate by sex and age (%),Male,Age (5-year bands): 50-54,2022,1.512,Observed
Ghana,Unemployment rate by sex and age (%),Male,Age (5-year bands): 55-59,2022,0.366,Unreliable
Ghana,Unemployment rate by sex and age (%),Male,Age (5-year bands): 60-64,2022,,Unreliable
Ghana,Unemployment rate by sex and age (%),Male,Age (5-year bands): 65+,2022,,Unreliable
Ghana,Unemployment rate by sex and age (%),Female,Age (5-year bands): 15+,2022,3.123,Observed
Ghana,Unemployment rate by sex and age (%),Female,Age (5-year bands): 15-19,2022,3.325,Observed
Ghana,Unemployment rate by sex and age (%),Female,Age (5-year bands): 20-24,2022,6.418,Observed
Ghana,Unemployment rate by sex and age (%),Female,Age (5-year bands): 25-29,2022,6.827,Observed
Ghana,Unemployment rate by sex and age (%),Female,Age (5-year bands): 30-34,2022,3.893,Observed
Ghana,Unemployment rate by sex and age (%),Female,Age (5-year bands): 35-39,2022,2.178,Observed
Ghana,Unemployment rate by sex and age (%),Female,Age (5-year bands): 40-44,2022,2.289,Observed
Ghana,Unemployment rate by sex and age (%),Female,Age (5-year bands): 45-49,2022,0.935,Observed
Ghana,Unemployment rate by sex and age (%),Female,Age (5-year bands): 50-54,2022,0.841,Observed
Ghana,Unemployment rate by sex and age (%),Female,Age (5-year bands): 55-59,2022,0.593,Observed
Ghana,Unemployment rate by sex and age (%),Female,Age (5-year bands): 60-64,2022,0.718,Unreliable
Ghana,Unemployment rate by sex and age (%),Female,Age (5-year bands): 65+,2022,0.819,Unreliable
Guinea-Bissau,Unemployment rate by sex and age (%),Total,"Age (Youth, adults): 15+",2022,2.666,Observed
Guinea-Bissau,Unemployment rate by sex and age (%),Total,"Age (Youth, adults): 15-64",2022,2.779,Observed
Guinea-Bissau,Unemployment rate by sex and age (%),Total,"Age (Youth, adults): 15-24",2022,2.837,Observed
Guinea-Bissau,Unemployment rate by sex and age (%),Total,"Age (Youth, adults): 25+",2022,2.616,Observed
Guinea-Bissau,Unemployment rate by sex and age (%),Male,"Age (Youth, adults): 15+",2022,3.45,Observed
Guinea-Bissau,Unemployment rate by sex and age (%),Male,"Age (Youth, adults): 15-64",2022,3.599,Observed
Guinea-Bissau,Unemployment rate by sex and age (%),Male,"Age (Youth, adults): 15-24",2022,3.715,Observed
Guinea-Bissau,Unemployment rate by sex and age (%),Male,"Age (Youth, adults): 25+",2022,3.366,Observed
Guinea-Bissau,Unemployment rate by sex and age (%),Female,"Age (Youth, adults): 15+",2022,1.859,Observed
Guinea-Bissau,Unemployment rate by sex and age (%),Female,"Age (Youth, adults): 15-64",2022,1.937,Observed
Guinea-Bissau,Unemployment rate by sex and age (%),Female,"Age (Youth, adults): 15-24",2022,1.798,Observed
Guinea-Bissau,Unemployment rate by sex and age (%),Female,"Age (Youth, adults): 25+",2022,1.875,Observed
Guinea-Bissau,Unemployment rate by sex and age (%),Total,Age (Aggregate bands): 15+,2022,2.666,Observed
Guinea-Bissau,Unemployment rate by sex and age (%),Total,Age (Aggregate bands): 15-24,2022,2.837,Observed
Guinea-Bissau,Unemployment rate by sex and age (%),Total,Age (Aggregate bands): 25-54,2022,3.072,Observed
Guinea-Bissau,Unemployment rate by sex and age (%),Total,Age (Aggregate bands): 55-64,2022,0.3,Unreliable
Guinea-Bissau,Unemployment rate by sex and age (%),Total,Age (Aggregate bands): 65+,2022,,Unreliable
Guinea-Bissau,Unemployment rate by sex and age (%),Male,Age (Aggregate bands): 15+,2022,3.45,Observed
Guinea-Bissau,Unemployment rate by sex and age (%),Male,Age (Aggregate bands): 15-24,2022,3.715,Observed
Guinea-Bissau,Unemployment rate by sex and age (%),Male,Age (Aggregate bands): 25-54,2022,3.959,Observed
Guinea-Bissau,Unemployment rate by sex and age (%),Male,Age (Aggregate bands): 55-64,2022,,Unreliable
Guinea-Bissau,Unemployment rate by sex and age (%),Male,Age (Aggregate bands): 65+,2022,,Unreliable
Guinea-Bissau,Unemployment rate by sex and age (%),Female,Age (Aggregate bands): 15+,2022,1.859,Observed
Guinea-Bissau,Unemployment rate by sex and age (%),Female,Age (Aggregate bands): 15-24,2022,1.798,Observed
Guinea-Bissau,Unemployment rate by sex and age (%),Female,Age (Aggregate bands): 25-54,2022,2.207,Observed
Guinea-Bissau,Unemployment rate by sex and age (%),Female,Age (Aggregate bands): 55-64,2022,,Unreliable
Guinea-Bissau,Unemployment rate by sex and age (%),Female,Age (Aggregate bands): 65+,2022,,Unreliable
Guinea-Bissau,Unemployment rate by sex and age (%),Total,Age (10-year bands): 15+,2022,2.666,Observed
Guinea-Bissau,Unemployment rate by sex and age (%),Total,Age (10-year bands): 15-24,2022,2.837,Observed
Guinea-Bissau,Unemployment rate by sex and age (%),Total,Age (10-year bands): 25-34,2022,4.241,Observed
Guinea-Bissau,Unemployment rate by sex and age (%),Total,Age (10-year bands): 35-44,2022,2.65,Observed
Guinea-Bissau,Unemployment rate by sex and age (%),Total,Age (10-year bands): 45-54,2022,1.321,Observed
Guinea-Bissau,Unemployment rate by sex and age (%),Total,Age (10-year bands): 55-64,2022,0.3,Unreliable
Guinea-Bissau,Unemployment rate by sex and age (%),Total,Age (10-year bands): 65+,2022,,Unreliable
Guinea-Bissau,Unemployment rate by sex and age (%),Male,Age (10-year bands): 15+,2022,3.45,Observed
Guinea-Bissau,Unemployment rate by sex and age (%),Male,Age (10-year bands): 15-24,2022,3.715,Observed
Guinea-Bissau,Unemployment rate by sex and age (%),Male,Age (10-year bands): 25-34,2022,5.669,Observed
Guinea-Bissau,Unemployment rate by sex and age (%),Male,Age (10-year bands): 35-44,2022,3.068,Observed
Guinea-Bissau,Unemployment rate by sex and age (%),Male,Age (10-year bands): 45-54,2022,1.738,Observed
Guinea-Bissau,Unemployment rate by sex and age (%),Male,Age (10-year bands): 55-64,2022,,Unreliable
Guinea-Bissau,Unemployment rate by sex and age (%),Male,Age (10-year bands): 65+,2022,,Unreliable
Guinea-Bissau,Unemployment rate by sex and age (%),Female,Age (10-year bands): 15+,2022,1.859,Observed
Guinea-Bissau,Unemployment rate by sex and age (%),Female,Age (10-year bands): 15-24,2022,1.798,Observed
Guinea-Bissau,Unemployment rate by sex and age (%),Female,Age (10-year bands): 25-34,2022,2.792,Observed
Guinea-Bissau,Unemployment rate by sex and age (%),Female,Age (10-year bands): 35-44,2022,2.255,Observed
Guinea-Bissau,Unemployment rate by sex and age (%),Female,Age (10-year bands): 45-54,2022,0.928,Unreliable
Guinea-Bissau,Unemployment rate by sex and age (%),Female,Age (10-year bands): 55-64,2022,,Unreliable
Guinea-Bissau,Unemployment rate by sex and age (%),Female,Age (10-year bands): 65+,2022,,Unreliable
Guinea-Bissau,Unemployment rate by sex and age (%),Total,Age (5-year bands): 15+,2022,2.666,Observed
Guinea-Bissau,Unemployment rate by sex and age (%),Total,Age (5-year bands): 15-19,2022,1.482,Observed
Guinea-Bissau,Unemployment rate by sex and age (%),Total,Age (5-year bands): 20-24,2022,4.09,Observed
Guinea-Bissau,Unemployment rate by sex and age (%),Total,Age (5-year bands): 25-29,2022,3.701,Observed
Guinea-Bissau,Unemployment rate by sex and age (%),Total,Age (5-year bands): 30-34,2022,4.783,Observed
Guinea-Bissau,Unemployment rate by sex and age (%),Total,Age (5-year bands): 35-39,2022,3.225,Observed
Guinea-Bissau,Unemployment rate by sex and age (%),Total,Age (5-year bands): 40-44,2022,1.959,Observed
Guinea-Bissau,Unemployment rate by sex and age (%),Total,Age (5-year bands): 45-49,2022,1.176,Observed
Guinea-Bissau,Unemployment rate by sex and age (%),Total,Age (5-year bands): 50-54,2022,1.508,Unreliable
Guinea-Bissau,Unemployment rate by sex and age (%),Total,Age (5-year bands): 55-59,2022,,Unreliable
Guinea-Bissau,Unemployment rate by sex and age (%),Total,Age (5-year bands): 60-64,2022,,Unreliable
Guinea-Bissau,Unemployment rate by sex and age (%),Total,Age (5-year bands): 65+,2022,,Unreliable
Guinea-Bissau,Unemployment rate by sex and age (%),Male,Age (5-year bands): 15+,2022,3.45,Observed
Guinea-Bissau,Unemployment rate by sex and age (%),Male,Age (5-year bands): 15-19,2022,1.566,Unreliable
Guinea-Bissau,Unemployment rate by sex and age (%),Male,Age (5-year bands): 20-24,2022,5.956,Observed
Guinea-Bissau,Unemployment rate by sex and age (%),Male,Age (5-year bands): 25-29,2022,5.102,Observed
Guinea-Bissau,Unemployment rate by sex and age (%),Male,Age (5-year bands): 30-34,2022,6.262,Observed
Guinea-Bissau,Unemployment rate by sex and age (%),Male,Age (5-year bands): 35-39,2022,3.456,Observed
Guinea-Bissau,Unemployment rate by sex and age (%),Male,Age (5-year bands): 40-44,2022,2.597,Observed
Guinea-Bissau,Unemployment rate by sex and age (%),Male,Age (5-year bands): 45-49,2022,1.283,Unreliable
Guinea-Bissau,Unemployment rate by sex and age (%),Male,Age (5-year bands): 50-54,2022,2.377,Unreliable
Guinea-Bissau,Unemployment rate by sex and age (%),Male,Age (5-year bands): 55-59,2022,,Unreliable
Guinea-Bissau,Unemployment rate by sex and age (%),Male,Age (5-year bands): 60-64,2022,,Unreliable
Guinea-Bissau,Unemployment rate by sex and age (%),Male,Age (5-year bands): 65+,2022,,Unreliable
Guinea-Bissau,Unemployment rate by sex and age (%),Female,Age (5-year bands): 15+,2022,1.859,Observed
Guinea-Bissau,Unemployment rate by sex and age (%),Female,Age (5-year bands): 15-19,2022,1.367,Unreliable
Guinea-Bissau,Unemployment rate by sex and age (%),Female,Age (5-year bands): 20-24,2022,2.143,Observed
Guinea-Bissau,Unemployment rate by sex and age (%),Female,Age (5-year bands): 25-29,2022,2.212,Observed
Guinea-Bissau,Unemployment rate by sex and age (%),Female,Age (5-year bands): 30-34,2022,3.347,Observed
Guinea-Bissau,Unemployment rate by sex and age (%),Female,Age (5-year bands): 35-39,2022,3.005,Observed
Guinea-Bissau,Unemployment rate by sex and age (%),Female,Age (5-year bands): 40-44,2022,1.36,Unreliable
Guinea-Bissau,Unemployment rate by sex and age (%),Female,Age (5-year bands): 45-49,2022,1.068,Unreliable
Guinea-Bissau,Unemployment rate by sex and age (%),Female,Age (5-year bands): 50-54,2022,0.761,Unreliable
Guinea-Bissau,Unemployment rate by sex and age (%),Female,Age (5-year bands): 55-59,2022,,Unreliable
Guinea-Bissau,Unemployment rate by sex and age (%),Female,Age (5-year bands): 60-64,2022,,Unreliable
Guinea-Bissau,Unemployment rate by sex and age (%),Female,Age (5-year bands): 65+,2022,,Unreliable
Madagascar,Unemployment rate by sex and age (%),Total,"Age (Youth, adults): 15+",2022,3.186,Break in series
Madagascar,Unemployment rate by sex and age (%),Total,"Age (Youth, adults): 15-64",2022,3.248,Break in series
Madagascar,Unemployment rate by sex and age (%),Total,"Age (Youth, adults): 15-24",2022,5.586,Break in series
Madagascar,Unemployment rate by sex and age (%),Total,"Age (Youth, adults): 25+",2022,2.215,Break in series
Madagascar,Unemployment rate by sex and age (%),Male,"Age (Youth, adults): 15+",2022,2.943,Break in series
Madagascar,Unemployment rate by sex and age (%),Male,"Age (Youth, adults): 15-64",2022,2.978,Break in series
Madagascar,Unemployment rate by sex and age (%),Male,"Age (Youth, adults): 15-24",2022,5.478,Break in series
Madagascar,Unemployment rate by sex and age (%),Male,"Age (Youth, adults): 25+",2022,1.908,Break in series
Madagascar,Unemployment rate by sex and age (%),Female,"Age (Youth, adults): 15+",2022,3.457,Break in series
Madagascar,Unemployment rate by sex and age (%),Female,"Age (Youth, adults): 15-64",2022,3.547,Break in series
Madagascar,Unemployment rate by sex and age (%),Female,"Age (Youth, adults): 15-24",2022,5.707,Break in series
Madagascar,Unemployment rate by sex and age (%),Female,"Age (Youth, adults): 25+",2022,2.553,Break in series
Madagascar,Unemployment rate by sex and age (%),Total,Age (Aggregate bands): 15+,2022,3.186,Break in series
Madagascar,Unemployment rate by sex and age (%),Total,Age (Aggregate bands): 15-24,2022,5.586,Break in series
Madagascar,Unemployment rate by sex and age (%),Total,Age (Aggregate bands): 25-54,2022,2.384,Break in series
Madagascar,Unemployment rate by sex and age (%),Total,Age (Aggregate bands): 55-64,2022,1.262,Break in series
Madagascar,Unemployment rate by sex and age (%),Total,Age (Aggregate bands): 65+,2022,1.357,Break in series
Madagascar,Unemployment rate by sex and age (%),Male,Age (Aggregate bands): 15+,2022,2.943,Break in series
Madagascar,Unemployment rate by sex and age (%),Male,Age (Aggregate bands): 15-24,2022,5.478,Break in series
Madagascar,Unemployment rate by sex and age (%),Male,Age (Aggregate bands): 25-54,2022,2.01,Break in series
Madagascar,Unemployment rate by sex and age (%),Male,Age (Aggregate bands): 55-64,2022,1.116,Break in series
Madagascar,Unemployment rate by sex and age (%),Male,Age (Aggregate bands): 65+,2022,1.953,Unreliable
Madagascar,Unemployment rate by sex and age (%),Female,Age (Aggregate bands): 15+,2022,3.457,Break in series
Madagascar,Unemployment rate by sex and age (%),Female,Age (Aggregate bands): 15-24,2022,5.707,Break in series
Madagascar,Unemployment rate by sex and age (%),Female,Age (Aggregate bands): 25-54,2022,2.792,Break in series
Madagascar,Unemployment rate by sex and age (%),Female,Age (Aggregate bands): 55-64,2022,1.43,Break in series
Madagascar,Unemployment rate by sex and age (%),Female,Age (Aggregate bands): 65+,2022,0.613,Unreliable
Madagascar,Unemployment rate by sex and age (%),Total,Age (10-year bands): 15+,2022,3.186,Break in series
Madagascar,Unemployment rate by sex and age (%),Total,Age (10-year bands): 15-24,2022,5.586,Break in series
Madagascar,Unemployment rate by sex and age (%),Total,Age (10-year bands): 25-34,2022,3.046,Break in series
Madagascar,Unemployment rate by sex and age (%),Total,Age (10-year bands): 35-44,2022,1.958,Break in series
Madagascar,Unemployment rate by sex and age (%),Total,Age (10-year bands): 45-54,2022,1.629,Break in series
Madagascar,Unemployment rate by sex and age (%),Total,Age (10-year bands): 55-64,2022,1.262,Break in series
Madagascar,Unemployment rate by sex and age (%),Total,Age (10-year bands): 65+,2022,1.357,Break in series
Madagascar,Unemployment rate by sex and age (%),Male,Age (10-year bands): 15+,2022,2.943,Break in series
Madagascar,Unemployment rate by sex and age (%),Male,Age (10-year bands): 15-24,2022,5.478,Break in series
Madagascar,Unemployment rate by sex and age (%),Male,Age (10-year bands): 25-34,2022,2.738,Break in series
Madagascar,Unemployment rate by sex and age (%),Male,Age (10-year bands): 35-44,2022,1.552,Break in series
Madagascar,Unemployment rate by sex and age (%),Male,Age (10-year bands): 45-54,2022,1.116,Break in series
Madagascar,Unemployment rate by sex and age (%),Male,Age (10-year bands): 55-64,2022,1.116,Break in series
Madagascar,Unemployment rate by sex and age (%),Male,Age (10-year bands): 65+,2022,1.953,Unreliable
Madagascar,Unemployment rate by sex and age (%),Female,Age (10-year bands): 15+,2022,3.457,Break in series
Madagascar,Unemployment rate by sex and age (%),Female,Age (10-year bands): 15-24,2022,5.707,Break in series
Madagascar,Unemployment rate by sex and age (%),Female,Age (10-year bands): 25-34,2022,3.394,Break in series
Madagascar,Unemployment rate by sex and age (%),Female,Age (10-year bands): 35-44,2022,2.385,Break in series
Madagascar,Unemployment rate by sex and age (%),Female,Age (10-year bands): 45-54,2022,2.175,Break in series
Madagascar,Unemployment rate by sex and age (%),Female,Age (10-year bands): 55-64,2022,1.43,Break in series
Madagascar,Unemployment rate by sex and age (%),Female,Age (10-year bands): 65+,2022,0.613,Unreliable
Madagascar,Unemployment rate by sex and age (%),Total,Age (5-year bands): 15+,2022,3.186,Break in series
Madagascar,Unemployment rate by sex and age (%),Total,Age (5-year bands): 15-19,2022,6.149,Break in series
Madagascar,Unemployment rate by sex and age (%),Total,Age (5-year bands): 20-24,2022,5.16,Break in series
Madagascar,Unemployment rate by sex and age (%),Total,Age (5-year bands): 25-29,2022,3.882,Break in series
Madagascar,Unemployment rate by sex and age (%),Total,Age (5-year bands): 30-34,2022,2.075,Break in series
Madagascar,Unemployment rate by sex and age (%),Total,Age (5-year bands): 35-39,2022,2.516,Break in series
Madagascar,Unemployment rate by sex and age (%),Total,Age (5-year bands): 40-44,2022,1.306,Break in series
Madagascar,Unemployment rate by sex and age (%),Total,Age (5-year bands): 45-49,2022,2.094,Break in series
Madagascar,Unemployment rate by sex and age (%),Total,Age (5-year bands): 50-54,2022,1.093,Break in series
Madagascar,Unemployment rate by sex and age (%),Total,Age (5-year bands): 55-59,2022,1.409,Break in series
Madagascar,Unemployment rate by sex and age (%),Total,Age (5-year bands): 60-64,2022,1.092,Break in series
Madagascar,Unemployment rate by sex and age (%),Total,Age (5-year bands): 65+,2022,1.357,Break in series
Madagascar,Unemployment rate by sex and age (%),Male,Age (5-year bands): 15+,2022,2.943,Break in series
Madagascar,Unemployment rate by sex and age (%),Male,Age (5-year bands): 15-19,2022,6.993,Break in series
Madagascar,Unemployment rate by sex and age (%),Male,Age (5-year bands): 20-24,2022,4.334,Break in series
Madagascar,Unemployment rate by sex and age (%),Male,Age (5-year bands): 25-29,2022,3.687,Break in series
Madagascar,Unemployment rate by sex and age (%),Male,Age (5-year bands): 30-34,2022,1.651,Break in series
Madagascar,Unemployment rate by sex and age (%),Male,Age (5-year bands): 35-39,2022,2.206,Break in series
Madagascar,Unemployment rate by sex and age (%),Male,Age (5-year bands): 40-44,2022,0.862,Break in series
Madagascar,Unemployment rate by sex and age (%),Male,Age (5-year bands): 45-49,2022,1.307,Break in series
Madagascar,Unemployment rate by sex and age (%),Male,Age (5-year bands): 50-54,2022,0.906,Break in series
Madagascar,Unemployment rate by sex and age (%),Male,Age (5-year bands): 55-59,2022,1.097,Unreliable
Madagascar,Unemployment rate by sex and age (%),Male,Age (5-year bands): 60-64,2022,1.136,Unreliable
Madagascar,Unemployment rate by sex and age (%),Male,Age (5-year bands): 65+,2022,1.953,Unreliable
Madagascar,Unemployment rate by sex and age (%),Female,Age (5-year bands): 15+,2022,3.457,Break in series
Madagascar,Unemployment rate by sex and age (%),Female,Age (5-year bands): 15-19,2022,5.205,Break in series
Madagascar,Unemployment rate by sex and age (%),Female,Age (5-year bands): 20-24,2022,6.089,Break in series
Madagascar,Unemployment rate by sex and age (%),Female,Age (5-year bands): 25-29,2022,4.101,Break in series
Madagascar,Unemployment rate by sex and age (%),Female,Age (5-year bands): 30-34,2022,2.563,Break in series
Madagascar,Unemployment rate by sex and age (%),Female,Age (5-year bands): 35-39,2022,2.812,Break in series
Madagascar,Unemployment rate by sex and age (%),Female,Age (5-year bands): 40-44,2022,1.829,Break in series
Madagascar,Unemployment rate by sex and age (%),Female,Age (5-year bands): 45-49,2022,2.89,Break in series
Madagascar,Unemployment rate by sex and age (%),Female,Age (5-year bands): 50-54,2022,1.304,Break in series
Madagascar,Unemployment rate by sex and age (%),Female,Age (5-year bands): 55-59,2022,1.743,Unreliable
Madagascar,Unemployment rate by sex and age (%),Female,Age (5-year bands): 60-64,2022,1.039,Unreliable
Madagascar,Unemployment rate by sex and age (%),Female,Age (5-year bands): 65+,2022,0.613,Unreliable
Mali,Unemployment rate by sex and age (%),Total,"Age (Youth, adults): 15+",2022,5.442,Observed
Mali,Unemployment rate by sex and age (%),Total,"Age (Youth, adults): 15-64",2022,5.632,Observed
Mali,Unemployment rate by sex and age (%),Total,"Age (Youth, adults): 15-24",2022,11.561,Observed
Mali,Unemployment rate by sex and age (%),Total,"Age (Youth, adults): 25+",2022,3.955,Observed
Mali,Unemployment rate by sex and age (%),Male,"Age (Youth, adults): 15+",2022,4.499,Observed
Mali,Unemployment rate by sex and age (%),Male,"Age (Youth, adults): 15-64",2022,4.691,Observed
Mali,Unemployment rate by sex and age (%),Male,"Age (Youth, adults): 15-24",2022,9.168,Observed
Mali,Unemployment rate by sex and age (%),Male,"Age (Youth, adults): 25+",2022,3.456,Observed
Mali,Unemployment rate by sex and age (%),Female,"Age (Youth, adults): 15+",2022,6.741,Observed
Mali,Unemployment rate by sex and age (%),Female,"Age (Youth, adults): 15-64",2022,6.9,Observed
Mali,Unemployment rate by sex and age (%),Female,"Age (Youth, adults): 15-24",2022,14.384,Observed
Mali,Unemployment rate by sex and age (%),Female,"Age (Youth, adults): 25+",2022,4.671,Observed
Mali,Unemployment rate by sex and age (%),Total,Age (Aggregate bands): 15+,2022,5.442,Observed
Mali,Unemployment rate by sex and age (%),Total,Age (Aggregate bands): 15-24,2022,11.561,Observed
Mali,Unemployment rate by sex and age (%),Total,Age (Aggregate bands): 25-54,2022,4.633,Observed
Mali,Unemployment rate by sex and age (%),Total,Age (Aggregate bands): 55-64,2022,,Unreliable
Mali,Unemployment rate by sex and age (%),Total,Age (Aggregate bands): 65+,2022,,Unreliable
Mali,Unemployment rate by sex and age (%),Male,Age (Aggregate bands): 15+,2022,4.499,Observed
Mali,Unemployment rate by sex and age (%),Male,Age (Aggregate bands): 15-24,2022,9.168,Observed
Mali,Unemployment rate by sex and age (%),Male,Age (Aggregate bands): 25-54,2022,4.217,Observed
Mali,Unemployment rate by sex and age (%),Male,Age (Aggregate bands): 55-64,2022,,Unreliable
Mali,Unemployment rate by sex and age (%),Male,Age (Aggregate bands): 65+,2022,,Unreliable
Mali,Unemployment rate by sex and age (%),Female,Age (Aggregate bands): 15+,2022,6.741,Observed
Mali,Unemployment rate by sex and age (%),Female,Age (Aggregate bands): 15-24,2022,14.384,Observed
Mali,Unemployment rate by sex and age (%),Female,Age (Aggregate bands): 25-54,2022,5.172,Observed
Mali,Unemployment rate by sex and age (%),Female,Age (Aggregate bands): 55-64,2022,,Unreliable
Mali,Unemployment rate by sex and age (%),Female,Age (Aggregate bands): 65+,2022,,Unreliable
Mali,Unemployment rate by sex and age (%),Total,Age (10-year bands): 15+,2022,5.442,Observed
Mali,Unemployment rate by sex and age (%),Total,Age (10-year bands): 15-24,2022,11.561,Observed
Mali,Unemployment rate by sex and age (%),Total,Age (10-year bands): 25-34,2022,7.783,Observed
Mali,Unemployment rate by sex and age (%),Total,Age (10-year bands): 35-44,2022,3.988,Observed
Mali,Unemployment rate by sex and age (%),Total,Age (10-year bands): 45-54,2022,0.186,Unreliable
Mali,Unemployment rate by sex and age (%),Total,Age (10-year bands): 55-64,2022,,Unreliable
Mali,Unemployment rate by sex and age (%),Total,Age (10-year bands): 65+,2022,,Unreliable
Mali,Unemployment rate by sex and age (%),Male,Age (10-year bands): 15+,2022,4.499,Observed
Mali,Unemployment rate by sex and age (%),Male,Age (10-year bands): 15-24,2022,9.168,Observed
Mali,Unemployment rate by sex and age (%),Male,Age (10-year bands): 25-34,2022,7.524,Observed
Mali,Unemployment rate by sex and age (%),Male,Age (10-year bands): 35-44,2022,3.833,Observed
Mali,Unemployment rate by sex and age (%),Male,Age (10-year bands): 45-54,2022,,Unreliable
Mali,Unemployment rate by sex and age (%),Male,Age (10-year bands): 55-64,2022,,Unreliable
Mali,Unemployment rate by sex and age (%),Male,Age (10-year bands): 65+,2022,,Unreliable
Mali,Unemployment rate by sex and age (%),Female,Age (10-year bands): 15+,2022,6.741,Observed
Mali,Unemployment rate by sex and age (%),Female,Age (10-year bands): 15-24,2022,14.384,Observed
Mali,Unemployment rate by sex and age (%),Female,Age (10-year bands): 25-34,2022,8.042,Observed
Mali,Unemployment rate by sex and age (%),Female,Age (10-year bands): 35-44,2022,4.216,Observed
Mali,Unemployment rate by sex and age (%),Female,Age (10-year bands): 45-54,2022,,Unreliable
Mali,Unemployment rate by sex and age (%),Female,Age (10-year bands): 55-64,2022,,Unreliable
Mali,Unemployment rate by sex and age (%),Female,Age (10-year bands): 65+,2022,,Unreliable
Mali,Unemployment rate by sex and age (%),Total,Age (5-year bands): 15+,2022,5.442,Observed
Mali,Unemployment rate by sex and age (%),Total,Age (5-year bands): 15-19,2022,12.894,Observed
Mali,Unemployment rate by sex and age (%),Total,Age (5-year bands): 20-24,2022,10.29,Observed
Mali,Unemployment rate by sex and age (%),Total,Age (5-year bands): 25-29,2022,9.506,Observed
Mali,Unemployment rate by sex and age (%),Total,Age (5-year bands): 30-34,2022,6.339,Observed
Mali,Unemployment rate by sex and age (%),Total,Age (5-year bands): 35-39,2022,4.756,Observed
Mali,Unemployment rate by sex and age (%),Total,Age (5-year bands): 40-44,2022,2.973,Observed
Mali,Unemployment rate by sex and age (%),Total,Age (5-year bands): 45-49,2022,0.235,Unreliable
Mali,Unemployment rate by sex and age (%),Total,Age (5-year bands): 50-54,2022,,Unreliable
Mali,Unemployment rate by sex and age (%),Total,Age (5-year bands): 55-59,2022,,Unreliable
Mali,Unemployment rate by sex and age (%),Total,Age (5-year bands): 65+,2022,,Unreliable
Mali,Unemployment rate by sex and age (%),Male,Age (5-year bands): 15+,2022,4.499,Observed
Mali,Unemployment rate by sex and age (%),Male,Age (5-year bands): 15-19,2022,9.714,Observed
Mali,Unemployment rate by sex and age (%),Male,Age (5-year bands): 20-24,2022,8.615,Observed
Mali,Unemployment rate by sex and age (%),Male,Age (5-year bands): 25-29,2022,10.222,Observed
Mali,Unemployment rate by sex and age (%),Male,Age (5-year bands): 30-34,2022,5.572,Observed
Mali,Unemployment rate by sex and age (%),Male,Age (5-year bands): 35-39,2022,4.34,Observed
Mali,Unemployment rate by sex and age (%),Male,Age (5-year bands): 40-44,2022,3.187,Observed
Mali,Unemployment rate by sex and age (%),Male,Age (5-year bands): 45-49,2022,,Unreliable
Mali,Unemployment rate by sex and age (%),Male,Age (5-year bands): 50-54,2022,,Unreliable
Mali,Unemployment rate by sex and age (%),Male,Age (5-year bands): 55-59,2022,,Unreliable
Mali,Unemployment rate by sex and age (%),Male,Age (5-year bands): 65+,2022,,Unreliable
Mali,Unemployment rate by sex and age (%),Female,Age (5-year bands): 15+,2022,6.741,Observed
Mali,Unemployment rate by sex and age (%),Female,Age (5-year bands): 15-19,2022,16.928,Observed
Mali,Unemployment rate by sex and age (%),Female,Age (5-year bands): 20-24,2022,12.138,Observed
Mali,Unemployment rate by sex and age (%),Female,Age (5-year bands): 25-29,2022,8.895,Observed
Mali,Unemployment rate by sex and age (%),Female,Age (5-year bands): 30-34,2022,7.216,Observed
Mali,Unemployment rate by sex and age (%),Female,Age (5-year bands): 35-39,2022,5.349,Observed
Mali,Unemployment rate by sex and age (%),Female,Age (5-year bands): 40-44,2022,2.64,Observed
Mali,Unemployment rate by sex and age (%),Female,Age (5-year bands): 45-49,2022,,Unreliable
Mali,Unemployment rate by sex and age (%),Female,Age (5-year bands): 50-54,2022,,Unreliable
Mali,Unemployment rate by sex and age (%),Female,Age (5-year bands): 55-59,2022,,Unreliable
Mali,Unemployment rate by sex and age (%),Female,Age (5-year bands): 65+,2022,,Unreliable
Mozambique,Unemployment rate by sex and age (%),Total,"Age (Youth, adults): 15+",2022,6.789,Observed
Mozambique,Unemployment rate by sex and age (%),Total,"Age (Youth, adults): 15-64",2022,7.15,Observed
Mozambique,Unemployment rate by sex and age (%),Total,"Age (Youth, adults): 15-24",2022,11.727,Observed
Mozambique,Unemployment rate by sex and age (%),Total,"Age (Youth, adults): 25+",2022,4.701,Observed
Mozambique,Unemployment rate by sex and age (%),Male,"Age (Youth, adults): 15+",2022,6.061,Observed
Mozambique,Unemployment rate by sex and age (%),Male,"Age (Youth, adults): 15-64",2022,6.345,Observed
Mozambique,Unemployment rate by sex and age (%),Male,"Age (Youth, adults): 15-24",2022,12.035,Observed
Mozambique,Unemployment rate by sex and age (%),Male,"Age (Youth, adults): 25+",2022,3.58,Observed
Mozambique,Unemployment rate by sex and age (%),Female,"Age (Youth, adults): 15+",2022,7.452,Observed
Mozambique,Unemployment rate by sex and age (%),Female,"Age (Youth, adults): 15-64",2022,7.887,Observed
Mozambique,Unemployment rate by sex and age (%),Female,"Age (Youth, adults): 15-24",2022,11.453,Observed
Mozambique,Unemployment rate by sex and age (%),Female,"Age (Youth, adults): 25+",2022,5.733,Observed
Mozambique,Unemployment rate by sex and age (%),Total,Age (Aggregate bands): 15+,2022,6.789,Observed
Mozambique,Unemployment rate by sex and age (%),Total,Age (Aggregate bands): 15-24,2022,11.727,Observed
Mozambique,Unemployment rate by sex and age (%),Total,Age (Aggregate bands): 25-54,2022,5.492,Observed
Mozambique,Unemployment rate by sex and age (%),Total,Age (Aggregate bands): 55-64,2022,1.609,Observed
Mozambique,Unemployment rate by sex and age (%),Total,Age (Aggregate bands): 65+,2022,0.764,Observed
Mozambique,Unemployment rate by sex and age (%),Male,Age (Aggregate bands): 15+,2022,6.061,Observed
Mozambique,Unemployment rate by sex and age (%),Male,Age (Aggregate bands): 15-24,2022,12.035,Observed
Mozambique,Unemployment rate by sex and age (%),Male,Age (Aggregate bands): 25-54,2022,4.082,Observed
Mozambique,Unemployment rate by sex and age (%),Male,Age (Aggregate bands): 55-64,2022,1.498,Observed
Mozambique,Unemployment rate by sex and age (%),Male,Age (Aggregate bands): 65+,2022,1.056,Observed
Mozambique,Unemployment rate by sex and age (%),Female,Age (Aggregate bands): 15+,2022,7.452,Observed
Mozambique,Unemployment rate by sex and age (%),Female,Age (Aggregate bands): 15-24,2022,11.453,Observed
Mozambique,Unemployment rate by sex and age (%),Female,Age (Aggregate bands): 25-54,2022,6.806,Observed
Mozambique,Unemployment rate by sex and age (%),Female,Age (Aggregate bands): 55-64,2022,1.709,Observed
Mozambique,Unemployment rate by sex and age (%),Female,Age (Aggregate bands): 65+,2022,0.522,Unreliable
Mozambique,Unemployment rate by sex and age (%),Total,Age (10-year bands): 15+,2022,6.789,Observed
Mozambique,Unemployment rate by sex and age (%),Total,Age (10-year bands): 15-24,2022,11.727,Observed
Mozambique,Unemployment rate by sex and age (%),Total,Age (10-year bands): 25-34,2022,8.109,Observed
Mozambique,Unemployment rate by sex and age (%),Total,Age (10-year bands): 35-44,2022,4.135,Observed
Mozambique,Unemployment rate by sex and age (%),Total,Age (10-year bands): 45-54,2022,2.247,Observed
Mozambique,Unemployment rate by sex and age (%),Total,Age (10-year bands): 55-64,2022,1.609,Observed
Mozambique,Unemployment rate by sex and age (%),Total,Age (10-year bands): 65+,2022,0.764,Observed
Mozambique,Unemployment rate by sex and age (%),Male,Age (10-year bands): 15+,2022,6.061,Observed
Mozambique,Unemployment rate by sex and age (%),Male,Age (10-year bands): 15-24,2022,12.035,Observed
Mozambique,Unemployment rate by sex and age (%),Male,Age (10-year bands): 25-34,2022,5.785,Observed
Mozambique,Unemployment rate by sex and age (%),Male,Age (10-year bands): 35-44,2022,3.055,Observed
Mozambique,Unemployment rate by sex and age (%),Male,Age (10-year bands): 45-54,2022,2.047,Observed
Mozambique,Unemployment rate by sex and age (%),Male,Age (10-year bands): 55-64,2022,1.498,Observed
Mozambique,Unemployment rate by sex and age (%),Male,Age (10-year bands): 65+,2022,1.056,Observed
Mozambique,Unemployment rate by sex and age (%),Female,Age (10-year bands): 15+,2022,7.452,Observed
Mozambique,Unemployment rate by sex and age (%),Female,Age (10-year bands): 15-24,2022,11.453,Observed
Mozambique,Unemployment rate by sex and age (%),Female,Age (10-year bands): 25-34,2022,10.362,Observed
Mozambique,Unemployment rate by sex and age (%),Female,Age (10-year bands): 35-44,2022,5.122,Observed
Mozambique,Unemployment rate by sex and age (%),Female,Age (10-year bands): 45-54,2022,2.424,Observed
Mozambique,Unemployment rate by sex and age (%),Female,Age (10-year bands): 55-64,2022,1.709,Observed
Mozambique,Unemployment rate by sex and age (%),Female,Age (10-year bands): 65+,2022,0.522,Unreliable
Mozambique,Unemployment rate by sex and age (%),Total,Age (5-year bands): 15+,2022,6.789,Observed
Mozambique,Unemployment rate by sex and age (%),Total,Age (5-year bands): 15-19,2022,9.942,Observed
Mozambique,Unemployment rate by sex and age (%),Total,Age (5-year bands): 20-24,2022,13.118,Observed
Mozambique,Unemployment rate by sex and age (%),Total,Age (5-year bands): 25-29,2022,9.152,Observed
Mozambique,Unemployment rate by sex and age (%),Total,Age (5-year bands): 30-34,2022,6.819,Observed
Mozambique,Unemployment rate by sex and age (%),Total,Age (5-year bands): 35-39,2022,4.889,Observed
Mozambique,Unemployment rate by sex and age (%),Total,Age (5-year bands): 40-44,2022,3.232,Observed
Mozambique,Unemployment rate by sex and age (%),Total,Age (5-year bands): 45-49,2022,2.322,Observed
Mozambique,Unemployment rate by sex and age (%),Total,Age (5-year bands): 50-54,2022,2.154,Observed
Mozambique,Unemployment rate by sex and age (%),Total,Age (5-year bands): 55-59,2022,2.236,Observed
Mozambique,Unemployment rate by sex and age (%),Total,Age (5-year bands): 60-64,2022,0.88,Observed
Mozambique,Unemployment rate by sex and age (%),Total,Age (5-year bands): 65+,2022,0.764,Observed
Mozambique,Unemployment rate by sex and age (%),Male,Age (5-year bands): 15+,2022,6.061,Observed
Mozambique,Unemployment rate by sex and age (%),Male,Age (5-year bands): 15-19,2022,10.442,Observed
Mozambique,Unemployment rate by sex and age (%),Male,Age (5-year bands): 20-24,2022,13.397,Observed
Mozambique,Unemployment rate by sex and age (%),Male,Age (5-year bands): 25-29,2022,6.949,Observed
Mozambique,Unemployment rate by sex and age (%),Male,Age (5-year bands): 30-34,2022,4.459,Observed
Mozambique,Unemployment rate by sex and age (%),Male,Age (5-year bands): 35-39,2022,3.284,Observed
Mozambique,Unemployment rate by sex and age (%),Male,Age (5-year bands): 40-44,2022,2.803,Observed
Mozambique,Unemployment rate by sex and age (%),Male,Age (5-year bands): 45-49,2022,1.88,Observed
Mozambique,Unemployment rate by sex and age (%),Male,Age (5-year bands): 50-54,2022,2.261,Observed
Mozambique,Unemployment rate by sex and age (%),Male,Age (5-year bands): 55-59,2022,1.758,Observed
Mozambique,Unemployment rate by sex and age (%),Male,Age (5-year bands): 60-64,2022,1.164,Unreliable
Mozambique,Unemployment rate by sex and age (%),Male,Age (5-year bands): 65+,2022,1.056,Observed
Mozambique,Unemployment rate by sex and age (%),Female,Age (5-year bands): 15+,2022,7.452,Observed
Mozambique,Unemployment rate by sex and age (%),Female,Age (5-year bands): 15-19,2022,9.451,Observed
Mozambique,Unemployment rate by sex and age (%),Female,Age (5-year bands): 20-24,2022,12.889,Observed
Mozambique,Unemployment rate by sex and age (%),Female,Age (5-year bands): 25-29,2022,11.135,Observed
Mozambique,Unemployment rate by sex and age (%),Female,Age (5-year bands): 30-34,2022,9.326,Observed
Mozambique,Unemployment rate by sex and age (%),Female,Age (5-year bands): 35-39,2022,6.25,Observed
Mozambique,Unemployment rate by sex and age (%),Female,Age (5-year bands): 40-44,2022,3.659,Observed
Mozambique,Unemployment rate by sex and age (%),Female,Age (5-year bands): 45-49,2022,2.726,Observed
Mozambique,Unemployment rate by sex and age (%),Female,Age (5-year bands): 50-54,2022,2.062,Observed
Mozambique,Unemployment rate by sex and age (%),Female,Age (5-year bands): 55-59,2022,2.71,Observed
Mozambique,Unemployment rate by sex and age (%),Female,Age (5-year bands): 60-64,2022,0.648,Unreliable
Mozambique,Unemployment rate by sex and age (%),Female,Age (5-year bands): 65+,2022,0.522,Unreliable
Mauritius,Unemployment rate by sex and age (%),Total,"Age (Youth, adults): 15+",2022,6.322,Observed
Mauritius,Unemployment rate by sex and age (%),Total,"Age (Youth, adults): 15-64",2022,6.425,Observed
Mauritius,Unemployment rate by sex and age (%),Total,"Age (Youth, adults): 15-24",2022,21.436,Observed
Mauritius,Unemployment rate by sex and age (%),Total,"Age (Youth, adults): 25+",2022,4.529,Observed
Mauritius,Unemployment rate by sex and age (%),Male,"Age (Youth, adults): 15+",2022,4.905,Observed
Mauritius,Unemployment rate by sex and age (%),Male,"Age (Youth, adults): 15-64",2022,5.0,Observed
Mauritius,Unemployment rate by sex and age (%),Male,"Age (Youth, adults): 15-24",2022,19.615,Observed
Mauritius,Unemployment rate by sex and age (%),Male,"Age (Youth, adults): 25+",2022,3.206,Observed
Mauritius,Unemployment rate by sex and age (%),Female,"Age (Youth, adults): 15+",2022,8.473,Observed
Mauritius,Unemployment rate by sex and age (%),Female,"Age (Youth, adults): 15-64",2022,8.573,Observed
Mauritius,Unemployment rate by sex and age (%),Female,"Age (Youth, adults): 15-24",2022,24.043,Observed
Mauritius,Unemployment rate by sex and age (%),Female,"Age (Youth, adults): 25+",2022,6.552,Observed
Mauritius,Unemployment rate by sex and age (%),Total,Age (Aggregate bands): 15+,2022,6.322,Observed
Mauritius,Unemployment rate by sex and age (%),Total,Age (Aggregate bands): 15-24,2022,21.436,Observed
Mauritius,Unemployment rate by sex and age (%),Total,Age (Aggregate bands): 25-54,2022,5.228,Observed
Mauritius,Unemployment rate by sex and age (%),Total,Age (Aggregate bands): 55-64,2022,1.491,Observed
Mauritius,Unemployment rate by sex and age (%),Male,Age (Aggregate bands): 15+,2022,4.905,Observed
Mauritius,Unemployment rate by sex and age (%),Male,Age (Aggregate bands): 15-24,2022,19.615,Observed
Mauritius,Unemployment rate by sex and age (%),Male,Age (Aggregate bands): 25-54,2022,3.634,Observed
Mauritius,Unemployment rate by sex and age (%),Male,Age (Aggregate bands): 55-64,2022,1.781,Observed
Mauritius,Unemployment rate by sex and age (%),Female,Age (Aggregate bands): 15+,2022,8.473,Observed
Mauritius,Unemployment rate by sex and age (%),Female,Age (Aggregate bands): 15-24,2022,24.043,Observed
Mauritius,Unemployment rate by sex and age (%),Female,Age (Aggregate bands): 25-54,2022,7.448,Observed
Mauritius,Unemployment rate by sex and age (%),Female,Age (Aggregate bands): 55-64,2022,0.79,Unreliable
Mauritius,Unemployment rate by sex and age (%),Total,Age (10-year bands): 15+,2022,6.322,Observed
Mauritius,Unemployment rate by sex and age (%),Total,Age (10-year bands): 15-24,2022,21.436,Observed
Mauritius,Unemployment rate by sex and age (%),Total,Age (10-year bands): 25-34,2022,8.076,Observed
Mauritius,Unemployment rate by sex and age (%),Total,Age (10-year bands): 35-44,2022,4.178,Observed
Mauritius,Unemployment rate by sex and age (%),Total,Age (10-year bands): 45-54,2022,3.131,Observed
Mauritius,Unemployment rate by sex and age (%),Total,Age (10-year bands): 55-64,2022,1.491,Observed
Mauritius,Unemployment rate by sex and age (%),Male,Age (10-year bands): 15+,2022,4.905,Observed
Mauritius,Unemployment rate by sex and age (%),Male,Age (10-year bands): 15-24,2022,19.615,Observed
Mauritius,Unemployment rate by sex and age (%),Male,Age (10-year bands): 25-34,2022,6.735,Observed
Mauritius,Unemployment rate by sex and age (%),Male,Age (10-year bands): 35-44,2022,2.571,Observed
Mauritius,Unemployment rate by sex and age (%),Male,Age (10-year bands): 45-54,2022,1.581,Observed
Mauritius,Unemployment rate by sex and age (%),Male,Age (10-year bands): 55-64,2022,1.781,Observed
Mauritius,Unemployment rate by sex and age (%),Female,Age (10-year bands): 15+,2022,8.473,Observed
Mauritius,Unemployment rate by sex and age (%),Female,Age (10-year bands): 15-24,2022,24.043,Observed
Mauritius,Unemployment rate by sex and age (%),Female,Age (10-year bands): 25-34,2022,9.722,Observed
Mauritius,Unemployment rate by sex and age (%),Female,Age (10-year bands): 35-44,2022,6.385,Observed
Mauritius,Unemployment rate by sex and age (%),Female,Age (10-year bands): 45-54,2022,5.681,Observed
Mauritius,Unemployment rate by sex and age (%),Female,Age (10-year bands): 55-64,2022,0.79,Unreliable
Mauritius,Unemployment rate by sex and age (%),Total,Age (5-year bands): 15+,2022,6.322,Observed
Mauritius,Unemployment rate by sex and age (%),Total,Age (5-year bands): 15-19,2022,37.365,Observed
Mauritius,Unemployment rate by sex and age (%),Total,Age (5-year bands): 20-24,2022,19.08,Observed
Mauritius,Unemployment rate by sex and age (%),Total,Age (5-year bands): 25-29,2022,9.402,Observed
Mauritius,Unemployment rate by sex and age (%),Total,Age (5-year bands): 30-34,2022,6.75,Observed
Mauritius,Unemployment rate by sex and age (%),Total,Age (5-year bands): 35-39,2022,4.533,Observed
Mauritius,Unemployment rate by sex and age (%),Total,Age (5-year bands): 40-44,2022,3.878,Observed
Mauritius,Unemployment rate by sex and age (%),Total,Age (5-year bands): 45-49,2022,3.05,Observed
Mauritius,Unemployment rate by sex and age (%),Total,Age (5-year bands): 50-54,2022,3.224,Observed
Mauritius,Unemployment rate by sex and age (%),Total,Age (5-year bands): 55-59,2022,1.445,Observed
Mauritius,Unemployment rate by sex and age (%),Total,Age (5-year bands): 60-64,2022,1.594,Unreliable
Mauritius,Unemployment rate by sex and age (%),Male,Age (5-year bands): 15+,2022,4.905,Observed
Mauritius,Unemployment rate by sex and age (%),Male,Age (5-year bands): 15-19,2022,30.928,Observed
Mauritius,Unemployment rate by sex and age (%),Male,Age (5-year bands): 20-24,2022,17.987,Observed
Mauritius,Unemployment rate by sex and age (%),Male,Age (5-year bands): 25-29,2022,8.405,Observed
Mauritius,Unemployment rate by sex and age (%),Male,Age (5-year bands): 30-34,2022,5.098,Observed
Mauritius,Unemployment rate by sex and age (%),Male,Age (5-year bands): 35-39,2022,3.211,Observed
Mauritius,Unemployment rate by sex and age (%),Male,Age (5-year bands): 40-44,2022,2.056,Observed
Mauritius,Unemployment rate by sex and age (%),Male,Age (5-year bands): 45-49,2022,1.606,Observed
Mauritius,Unemployment rate by sex and age (%),Male,Age (5-year bands): 50-54,2022,1.554,Unreliable
Mauritius,Unemployment rate by sex and age (%),Male,Age (5-year bands): 55-59,2022,1.665,Observed
Mauritius,Unemployment rate by sex and age (%),Male,Age (5-year bands): 60-64,2022,2.021,Unreliable
Mauritius,Unemployment rate by sex and age (%),Female,Age (5-year bands): 15+,2022,8.473,Observed
Mauritius,Unemployment rate by sex and age (%),Female,Age (5-year bands): 15-19,2022,46.067,Observed
Mauritius,Unemployment rate by sex and age (%),Female,Age (5-year bands): 20-24,2022,20.658,Observed
Mauritius,Unemployment rate by sex and age (%),Female,Age (5-year bands): 25-29,2022,10.598,Observed
Mauritius,Unemployment rate by sex and age (%),Female,Age (5-year bands): 30-34,2022,8.824,Observed
Mauritius,Unemployment rate by sex and age (%),Female,Age (5-year bands): 35-39,2022,6.232,Observed
Mauritius,Unemployment rate by sex and age (%),Female,Age (5-year bands): 40-44,2022,6.524,Observed
Mauritius,Unemployment rate by sex and age (%),Female,Age (5-year bands): 45-49,2022,5.312,Observed
Mauritius,Unemployment rate by sex and age (%),Female,Age (5-year bands): 50-54,2022,6.136,Observed
Mauritius,Unemployment rate by sex and age (%),Female,Age (5-year bands): 55-59,2022,0.96,Unreliable
Mauritius,Unemployment rate by sex and age (%),Female,Age (5-year bands): 60-64,2022,,Unreliable
Niger,Unemployment rate by sex and age (%),Total,"Age (Youth, adults): 15+",2022,0.403,Observed
Niger,Unemployment rate by sex and age (%),Total,"Age (Youth, adults): 15-64",2022,0.418,Observed
Niger,Unemployment rate by sex and age (%),Total,"Age (Youth, adults): 15-24",2022,0.397,Observed
Niger,Unemployment rate by sex and age (%),Total,"Age (Youth, adults): 25+",2022,0.405,Observed
Niger,Unemployment rate by sex and age (%),Male,"Age (Youth, adults): 15+",2022,0.52,Observed
Niger,Unemployment rate by sex and age (%),Male,"Age (Youth, adults): 15-64",2022,0.547,Observed
Niger,Unemployment rate by sex and age (%),Male,"Age (Youth, adults): 15-24",2022,0.535,Observed
Niger,Unemployment rate by sex and age (%),Male,"Age (Youth, adults): 25+",2022,0.513,Observed
Niger,Unemployment rate by sex and age (%),Female,"Age (Youth, adults): 15+",2022,0.29,Observed
Niger,Unemployment rate by sex and age (%),Female,"Age (Youth, adults): 15-64",2022,0.299,Observed
Niger,Unemployment rate by sex and age (%),Female,"Age (Youth, adults): 15-24",2022,0.242,Unreliable
Niger,Unemployment rate by sex and age (%),Female,"Age (Youth, adults): 25+",2022,0.307,Observed
Niger,Unemployment rate by sex and age (%),Total,Age (Aggregate bands): 15+,2022,0.403,Observed
Niger,Unemployment rate by sex and age (%),Total,Age (Aggregate bands): 15-24,2022,0.397,Observed
Niger,Unemployment rate by sex and age (%),Total,Age (Aggregate bands): 25-54,2022,0.472,Observed
Niger,Unemployment rate by sex and age (%),Total,Age (Aggregate bands): 55-64,2022,,Unreliable
Niger,Unemployment rate by sex and age (%),Total,Age (Aggregate bands): 65+,2022,,Unreliable
Niger,Unemployment rate by sex and age (%),Male,Age (Aggregate bands): 15+,2022,0.52,Observed
Niger,Unemployment rate by sex and age (%),Male,Age (Aggregate bands): 15-24,2022,0.535,Observed
Niger,Unemployment rate by sex and age (%),Male,Age (Aggregate bands): 25-54,2022,0.653,Observed
Niger,Unemployment rate by sex and age (%),Male,Age (Aggregate bands): 55-64,2022,,Unreliable
Niger,Unemployment rate by sex and age (%),Male,Age (Aggregate bands): 65+,2022,,Unreliable
Niger,Unemployment rate by sex and age (%),Female,Age (Aggregate bands): 15+,2022,0.29,Observed
Niger,Unemployment rate by sex and age (%),Female,Age (Aggregate bands): 15-24,2022,0.242,Unreliable
Niger,Unemployment rate by sex and age (%),Female,Age (Aggregate bands): 25-54,2022,0.333,Observed
Niger,Unemployment rate by sex and age (%),Female,Age (Aggregate bands): 55-64,2022,,Unreliable
Niger,Unemployment rate by sex and age (%),Female,Age (Aggregate bands): 65+,2022,,Unreliable
Niger,Unemployment rate by sex and age (%),Total,Age (10-year bands): 15+,2022,0.403,Observed
Niger,Unemployment rate by sex and age (%),Total,Age (10-year bands): 15-24,2022,0.397,Observed
Niger,Unemployment rate by sex and age (%),Total,Age (10-year bands): 25-34,2022,0.898,Observed
Niger,Unemployment rate by sex and age (%),Total,Age (10-year bands): 35-44,2022,0.178,Unreliable
Niger,Unemployment rate by sex and age (%),Total,Age (10-year bands): 45-54,2022,0.276,Unreliable
Niger,Unemployment rate by sex and age (%),Total,Age (10-year bands): 55-64,2022,,Unreliable
Niger,Unemployment rate by sex and age (%),Total,Age (10-year bands): 65+,2022,,Unreliable
Niger,Unemployment rate by sex and age (%),Male,Age (10-year bands): 15+,2022,0.52,Observed
Niger,Unemployment rate by sex and age (%),Male,Age (10-year bands): 15-24,2022,0.535,Observed
Niger,Unemployment rate by sex and age (%),Male,Age (10-year bands): 25-34,2022,1.331,Observed
Niger,Unemployment rate by sex and age (%),Male,Age (10-year bands): 35-44,2022,0.258,Unreliable
Niger,Unemployment rate by sex and age (%),Male,Age (10-year bands): 45-54,2022,0.506,Unreliable
Niger,Unemployment rate by sex and age (%),Male,Age (10-year bands): 55-64,2022,,Unreliable
Niger,Unemployment rate by sex and age (%),Male,Age (10-year bands): 65+,2022,,Unreliable
Niger,Unemployment rate by sex and age (%),Female,Age (10-year bands): 15+,2022,0.29,Observed
Niger,Unemployment rate by sex and age (%),Female,Age (10-year bands): 15-24,2022,0.242,Unreliable
Niger,Unemployment rate by sex and age (%),Female,Age (10-year bands): 25-34,2022,0.667,Observed
Niger,Unemployment rate by sex and age (%),Female,Age (10-year bands): 35-44,2022,,Unreliable
Niger,Unemployment rate by sex and age (%),Female,Age (10-year bands): 45-54,2022,,Unreliable
Niger,Unemployment rate by sex and age (%),Female,Age (10-year bands): 55-64,2022,,Unreliable
Niger,Unemployment rate by sex and age (%),Female,Age (10-year bands): 65+,2022,,Unreliable
Niger,Unemployment rate by sex and age (%),Total,Age (5-year bands): 15+,2022,0.403,Observed
Niger,Unemployment rate by sex and age (%),Total,Age (5-year bands): 15-19,2022,0.243,Observed
Niger,Unemployment rate by sex and age (%),Total,Age (5-year bands): 20-24,2022,0.643,Observed
Niger,Unemployment rate by sex and age (%),Total,Age (5-year bands): 25-29,2022,1.594,Observed
Niger,Unemployment rate by sex and age (%),Total,Age (5-year bands): 30-34,2022,0.278,Unreliable
Niger,Unemployment rate by sex and age (%),Total,Age (5-year bands): 35-39,2022,0.193,Unreliable
Niger,Unemployment rate by sex and age (%),Total,Age (5-year bands): 40-44,2022,,Unreliable
Niger,Unemployment rate by sex and age (%),Total,Age (5-year bands): 45-49,2022,0.512,Unreliable
Niger,Unemployment rate by sex and age (%),Total,Age (5-year bands): 50-54,2022,,Unreliable
Niger,Unemployment rate by sex and age (%),Total,Age (5-year bands): 55-59,2022,,Unreliable
Niger,Unemployment rate by sex and age (%),Total,Age (5-year bands): 60-64,2022,,Unreliable
Niger,Unemployment rate by sex and age (%),Total,Age (5-year bands): 65+,2022,,Unreliable
Niger,Unemployment rate by sex and age (%),Male,Age (5-year bands): 15+,2022,0.52,Observed
Niger,Unemployment rate by sex and age (%),Male,Age (5-year bands): 15-19,2022,0.327,Unreliable
Niger,Unemployment rate by sex and age (%),Male,Age (5-year bands): 20-24,2022,0.997,Unreliable
Niger,Unemployment rate by sex and age (%),Male,Age (5-year bands): 25-29,2022,2.592,Observed
Niger,Unemployment rate by sex and age (%),Male,Age (5-year bands): 30-34,2022,,Unreliable
Niger,Unemployment rate by sex and age (%),Male,Age (5-year bands): 35-39,2022,0.334,Unreliable
Niger,Unemployment rate by sex and age (%),Male,Age (5-year bands): 40-44,2022,,Unreliable
Niger,Unemployment rate by sex and age (%),Male,Age (5-year bands): 45-49,2022,,Unreliable
Niger,Unemployment rate by sex and age (%),Male,Age (5-year bands): 50-54,2022,,Unreliable
Niger,Unemployment rate by sex and age (%),Male,Age (5-year bands): 55-59,2022,,Unreliable
Niger,Unemployment rate by sex and age (%),Male,Age (5-year bands): 60-64,2022,,Unreliable
Niger,Unemployment rate by sex and age (%),Male,Age (5-year bands): 65+,2022,,Unreliable
Niger,Unemployment rate by sex and age (%),Female,Age (5-year bands): 15+,2022,0.29,Observed
Niger,Unemployment rate by sex and age (%),Female,Age (5-year bands): 15-19,2022,0.122,Unreliable
Niger,Unemployment rate by sex and age (%),Female,Age (5-year bands): 20-24,2022,0.378,Unreliable
Niger,Unemployment rate by sex and age (%),Female,Age (5-year bands): 25-29,2022,1.113,Observed
Niger,Unemployment rate by sex and age (%),Female,Age (5-year bands): 30-34,2022,0.243,Unreliable
Niger,Unemployment rate by sex and age (%),Female,Age (5-year bands): 35-39,2022,,Unreliable
Niger,Unemployment rate by sex and age (%),Female,Age (5-year bands): 40-44,2022,,Unreliable
Niger,Unemployment rate by sex and age (%),Female,Age (5-year bands): 45-49,2022,,Unreliable
Niger,Unemployment rate by sex and age (%),Female,Age (5-year bands): 50-54,2022,,Unreliable
Niger,Unemployment rate by sex and age (%),Female,Age (5-year bands): 55-59,2022,,Unreliable
Niger,Unemployment rate by sex and age (%),Female,Age (5-year bands): 60-64,2022,,Unreliable
Niger,Unemployment rate by sex and age (%),Female,Age (5-year bands): 65+,2022,,Unreliable
Nigeria,Unemployment rate by sex and age (%),Total,"Age (Youth, adults): 15+",2022,3.827,Observed
Nigeria,Unemployment rate by sex and age (%),Total,"Age (Youth, adults): 15-64",2022,3.979,Observed
Nigeria,Unemployment rate by sex and age (%),Total,"Age (Youth, adults): 15-24",2022,6.056,Observed
Nigeria,Unemployment rate by sex and age (%),Total,"Age (Youth, adults): 25+",2022,3.018,Observed
Nigeria,Unemployment rate by sex and age (%),Male,"Age (Youth, adults): 15+",2022,2.427,Observed
Nigeria,Unemployment rate by sex and age (%),Male,"Age (Youth, adults): 15-64",2022,2.536,Observed
Nigeria,Unemployment rate by sex and age (%),Male,"Age (Youth, adults): 15-24",2022,4.807,Observed
Nigeria,Unemployment rate by sex and age (%),Male,"Age (Youth, adults): 25+",2022,1.525,Observed
Nigeria,Unemployment rate by sex and age (%),Female,"Age (Youth, adults): 15+",2022,5.327,Observed
Nigeria,Unemployment rate by sex and age (%),Female,"Age (Youth, adults): 15-64",2022,5.484,Observed
Nigeria,Unemployment rate by sex and age (%),Female,"Age (Youth, adults): 15-24",2022,7.486,Observed
Nigeria,Unemployment rate by sex and age (%),Female,"Age (Youth, adults): 25+",2022,4.579,Observed
Nigeria,Unemployment rate by sex and age (%),Total,Age (Aggregate bands): 15+,2022,3.827,Observed
Nigeria,Unemployment rate by sex and age (%),Total,Age (Aggregate bands): 15-24,2022,6.056,Observed
Nigeria,Unemployment rate by sex and age (%),Total,Age (Aggregate bands): 25-54,2022,3.47,Observed
Nigeria,Unemployment rate by sex and age (%),Total,Age (Aggregate bands): 55-64,2022,0.858,Observed
Nigeria,Unemployment rate by sex and age (%),Total,Age (Aggregate bands): 65+,2022,1.245,Observed
Nigeria,Unemployment rate by sex and age (%),Male,Age (Aggregate bands): 15+,2022,2.427,Observed
Nigeria,Unemployment rate by sex and age (%),Male,Age (Aggregate bands): 15-24,2022,4.807,Observed
Nigeria,Unemployment rate by sex and age (%),Male,Age (Aggregate bands): 25-54,2022,1.723,Observed
Nigeria,Unemployment rate by sex and age (%),Male,Age (Aggregate bands): 55-64,2022,0.737,Unreliable
Nigeria,Unemployment rate by sex and age (%),Male,Age (Aggregate bands): 65+,2022,0.927,Unreliable
Nigeria,Unemployment rate by sex and age (%),Female,Age (Aggregate bands): 15+,2022,5.327,Observed
Nigeria,Unemployment rate by sex and age (%),Female,Age (Aggregate bands): 15-24,2022,7.486,Observed
Nigeria,Unemployment rate by sex and age (%),Female,Age (Aggregate bands): 25-54,2022,5.147,Observed
Nigeria,Unemployment rate by sex and age (%),Female,Age (Aggregate bands): 55-64,2022,1.031,Unreliable
Nigeria,Unemployment rate by sex and age (%),Female,Age (Aggregate bands): 65+,2022,1.789,Unreliable
Nigeria,Unemployment rate by sex and age (%),Total,Age (10-year bands): 15+,2022,3.827,Observed
Nigeria,Unemployment rate by sex and age (%),Total,Age (10-year bands): 15-24,2022,6.056,Observed
Nigeria,Unemployment rate by sex and age (%),Total,Age (10-year bands): 25-34,2022,5.304,Observed
Nigeria,Unemployment rate by sex and age (%),Total,Age (10-year bands): 35-44,2022,2.554,Observed
Nigeria,Unemployment rate by sex and age (%),Total,Age (10-year bands): 45-54,2022,1.596,Observed
Nigeria,Unemployment rate by sex and age (%),Total,Age (10-year bands): 55-64,2022,0.858,Observed
Nigeria,Unemployment rate by sex and age (%),Total,Age (10-year bands): 65+,2022,1.245,Observed
Nigeria,Unemployment rate by sex and age (%),Male,Age (10-year bands): 15+,2022,2.427,Observed
Nigeria,Unemployment rate by sex and age (%),Male,Age (10-year bands): 15-24,2022,4.807,Observed
Nigeria,Unemployment rate by sex and age (%),Male,Age (10-year bands): 25-34,2022,2.777,Observed
Nigeria,Unemployment rate by sex and age (%),Male,Age (10-year bands): 35-44,2022,1.326,Observed
Nigeria,Unemployment rate by sex and age (%),Male,Age (10-year bands): 45-54,2022,0.695,Unreliable
Nigeria,Unemployment rate by sex and age (%),Male,Age (10-year bands): 55-64,2022,0.737,Unreliable
Nigeria,Unemployment rate by sex and age (%),Male,Age (10-year bands): 65+,2022,0.927,Unreliable
Nigeria,Unemployment rate by sex and age (%),Female,Age (10-year bands): 15+,2022,5.327,Observed
Nigeria,Unemployment rate by sex and age (%),Female,Age (10-year bands): 15-24,2022,7.486,Observed
Nigeria,Unemployment rate by sex and age (%),Female,Age (10-year bands): 25-34,2022,7.368,Observed
Nigeria,Unemployment rate by sex and age (%),Female,Age (10-year bands): 35-44,2022,3.873,Observed
Nigeria,Unemployment rate by sex and age (%),Female,Age (10-year bands): 45-54,2022,2.565,Observed
Nigeria,Unemployment rate by sex and age (%),Female,Age (10-year bands): 55-64,2022,1.031,Unreliable
Nigeria,Unemployment rate by sex and age (%),Female,Age (10-year bands): 65+,2022,1.789,Unreliable
Nigeria,Unemployment rate by sex and age (%),Total,Age (5-year bands): 15+,2022,3.827,Observed
Nigeria,Unemployment rate by sex and age (%),Total,Age (5-year bands): 15-19,2022,5.302,Observed
Nigeria,Unemployment rate by sex and age (%),Total,Age (5-year bands): 20-24,2022,6.789,Observed
Nigeria,Unemployment rate by sex and age (%),Total,Age (5-year bands): 25-29,2022,6.029,Observed
Nigeria,Unemployment rate by sex and age (%),Total,Age (5-year bands): 30-34,2022,4.493,Observed
Nigeria,Unemployment rate by sex and age (%),Total,Age (5-year bands): 35-39,2022,2.756,Observed
Nigeria,Unemployment rate by sex and age (%),Total,Age (5-year bands): 40-44,2022,2.299,Observed
Nigeria,Unemployment rate by sex and age (%),Total,Age (5-year bands): 45-49,2022,0.918,Observed
Nigeria,Unemployment rate by sex and age (%),Total,Age (5-year bands): 50-54,2022,2.423,Observed
Nigeria,Unemployment rate by sex and age (%),Total,Age (5-year bands): 55-59,2022,0.77,Unreliable
Nigeria,Unemployment rate by sex and age (%),Total,Age (5-year bands): 60-64,2022,0.968,Unreliable
Nigeria,Unemployment rate by sex and age (%),Total,Age (5-year bands): 65+,2022,1.245,Observed
Nigeria,Unemployment rate by sex and age (%),Male,Age (5-year bands): 15+,2022,2.427,Observed
Nigeria,Unemployment rate by sex and age (%),Male,Age (5-year bands): 15-19,2022,4.053,Observed
Nigeria,Unemployment rate by sex and age (%),Male,Age (5-year bands): 20-24,2022,5.595,Observed
Nigeria,Unemployment rate by sex and age (%),Male,Age (5-year bands): 25-29,2022,3.969,Observed
Nigeria,Unemployment rate by sex and age (%),Male,Age (5-year bands): 30-34,2022,1.555,Observed
Nigeria,Unemployment rate by sex and age (%),Male,Age (5-year bands): 35-39,2022,1.3,Observed
Nigeria,Unemployment rate by sex and age (%),Male,Age (5-year bands): 40-44,2022,1.357,Observed
Nigeria,Unemployment rate by sex and age (%),Male,Age (5-year bands): 45-49,2022,0.659,Unreliable
Nigeria,Unemployment rate by sex and age (%),Male,Age (5-year bands): 50-54,2022,,Unreliable
Nigeria,Unemployment rate by sex and age (%),Male,Age (5-year bands): 55-59,2022,0.848,Unreliable
Nigeria,Unemployment rate by sex and age (%),Male,Age (5-year bands): 60-64,2022,,Unreliable
Nigeria,Unemployment rate by sex and age (%),Male,Age (5-year bands): 65+,2022,0.927,Unreliable
Nigeria,Unemployment rate by sex and age (%),Female,Age (5-year bands): 15+,2022,5.327,Observed
Nigeria,Unemployment rate by sex and age (%),Female,Age (5-year bands): 15-19,2022,6.849,Observed
Nigeria,Unemployment rate by sex and age (%),Female,Age (5-year bands): 20-24,2022,8.054,Observed
Nigeria,Unemployment rate by sex and age (%),Female,Age (5-year bands): 25-29,2022,7.593,Observed
Nigeria,Unemployment rate by sex and age (%),Female,Age (5-year bands): 30-34,2022,7.098,Observed
Nigeria,Unemployment rate by sex and age (%),Female,Age (5-year bands): 35-39,2022,4.221,Observed
Nigeria,Unemployment rate by sex and age (%),Female,Age (5-year bands): 40-44,2022,3.401,Observed
Nigeria,Unemployment rate by sex and age (%),Female,Age (5-year bands): 45-49,2022,1.194,Unreliable
Nigeria,Unemployment rate by sex and age (%),Female,Age (5-year bands): 50-54,2022,4.249,Observed
Nigeria,Unemployment rate by sex and age (%),Female,Age (5-year bands): 55-59,2022,,Unreliable
Nigeria,Unemployment rate by sex and age (%),Female,Age (5-year bands): 60-64,2022,1.474,Unreliable
Nigeria,Unemployment rate by sex and age (%),Female,Age (5-year bands): 65+,2022,1.789,Unreliable
Rwanda,Unemployment rate by sex and age (%),Total,"Age (Youth, adults): 15+",2022,15.084,Observed
Rwanda,Unemployment rate by sex and age (%),Total,"Age (Youth, adults): 15-64",2022,15.401,Observed
Rwanda,Unemployment rate by sex and age (%),Total,"Age (Youth, adults): 15-24",2022,22.109,Observed
Rwanda,Unemployment rate by sex and age (%),Total,"Age (Youth, adults): 25+",2022,13.04,Observed
Rwanda,Unemployment rate by sex and age (%),Male,"Age (Youth, adults): 15+",2022,13.688,Observed
Rwanda,Unemployment rate by sex and age (%),Male,"Age (Youth, adults): 15-64",2022,13.928,Observed
Rwanda,Unemployment rate by sex and age (%),Male,"Age (Youth, adults): 15-24",2022,20.898,Observed
Rwanda,Unemployment rate by sex and age (%),Male,"Age (Youth, adults): 25+",2022,11.538,Observed
Rwanda,Unemployment rate by sex and age (%),Female,"Age (Youth, adults): 15+",2022,16.593,Observed
Rwanda,Unemployment rate by sex and age (%),Female,"Age (Youth, adults): 15-64",2022,16.998,Observed
Rwanda,Unemployment rate by sex and age (%),Female,"Age (Youth, adults): 15-24",2022,23.471,Observed
Rwanda,Unemployment rate by sex and age (%),Female,"Age (Youth, adults): 25+",2022,14.645,Observed
Rwanda,Unemployment rate by sex and age (%),Total,Age (Aggregate bands): 15+,2022,15.084,Observed
Rwanda,Unemployment rate by sex and age (%),Total,Age (Aggregate bands): 15-24,2022,22.109,Observed
Rwanda,Unemployment rate by sex and age (%),Total,Age (Aggregate bands): 25-54,2022,13.967,Observed
Rwanda,Unemployment rate by sex and age (%),Total,Age (Aggregate bands): 55-64,2022,8.252,Observed
Rwanda,Unemployment rate by sex and age (%),Total,Age (Aggregate bands): 65+,2022,4.925,Observed
Rwanda,Unemployment rate by sex and age (%),Male,Age (Aggregate bands): 15+,2022,13.688,Observed
Rwanda,Unemployment rate by sex and age (%),Male,Age (Aggregate bands): 15-24,2022,20.898,Observed
Rwanda,Unemployment rate by sex and age (%),Male,Age (Aggregate bands): 25-54,2022,12.14,Observed
Rwanda,Unemployment rate by sex and age (%),Male,Age (Aggregate bands): 55-64,2022,8.756,Observed
Rwanda,Unemployment rate by sex and age (%),Male,Age (Aggregate bands): 65+,2022,5.581,Observed
Rwanda,Unemployment rate by sex and age (%),Female,Age (Aggregate bands): 15+,2022,16.593,Observed
Rwanda,Unemployment rate by sex and age (%),Female,Age (Aggregate bands): 15-24,2022,23.471,Observed
Rwanda,Unemployment rate by sex and age (%),Female,Age (Aggregate bands): 25-54,2022,15.903,Observed
Rwanda,Unemployment rate by sex and age (%),Female,Age (Aggregate bands): 55-64,2022,7.654,Observed
Rwanda,Unemployment rate by sex and age (%),Female,Age (Aggregate bands): 65+,2022,4.285,Unreliable
Rwanda,Unemployment rate by sex and age (%),Total,Age (10-year bands): 15+,2022,15.084,Observed
Rwanda,Unemployment rate by sex and age (%),Total,Age (10-year bands): 15-24,2022,22.109,Observed
Rwanda,Unemployment rate by sex and age (%),Total,Age (10-year bands): 25-34,2022,17.11,Observed
Rwanda,Unemployment rate by sex and age (%),Total,Age (10-year bands): 35-44,2022,12.259,Observed
Rwanda,Unemployment rate by sex and age (%),Total,Age (10-year bands): 45-54,2022,10.604,Observed
Rwanda,Unemployment rate by sex and age (%),Total,Age (10-year bands): 55-64,2022,8.252,Observed
Rwanda,Unemployment rate by sex and age (%),Total,Age (10-year bands): 65+,2022,4.925,Observed
Rwanda,Unemployment rate by sex and age (%),Male,Age (10-year bands): 15+,2022,13.688,Observed
Rwanda,Unemployment rate by sex and age (%),Male,Age (10-year bands): 15-24,2022,20.898,Observed
Rwanda,Unemployment rate by sex and age (%),Male,Age (10-year bands): 25-34,2022,14.086,Observed
Rwanda,Unemployment rate by sex and age (%),Male,Age (10-year bands): 35-44,2022,10.521,Observed
Rwanda,Unemployment rate by sex and age (%),Male,Age (10-year bands): 45-54,2022,10.967,Observed
Rwanda,Unemployment rate by sex and age (%),Male,Age (10-year bands): 55-64,2022,8.756,Observed
Rwanda,Unemployment rate by sex and age (%),Male,Age (10-year bands): 65+,2022,5.581,Observed
Rwanda,Unemployment rate by sex and age (%),Female,Age (10-year bands): 15+,2022,16.593,Observed
Rwanda,Unemployment rate by sex and age (%),Female,Age (10-year bands): 15-24,2022,23.471,Observed
Rwanda,Unemployment rate by sex and age (%),Female,Age (10-year bands): 25-34,2022,20.438,Observed
Rwanda,Unemployment rate by sex and age (%),Female,Age (10-year bands): 35-44,2022,14.121,Observed
Rwanda,Unemployment rate by sex and age (%),Female,Age (10-year bands): 45-54,2022,10.254,Observed
Rwanda,Unemployment rate by sex and age (%),Female,Age (10-year bands): 55-64,2022,7.654,Observed
Rwanda,Unemployment rate by sex and age (%),Female,Age (10-year bands): 65+,2022,4.285,Unreliable
Rwanda,Unemployment rate by sex and age (%),Total,Age (5-year bands): 15+,2022,15.084,Observed
Rwanda,Unemployment rate by sex and age (%),Total,Age (5-year bands): 15-19,2022,19.572,Observed
Rwanda,Unemployment rate by sex and age (%),Total,Age (5-year bands): 20-24,2022,23.573,Observed
Rwanda,Unemployment rate by sex and age (%),Total,Age (5-year bands): 25-29,2022,19.167,Observed
Rwanda,Unemployment rate by sex and age (%),Total,Age (5-year bands): 30-34,2022,15.068,Observed
Rwanda,Unemployment rate by sex and age (%),Total,Age (5-year bands): 35-39,2022,12.516,Observed
Rwanda,Unemployment rate by sex and age (%),Total,Age (5-year bands): 40-44,2022,11.953,Observed
Rwanda,Unemployment rate by sex and age (%),Total,Age (5-year bands): 45-49,2022,10.851,Observed
Rwanda,Unemployment rate by sex and age (%),Total,Age (5-year bands): 50-54,2022,10.284,Observed
Rwanda,Unemployment rate by sex and age (%),Total,Age (5-year bands): 55-59,2022,9.938,Observed
Rwanda,Unemployment rate by sex and age (%),Total,Age (5-year bands): 60-64,2022,6.128,Observed
Rwanda,Unemployment rate by sex and age (%),Total,Age (5-year bands): 65+,2022,4.925,Observed
Rwanda,Unemployment rate by sex and age (%),Male,Age (5-year bands): 15+,2022,13.688,Observed
Rwanda,Unemployment rate by sex and age (%),Male,Age (5-year bands): 15-19,2022,19.701,Observed
Rwanda,Unemployment rate by sex and age (%),Male,Age (5-year bands): 20-24,2022,21.58,Observed
Rwanda,Unemployment rate by sex and age (%),Male,Age (5-year bands): 25-29,2022,16.362,Observed
Rwanda,Unemployment rate by sex and age (%),Male,Age (5-year bands): 30-34,2022,11.994,Observed
Rwanda,Unemployment rate by sex and age (%),Male,Age (5-year bands): 35-39,2022,10.705,Observed
Rwanda,Unemployment rate by sex and age (%),Male,Age (5-year bands): 40-44,2022,10.299,Observed
Rwanda,Unemployment rate by sex and age (%),Male,Age (5-year bands): 45-49,2022,10.69,Observed
Rwanda,Unemployment rate by sex and age (%),Male,Age (5-year bands): 50-54,2022,11.315,Observed
Rwanda,Unemployment rate by sex and age (%),Male,Age (5-year bands): 55-59,2022,9.451,Observed
Rwanda,Unemployment rate by sex and age (%),Male,Age (5-year bands): 60-64,2022,7.822,Observed
Rwanda,Unemployment rate by sex and age (%),Male,Age (5-year bands): 65+,2022,5.581,Observed
Rwanda,Unemployment rate by sex and age (%),Female,Age (5-year bands): 15+,2022,16.593,Observed
Rwanda,Unemployment rate by sex and age (%),Female,Age (5-year bands): 15-19,2022,19.429,Observed
Rwanda,Unemployment rate by sex and age (%),Female,Age (5-year bands): 20-24,2022,25.836,Observed
Rwanda,Unemployment rate by sex and age (%),Female,Age (5-year bands): 25-29,2022,22.012,Observed
Rwanda,Unemployment rate by sex and age (%),Female,Age (5-year bands): 30-34,2022,18.736,Observed
Rwanda,Unemployment rate by sex and age (%),Female,Age (5-year bands): 35-39,2022,14.472,Observed
Rwanda,Unemployment rate by sex and age (%),Female,Age (5-year bands): 40-44,2022,13.705,Observed
Rwanda,Unemployment rate by sex and age (%),Female,Age (5-year bands): 45-49,2022,11.003,Observed
Rwanda,Unemployment rate by sex and age (%),Female,Age (5-year bands): 50-54,2022,9.265,Observed
Rwanda,Unemployment rate by sex and age (%),Female,Age (5-year bands): 55-59,2022,10.553,Observed
Rwanda,Unemployment rate by sex and age (%),Female,Age (5-year bands): 60-64,2022,4.268,Observed
Rwanda,Unemployment rate by sex and age (%),Female,Age (5-year bands): 65+,2022,4.285,Unreliable
Senegal,Unemployment rate by sex and age (%),Total,"Age (Youth, adults): 15+",2022,5.062,Observed
Senegal,Unemployment rate by sex and age (%),Total,"Age (Youth, adults): 15-64",2022,5.199,Observed
Senegal,Unemployment rate by sex and age (%),Total,"Age (Youth, adults): 15-24",2022,7.179,Observed
Senegal,Unemployment rate by sex and age (%),Total,"Age (Youth, adults): 25+",2022,4.561,Observed
Senegal,Unemployment rate by sex and age (%),Male,"Age (Youth, adults): 15+",2022,3.663,Observed
Senegal,Unemployment rate by sex and age (%),Male,"Age (Youth, adults): 15-64",2022,3.734,Observed
Senegal,Unemployment rate by sex and age (%),Male,"Age (Youth, adults): 15-24",2022,4.545,Observed
Senegal,Unemployment rate by sex and age (%),Male,"Age (Youth, adults): 25+",2022,3.428,Observed
Senegal,Unemployment rate by sex and age (%),Female,"Age (Youth, adults): 15+",2022,7.55,Observed
Senegal,Unemployment rate by sex and age (%),Female,"Age (Youth, adults): 15-64",2022,7.801,Observed
Senegal,Unemployment rate by sex and age (%),Female,"Age (Youth, adults): 15-24",2022,13.477,Observed
Senegal,Unemployment rate by sex and age (%),Female,"Age (Youth, adults): 25+",2022,6.447,Observed
Senegal,Unemployment rate by sex and age (%),Total,Age (Aggregate bands): 15+,2022,5.062,Observed
Senegal,Unemployment rate by sex and age (%),Total,Age (Aggregate bands): 15-24,2022,7.179,Observed
Senegal,Unemployment rate by sex and age (%),Total,Age (Aggregate bands): 25-54,2022,5.206,Observed
Senegal,Unemployment rate by sex and age (%),Total,Age (Aggregate bands): 55-64,2022,0.795,Unreliable
Senegal,Unemployment rate by sex and age (%),Total,Age (Aggregate bands): 65+,2022,1.061,Unreliable
Senegal,Unemployment rate by sex and age (%),Male,Age (Aggregate bands): 15+,2022,3.663,Observed
Senegal,Unemployment rate by sex and age (%),Male,Age (Aggregate bands): 15-24,2022,4.545,Observed
Senegal,Unemployment rate by sex and age (%),Male,Age (Aggregate bands): 25-54,2022,3.866,Observed
Senegal,Unemployment rate by sex and age (%),Male,Age (Aggregate bands): 55-64,2022,0.582,Unreliable
Senegal,Unemployment rate by sex and age (%),Male,Age (Aggregate bands): 65+,2022,1.632,Unreliable
Senegal,Unemployment rate by sex and age (%),Female,Age (Aggregate bands): 15+,2022,7.55,Observed
Senegal,Unemployment rate by sex and age (%),Female,Age (Aggregate bands): 15-24,2022,13.477,Observed
Senegal,Unemployment rate by sex and age (%),Female,Age (Aggregate bands): 25-54,2022,7.448,Observed
Senegal,Unemployment rate by sex and age (%),Female,Age (Aggregate bands): 55-64,2022,1.122,Unreliable
Senegal,Unemployment rate by sex and age (%),Female,Age (Aggregate bands): 65+,2022,,Unreliable
Senegal,Unemployment rate by sex and age (%),Total,Age (10-year bands): 15+,2022,5.062,Observed
Senegal,Unemployment rate by sex and age (%),Total,Age (10-year bands): 15-24,2022,7.179,Observed
Senegal,Unemployment rate by sex and age (%),Total,Age (10-year bands): 25-34,2022,8.212,Observed
Senegal,Unemployment rate by sex and age (%),Total,Age (10-year bands): 35-44,2022,3.849,Observed
Senegal,Unemployment rate by sex and age (%),Total,Age (10-year bands): 45-54,2022,1.732,Observed
Senegal,Unemployment rate by sex and age (%),Total,Age (10-year bands): 55-64,2022,0.795,Unreliable
Senegal,Unemployment rate by sex and age (%),Total,Age (10-year bands): 65+,2022,1.061,Unreliable
Senegal,Unemployment rate by sex and age (%),Male,Age (10-year bands): 15+,2022,3.663,Observed
Senegal,Unemployment rate by sex and age (%),Male,Age (10-year bands): 15-24,2022,4.545,Observed
Senegal,Unemployment rate by sex and age (%),Male,Age (10-year bands): 25-34,2022,6.139,Observed
Senegal,Unemployment rate by sex and age (%),Male,Age (10-year bands): 35-44,2022,2.45,Observed
Senegal,Unemployment rate by sex and age (%),Male,Age (10-year bands): 45-54,2022,1.525,Observed
Senegal,Unemployment rate by sex and age (%),Male,Age (10-year bands): 55-64,2022,0.582,Unreliable
Senegal,Unemployment rate by sex and age (%),Male,Age (10-year bands): 65+,2022,1.632,Unreliable
Senegal,Unemployment rate by sex and age (%),Female,Age (10-year bands): 15+,2022,7.55,Observed
Senegal,Unemployment rate by sex and age (%),Female,Age (10-year bands): 15-24,2022,13.477,Observed
Senegal,Unemployment rate by sex and age (%),Female,Age (10-year bands): 25-34,2022,12.059,Observed
Senegal,Unemployment rate by sex and age (%),Female,Age (10-year bands): 35-44,2022,6.107,Observed
Senegal,Unemployment rate by sex and age (%),Female,Age (10-year bands): 45-54,2022,2.035,Observed
Senegal,Unemployment rate by sex and age (%),Female,Age (10-year bands): 55-64,2022,1.122,Unreliable
Senegal,Unemployment rate by sex and age (%),Female,Age (10-year bands): 65+,2022,,Unreliable
Senegal,Unemployment rate by sex and age (%),Total,Age (5-year bands): 15+,2022,5.062,Observed
Senegal,Unemployment rate by sex and age (%),Total,Age (5-year bands): 15-19,2022,2.998,Observed
Senegal,Unemployment rate by sex and age (%),Total,Age (5-year bands): 20-24,2022,9.669,Observed
Senegal,Unemployment rate by sex and age (%),Total,Age (5-year bands): 25-29,2022,8.111,Observed
Senegal,Unemployment rate by sex and age (%),Total,Age (5-year bands): 30-34,2022,8.312,Observed
Senegal,Unemployment rate by sex and age (%),Total,Age (5-year bands): 35-39,2022,4.74,Observed
Senegal,Unemployment rate by sex and age (%),Total,Age (5-year bands): 40-44,2022,2.772,Observed
Senegal,Unemployment rate by sex and age (%),Total,Age (5-year bands): 45-49,2022,1.983,Observed
Senegal,Unemployment rate by sex and age (%),Total,Age (5-year bands): 50-54,2022,1.397,Observed
Senegal,Unemployment rate by sex and age (%),Total,Age (5-year bands): 55-59,2022,1.228,Unreliable
Senegal,Unemployment rate by sex and age (%),Total,Age (5-year bands): 60-64,2022,,Unreliable
Senegal,Unemployment rate by sex and age (%),Total,Age (5-year bands): 65+,2022,1.061,Unreliable
Senegal,Unemployment rate by sex and age (%),Male,Age (5-year bands): 15+,2022,3.663,Observed
Senegal,Unemployment rate by sex and age (%),Male,Age (5-year bands): 15-19,2022,1.954,Observed
Senegal,Unemployment rate by sex and age (%),Male,Age (5-year bands): 20-24,2022,6.155,Observed
Senegal,Unemployment rate by sex and age (%),Male,Age (5-year bands): 25-29,2022,6.054,Observed
Senegal,Unemployment rate by sex and age (%),Male,Age (5-year bands): 30-34,2022,6.228,Observed
Senegal,Unemployment rate by sex and age (%),Male,Age (5-year bands): 35-39,2022,3.062,Observed
Senegal,Unemployment rate by sex and age (%),Male,Age (5-year bands): 40-44,2022,1.718,Observed
Senegal,Unemployment rate by sex and age (%),Male,Age (5-year bands): 45-49,2022,1.309,Observed
Senegal,Unemployment rate by sex and age (%),Male,Age (5-year bands): 50-54,2022,1.816,Observed
Senegal,Unemployment rate by sex and age (%),Male,Age (5-year bands): 55-59,2022,0.907,Unreliable
Senegal,Unemployment rate by sex and age (%),Male,Age (5-year bands): 60-64,2022,,Unreliable
Senegal,Unemployment rate by sex and age (%),Male,Age (5-year bands): 65+,2022,1.632,Unreliable
Senegal,Unemployment rate by sex and age (%),Female,Age (5-year bands): 15+,2022,7.55,Observed
Senegal,Unemployment rate by sex and age (%),Female,Age (5-year bands): 15-19,2022,5.738,Observed
Senegal,Unemployment rate by sex and age (%),Female,Age (5-year bands): 20-24,2022,17.628,Observed
Senegal,Unemployment rate by sex and age (%),Female,Age (5-year bands): 25-29,2022,12.177,Observed
Senegal,Unemployment rate by sex and age (%),Female,Age (5-year bands): 30-34,2022,11.951,Observed
Senegal,Unemployment rate by sex and age (%),Female,Age (5-year bands): 35-39,2022,7.414,Observed
Senegal,Unemployment rate by sex and age (%),Female,Age (5-year bands): 40-44,2022,4.499,Observed
Senegal,Unemployment rate by sex and age (%),Female,Age (5-year bands): 45-49,2022,2.986,Observed
Senegal,Unemployment rate by sex and age (%),Female,Age (5-year bands): 50-54,2022,0.798,Unreliable
Senegal,Unemployment rate by sex and age (%),Female,Age (5-year bands): 55-59,2022,1.696,Unreliable
Senegal,Unemployment rate by sex and age (%),Female,Age (5-year bands): 60-64,2022,,Unreliable
Senegal,Unemployment rate by sex and age (%),Female,Age (5-year bands): 65+,2022,,Unreliable
Somalia,Unemployment rate by sex and age (%),Total,"Age (Youth, adults): 15+",2022,11.086,Observed
Somalia,Unemployment rate by sex and age (%),Total,"Age (Youth, adults): 15-64",2022,11.086,Observed
Somalia,Unemployment rate by sex and age (%),Total,"Age (Youth, adults): 15-24",2022,17.868,Observed
Somalia,Unemployment rate by sex and age (%),Total,"Age (Youth, adults): 25+",2022,9.356,Observed
Somalia,Unemployment rate by sex and age (%),Male,"Age (Youth, adults): 15+",2022,10.115,Observed
Somalia,Unemployment rate by sex and age (%),Male,"Age (Youth, adults): 15-64",2022,10.115,Observed
Somalia,Unemployment rate by sex and age (%),Male,"Age (Youth, adults): 15-24",2022,18.965,Observed
Somalia,Unemployment rate by sex and age (%),Male,"Age (Youth, adults): 25+",2022,8.095,Observed
Somalia,Unemployment rate by sex and age (%),Female,"Age (Youth, adults): 15+",2022,12.939,Observed
Somalia,Unemployment rate by sex and age (%),Female,"Age (Youth, adults): 15-64",2022,12.939,Observed
Somalia,Unemployment rate by sex and age (%),Female,"Age (Youth, adults): 15-24",2022,16.225,Observed
Somalia,Unemployment rate by sex and age (%),Female,"Age (Youth, adults): 25+",2022,11.921,Observed
Somalia,Unemployment rate by sex and age (%),Total,Age (Aggregate bands): 15+,2022,11.086,Observed
Somalia,Unemployment rate by sex and age (%),Total,Age (Aggregate bands): 15-24,2022,17.868,Observed
Somalia,Unemployment rate by sex and age (%),Total,Age (Aggregate bands): 25-54,2022,9.528,Observed
Somalia,Unemployment rate by sex and age (%),Total,Age (Aggregate bands): 55-64,2022,7.54,Observed
Somalia,Unemployment rate by sex and age (%),Male,Age (Aggregate bands): 15+,2022,10.115,Observed
Somalia,Unemployment rate by sex and age (%),Male,Age (Aggregate bands): 15-24,2022,18.965,Observed
Somalia,Unemployment rate by sex and age (%),Male,Age (Aggregate bands): 25-54,2022,8.175,Observed
Somalia,Unemployment rate by sex and age (%),Male,Age (Aggregate bands): 55-64,2022,7.32,Observed
Somalia,Unemployment rate by sex and age (%),Female,Age (Aggregate bands): 15+,2022,12.939,Observed
Somalia,Unemployment rate by sex and age (%),Female,Age (Aggregate bands): 15-24,2022,16.225,Observed
Somalia,Unemployment rate by sex and age (%),Female,Age (Aggregate bands): 25-54,2022,12.213,Observed
Somalia,Unemployment rate by sex and age (%),Female,Age (Aggregate bands): 55-64,2022,8.126,Unreliable
Somalia,Unemployment rate by sex and age (%),Total,Age (10-year bands): 15+,2022,11.086,Observed
Somalia,Unemployment rate by sex and age (%),Total,Age (10-year bands): 15-24,2022,17.868,Observed
Somalia,Unemployment rate by sex and age (%),Total,Age (10-year bands): 25-34,2022,11.01,Observed
Somalia,Unemployment rate by sex and age (%),Total,Age (10-year bands): 35-44,2022,8.671,Observed
Somalia,Unemployment rate by sex and age (%),Total,Age (10-year bands): 45-54,2022,8.124,Observed
Somalia,Unemployment rate by sex and age (%),Total,Age (10-year bands): 55-64,2022,7.54,Observed
Somalia,Unemployment rate by sex and age (%),Male,Age (10-year bands): 15+,2022,10.115,Observed
Somalia,Unemployment rate by sex and age (%),Male,Age (10-year bands): 15-24,2022,18.965,Observed
Somalia,Unemployment rate by sex and age (%),Male,Age (10-year bands): 25-34,2022,8.735,Observed
Somalia,Unemployment rate by sex and age (%),Male,Age (10-year bands): 35-44,2022,7.868,Observed
Somalia,Unemployment rate by sex and age (%),Male,Age (10-year bands): 45-54,2022,7.588,Observed
Somalia,Unemployment rate by sex and age (%),Male,Age (10-year bands): 55-64,2022,7.32,Observed
Somalia,Unemployment rate by sex and age (%),Female,Age (10-year bands): 15+,2022,12.939,Observed
Somalia,Unemployment rate by sex and age (%),Female,Age (10-year bands): 15-24,2022,16.225,Observed
Somalia,Unemployment rate by sex and age (%),Female,Age (10-year bands): 25-34,2022,15.696,Observed
Somalia,Unemployment rate by sex and age (%),Female,Age (10-year bands): 35-44,2022,10.248,Observed
Somalia,Unemployment rate by sex and age (%),Female,Age (10-year bands): 45-54,2022,9.134,Observed
Somalia,Unemployment rate by sex and age (%),Female,Age (10-year bands): 55-64,2022,8.126,Unreliable
Somalia,Unemployment rate by sex and age (%),Total,Age (5-year bands): 15+,2022,11.086,Observed
Somalia,Unemployment rate by sex and age (%),Total,Age (5-year bands): 15-19,2022,18.976,Observed
Somalia,Unemployment rate by sex and age (%),Total,Age (5-year bands): 20-24,2022,17.078,Observed
Somalia,Unemployment rate by sex and age (%),Total,Age (5-year bands): 25-29,2022,14.512,Observed
Somalia,Unemployment rate by sex and age (%),Total,Age (5-year bands): 30-34,2022,8.086,Observed
Somalia,Unemployment rate by sex and age (%),Total,Age (5-year bands): 35-39,2022,8.669,Observed
Somalia,Unemployment rate by sex and age (%),Total,Age (5-year bands): 40-44,2022,8.674,Observed
Somalia,Unemployment rate by sex and age (%),Total,Age (5-year bands): 45-49,2022,9.802,Observed
Somalia,Unemployment rate by sex and age (%),Total,Age (5-year bands): 50-54,2022,6.458,Observed
Somalia,Unemployment rate by sex and age (%),Total,Age (5-year bands): 55-59,2022,7.141,Unreliable
Somalia,Unemployment rate by sex and age (%),Total,Age (5-year bands): 60-64,2022,7.928,Observed
Somalia,Unemployment rate by sex and age (%),Male,Age (5-year bands): 15+,2022,10.115,Observed
Somalia,Unemployment rate by sex and age (%),Male,Age (5-year bands): 15-19,2022,19.705,Observed
Somalia,Unemployment rate by sex and age (%),Male,Age (5-year bands): 20-24,2022,18.444,Observed
Somalia,Unemployment rate by sex and age (%),Male,Age (5-year bands): 25-29,2022,12.297,Observed
Somalia,Unemployment rate by sex and age (%),Male,Age (5-year bands): 30-34,2022,5.826,Observed
Somalia,Unemployment rate by sex and age (%),Male,Age (5-year bands): 35-39,2022,6.916,Observed
Somalia,Unemployment rate by sex and age (%),Male,Age (5-year bands): 40-44,2022,8.882,Observed
Somalia,Unemployment rate by sex and age (%),Male,Age (5-year bands): 45-49,2022,8.812,Observed
Somalia,Unemployment rate by sex and age (%),Male,Age (5-year bands): 50-54,2022,6.488,Observed
Somalia,Unemployment rate by sex and age (%),Male,Age (5-year bands): 55-59,2022,6.87,Unreliable
Somalia,Unemployment rate by sex and age (%),Male,Age (5-year bands): 60-64,2022,7.794,Unreliable
Somalia,Unemployment rate by sex and age (%),Female,Age (5-year bands): 15+,2022,12.939,Observed
Somalia,Unemployment rate by sex and age (%),Female,Age (5-year bands): 15-19,2022,17.905,Observed
Somalia,Unemployment rate by sex and age (%),Female,Age (5-year bands): 20-24,2022,15.002,Observed
Somalia,Unemployment rate by sex and age (%),Female,Age (5-year bands): 25-29,2022,18.909,Observed
Somalia,Unemployment rate by sex and age (%),Female,Age (5-year bands): 30-34,2022,12.888,Observed
Somalia,Unemployment rate by sex and age (%),Female,Age (5-year bands): 35-39,2022,11.923,Observed
Somalia,Unemployment rate by sex and age (%),Female,Age (5-year bands): 40-44,2022,8.239,Observed
Somalia,Unemployment rate by sex and age (%),Female,Age (5-year bands): 45-49,2022,11.422,Observed
Somalia,Unemployment rate by sex and age (%),Female,Age (5-year bands): 50-54,2022,6.393,Unreliable
Somalia,Unemployment rate by sex and age (%),Female,Age (5-year bands): 55-59,2022,,Unreliable
Somalia,Unemployment rate by sex and age (%),Female,Age (5-year bands): 60-64,2022,8.236,Unreliable
Chad,Unemployment rate by sex and age (%),Total,"Age (Youth, adults): 15+",2022,3.109,Observed
Chad,Unemployment rate by sex and age (%),Total,"Age (Youth, adults): 15-64",2022,3.248,Observed
Chad,Unemployment rate by sex and age (%),Total,"Age (Youth, adults): 15-24",2022,8.868,Observed
Chad,Unemployment rate by sex and age (%),Total,"Age (Youth, adults): 25+",2022,1.975,Observed
Chad,Unemployment rate by sex and age (%),Male,"Age (Youth, adults): 15+",2022,3.829,Observed
Chad,Unemployment rate by sex and age (%),Male,"Age (Youth, adults): 15-64",2022,4.023,Observed
Chad,Unemployment rate by sex and age (%),Male,"Age (Youth, adults): 15-24",2022,12.057,Observed
Chad,Unemployment rate by sex and age (%),Male,"Age (Youth, adults): 25+",2022,2.304,Observed
Chad,Unemployment rate by sex and age (%),Female,"Age (Youth, adults): 15+",2022,2.157,Observed
Chad,Unemployment rate by sex and age (%),Female,"Age (Youth, adults): 15-64",2022,2.258,Observed
Chad,Unemployment rate by sex and age (%),Female,"Age (Youth, adults): 15-24",2022,5.107,Observed
Chad,Unemployment rate by sex and age (%),Female,"Age (Youth, adults): 25+",2022,1.531,Observed
Chad,Unemployment rate by sex and age (%),Total,Age (Aggregate bands): 15+,2022,3.109,Observed
Chad,Unemployment rate by sex and age (%),Total,Age (Aggregate bands): 15-24,2022,8.868,Observed
Chad,Unemployment rate by sex and age (%),Total,Age (Aggregate bands): 25-54,2022,2.175,Observed
Chad,Unemployment rate by sex and age (%),Total,Age (Aggregate bands): 55-64,2022,1.197,Unreliable
Chad,Unemployment rate by sex and age (%),Total,Age (Aggregate bands): 65+,2022,1.033,Unreliable
Chad,Unemployment rate by sex and age (%),Male,Age (Aggregate bands): 15+,2022,3.829,Observed
Chad,Unemployment rate by sex and age (%),Male,Age (Aggregate bands): 15-24,2022,12.057,Observed
Chad,Unemployment rate by sex and age (%),Male,Age (Aggregate bands): 25-54,2022,2.535,Observed
Chad,Unemployment rate by sex and age (%),Male,Age (Aggregate bands): 55-64,2022,1.506,Unreliable
Chad,Unemployment rate by sex and age (%),Male,Age (Aggregate bands): 65+,2022,1.492,Unreliable
Chad,Unemployment rate by sex and age (%),Female,Age (Aggregate bands): 15+,2022,2.157,Observed
Chad,Unemployment rate by sex and age (%),Female,Age (Aggregate bands): 15-24,2022,5.107,Observed
Chad,Unemployment rate by sex and age (%),Female,Age (Aggregate bands): 25-54,2022,1.731,Observed
Chad,Unemployment rate by sex and age (%),Female,Age (Aggregate bands): 55-64,2022,,Unreliable
Chad,Unemployment rate by sex and age (%),Female,Age (Aggregate bands): 65+,2022,,Unreliable
Chad,Unemployment rate by sex and age (%),Total,Age (10-year bands): 15+,2022,3.109,Observed
Chad,Unemployment rate by sex and age (%),Total,Age (10-year bands): 15-24,2022,8.868,Observed
Chad,Unemployment rate by sex and age (%),Total,Age (10-year bands): 25-34,2022,3.27,Observed
Chad,Unemployment rate by sex and age (%),Total,Age (10-year bands): 35-44,2022,1.69,Observed
Chad,Unemployment rate by sex and age (%),Total,Age (10-year bands): 45-54,2022,1.285,Observed
Chad,Unemployment rate by sex and age (%),Total,Age (10-year bands): 55-64,2022,1.197,Unreliable
Chad,Unemployment rate by sex and age (%),Total,Age (10-year bands): 65+,2022,1.033,Unreliable
Chad,Unemployment rate by sex and age (%),Male,Age (10-year bands): 15+,2022,3.829,Observed
Chad,Unemployment rate by sex and age (%),Male,Age (10-year bands): 15-24,2022,12.057,Observed
Chad,Unemployment rate by sex and age (%),Male,Age (10-year bands): 25-34,2022,4.143,Observed
Chad,Unemployment rate by sex and age (%),Male,Age (10-year bands): 35-44,2022,1.769,Observed
Chad,Unemployment rate by sex and age (%),Male,Age (10-year bands): 45-54,2022,1.692,Observed
Chad,Unemployment rate by sex and age (%),Male,Age (10-year bands): 55-64,2022,1.506,Unreliable
Chad,Unemployment rate by sex and age (%),Male,Age (10-year bands): 65+,2022,1.492,Unreliable
Chad,Unemployment rate by sex and age (%),Female,Age (10-year bands): 15+,2022,2.157,Observed
Chad,Unemployment rate by sex and age (%),Female,Age (10-year bands): 15-24,2022,5.107,Observed
Chad,Unemployment rate by sex and age (%),Female,Age (10-year bands): 25-34,2022,2.419,Observed
Chad,Unemployment rate by sex and age (%),Female,Age (10-year bands): 35-44,2022,1.583,Observed
Chad,Unemployment rate by sex and age (%),Female,Age (10-year bands): 45-54,2022,0.669,Unreliable
Chad,Unemployment rate by sex and age (%),Female,Age (10-year bands): 55-64,2022,,Unreliable
Chad,Unemployment rate by sex and age (%),Female,Age (10-year bands): 65+,2022,,Unreliable
Chad,Unemployment rate by sex and age (%),Total,Age (5-year bands): 15+,2022,3.109,Observed
Chad,Unemployment rate by sex and age (%),Total,Age (5-year bands): 15-19,2022,10.136,Observed
Chad,Unemployment rate by sex and age (%),Total,Age (5-year bands): 20-24,2022,7.728,Observed
Chad,Unemployment rate by sex and age (%),Total,Age (5-year bands): 25-29,2022,3.514,Observed
Chad,Unemployment rate by sex and age (%),Total,Age (5-year bands): 30-34,2022,3.037,Observed
Chad,Unemployment rate by sex and age (%),Total,Age (5-year bands): 35-39,2022,1.859,Observed
Chad,Unemployment rate by sex and age (%),Total,Age (5-year bands): 40-44,2022,1.515,Observed
Chad,Unemployment rate by sex and age (%),Total,Age (5-year bands): 45-49,2022,1.041,Unreliable
Chad,Unemployment rate by sex and age (%),Total,Age (5-year bands): 50-54,2022,1.57,Observed
Chad,Unemployment rate by sex and age (%),Total,Age (5-year bands): 55-59,2022,1.994,Unreliable
Chad,Unemployment rate by sex and age (%),Total,Age (5-year bands): 60-64,2022,,Unreliable
Chad,Unemployment rate by sex and age (%),Total,Age (5-year bands): 65+,2022,1.033,Unreliable
Chad,Unemployment rate by sex and age (%),Male,Age (5-year bands): 15+,2022,3.829,Observed
Chad,Unemployment rate by sex and age (%),Male,Age (5-year bands): 15-19,2022,13.483,Observed
Chad,Unemployment rate by sex and age (%),Male,Age (5-year bands): 20-24,2022,10.558,Observed
Chad,Unemployment rate by sex and age (%),Male,Age (5-year bands): 25-29,2022,4.197,Observed
Chad,Unemployment rate by sex and age (%),Male,Age (5-year bands): 30-34,2022,4.099,Observed
Chad,Unemployment rate by sex and age (%),Male,Age (5-year bands): 35-39,2022,1.8,Observed
Chad,Unemployment rate by sex and age (%),Male,Age (5-year bands): 40-44,2022,1.738,Observed
Chad,Unemployment rate by sex and age (%),Male,Age (5-year bands): 45-49,2022,1.253,Unreliable
Chad,Unemployment rate by sex and age (%),Male,Age (5-year bands): 50-54,2022,2.236,Unreliable
Chad,Unemployment rate by sex and age (%),Male,Age (5-year bands): 55-59,2022,2.327,Unreliable
Chad,Unemployment rate by sex and age (%),Male,Age (5-year bands): 60-64,2022,,Unreliable
Chad,Unemployment rate by sex and age (%),Male,Age (5-year bands): 65+,2022,1.492,Unreliable
Chad,Unemployment rate by sex and age (%),Female,Age (5-year bands): 15+,2022,2.157,Observed
Chad,Unemployment rate by sex and age (%),Female,Age (5-year bands): 15-19,2022,5.405,Observed
Chad,Unemployment rate by sex and age (%),Female,Age (5-year bands): 20-24,2022,4.884,Observed
Chad,Unemployment rate by sex and age (%),Female,Age (5-year bands): 25-29,2022,2.949,Observed
Chad,Unemployment rate by sex and age (%),Female,Age (5-year bands): 30-34,2022,1.827,Observed
Chad,Unemployment rate by sex and age (%),Female,Age (5-year bands): 35-39,2022,1.939,Observed
Chad,Unemployment rate by sex and age (%),Female,Age (5-year bands): 40-44,2022,1.203,Unreliable
Chad,Unemployment rate by sex and age (%),Female,Age (5-year bands): 45-49,2022,,Unreliable
Chad,Unemployment rate by sex and age (%),Female,Age (5-year bands): 50-54,2022,,Unreliable
Chad,Unemployment rate by sex and age (%),Female,Age (5-year bands): 55-59,2022,,Unreliable
Chad,Unemployment rate by sex and age (%),Female,Age (5-year bands): 60-64,2022,,Unreliable
Chad,Unemployment rate by sex and age (%),Female,Age (5-year bands): 65+,2022,,Unreliable
Togo,Unemployment rate by sex and age (%),Total,"Age (Youth, adults): 15+",2022,1.965,Observed
Togo,Unemployment rate by sex and age (%),Total,"Age (Youth, adults): 15-64",2022,2.087,Observed
Togo,Unemployment rate by sex and age (%),Total,"Age (Youth, adults): 15-24",2022,3.365,Observed
Togo,Unemployment rate by sex and age (%),Total,"Age (Youth, adults): 25+",2022,1.704,Observed
Togo,Unemployment rate by sex and age (%),Male,"Age (Youth, adults): 15+",2022,1.813,Observed
Togo,Unemployment rate by sex and age (%),Male,"Age (Youth, adults): 15-64",2022,1.925,Observed
Togo,Unemployment rate by sex and age (%),Male,"Age (Youth, adults): 15-24",2022,3.107,Observed
Togo,Unemployment rate by sex and age (%),Male,"Age (Youth, adults): 25+",2022,1.58,Observed
Togo,Unemployment rate by sex and age (%),Female,"Age (Youth, adults): 15+",2022,2.1,Observed
Togo,Unemployment rate by sex and age (%),Female,"Age (Youth, adults): 15-64",2022,2.231,Observed
Togo,Unemployment rate by sex and age (%),Female,"Age (Youth, adults): 15-24",2022,3.582,Observed
Togo,Unemployment rate by sex and age (%),Female,"Age (Youth, adults): 25+",2022,1.815,Observed
Togo,Unemployment rate by sex and age (%),Total,Age (Aggregate bands): 15+,2022,1.965,Observed
Togo,Unemployment rate by sex and age (%),Total,Age (Aggregate bands): 15-24,2022,3.365,Observed
Togo,Unemployment rate by sex and age (%),Total,Age (Aggregate bands): 25-54,2022,2.049,Observed
Togo,Unemployment rate by sex and age (%),Total,Age (Aggregate bands): 55-64,2022,,Unreliable
Togo,Unemployment rate by sex and age (%),Male,Age (Aggregate bands): 15+,2022,1.813,Observed
Togo,Unemployment rate by sex and age (%),Male,Age (Aggregate bands): 15-24,2022,3.107,Observed
Togo,Unemployment rate by sex and age (%),Male,Age (Aggregate bands): 25-54,2022,1.851,Observed
Togo,Unemployment rate by sex and age (%),Male,Age (Aggregate bands): 55-64,2022,,Unreliable
Togo,Unemployment rate by sex and age (%),Female,Age (Aggregate bands): 15+,2022,2.1,Observed
Togo,Unemployment rate by sex and age (%),Female,Age (Aggregate bands): 15-24,2022,3.582,Observed
Togo,Unemployment rate by sex and age (%),Female,Age (Aggregate bands): 25-54,2022,2.225,Observed
Togo,Unemployment rate by sex and age (%),Female,Age (Aggregate bands): 55-64,2022,,Unreliable
Togo,Unemployment rate by sex and age (%),Total,Age (10-year bands): 15+,2022,1.965,Observed
Togo,Unemployment rate by sex and age (%),Total,Age (10-year bands): 15-24,2022,3.365,Observed
Togo,Unemployment rate by sex and age (%),Total,Age (10-year bands): 25-34,2022,3.564,Observed
Togo,Unemployment rate by sex and age (%),Total,Age (10-year bands): 35-44,2022,1.484,Observed
Togo,Unemployment rate by sex and age (%),Total,Age (10-year bands): 45-54,2022,0.852,Unreliable
Togo,Unemployment rate by sex and age (%),Total,Age (10-year bands): 55-64,2022,,Unreliable
Togo,Unemployment rate by sex and age (%),Male,Age (10-year bands): 15+,2022,1.813,Observed
Togo,Unemployment rate by sex and age (%),Male,Age (10-year bands): 15-24,2022,3.107,Observed
Togo,Unemployment rate by sex and age (%),Male,Age (10-year bands): 25-34,2022,3.507,Observed
Togo,Unemployment rate by sex and age (%),Male,Age (10-year bands): 35-44,2022,1.094,Unreliable
Togo,Unemployment rate by sex and age (%),Male,Age (10-year bands): 45-54,2022,0.759,Unreliable
Togo,Unemployment rate by sex and age (%),Male,Age (10-year bands): 55-64,2022,,Unreliable
Togo,Unemployment rate by sex and age (%),Female,Age (10-year bands): 15+,2022,2.1,Observed
Togo,Unemployment rate by sex and age (%),Female,Age (10-year bands): 15-24,2022,3.582,Observed
Togo,Unemployment rate by sex and age (%),Female,Age (10-year bands): 25-34,2022,3.615,Observed
Togo,Unemployment rate by sex and age (%),Female,Age (10-year bands): 35-44,2022,1.813,Observed
Togo,Unemployment rate by sex and age (%),Female,Age (10-year bands): 45-54,2022,0.941,Unreliable
Togo,Unemployment rate by sex and age (%),Female,Age (10-year bands): 55-64,2022,,Unreliable
Togo,Unemployment rate by sex and age (%),Total,Age (5-year bands): 15+,2022,1.965,Observed
Togo,Unemployment rate by sex and age (%),Total,Age (5-year bands): 15-19,2022,1.94,Observed
Togo,Unemployment rate by sex and age (%),Total,Age (5-year bands): 20-24,2022,4.389,Observed
Togo,Unemployment rate by sex and age (%),Total,Age (5-year bands): 25-29,2022,4.696,Observed
Togo,Unemployment rate by sex and age (%),Total,Age (5-year bands): 30-34,2022,2.564,Observed
Togo,Unemployment rate by sex and age (%),Total,Age (5-year bands): 35-39,2022,1.801,Observed
Togo,Unemployment rate by sex and age (%),Total,Age (5-year bands): 40-44,2022,1.154,Unreliable
Togo,Unemployment rate by sex and age (%),Total,Age (5-year bands): 45-49,2022,0.915,Unreliable
Togo,Unemployment rate by sex and age (%),Total,Age (5-year bands): 50-54,2022,0.782,Unreliable
Togo,Unemployment rate by sex and age (%),Total,Age (5-year bands): 55-59,2022,,Unreliable
Togo,Unemployment rate by sex and age (%),Total,Age (5-year bands): 60-64,2022,,Unreliable
Togo,Unemployment rate by sex and age (%),Male,Age (5-year bands): 15+,2022,1.813,Observed
Togo,Unemployment rate by sex and age (%),Male,Age (5-year bands): 15-19,2022,1.11,Unreliable
Togo,Unemployment rate by sex and age (%),Male,Age (5-year bands): 20-24,2022,4.665,Observed
Togo,Unemployment rate by sex and age (%),Male,Age (5-year bands): 25-29,2022,4.923,Observed
Togo,Unemployment rate by sex and age (%),Male,Age (5-year bands): 30-34,2022,2.324,Unreliable
Togo,Unemployment rate by sex and age (%),Male,Age (5-year bands): 35-39,2022,1.679,Unreliable
Togo,Unemployment rate by sex and age (%),Male,Age (5-year bands): 40-44,2022,,Unreliable
Togo,Unemployment rate by sex and age (%),Male,Age (5-year bands): 45-49,2022,,Unreliable
Togo,Unemployment rate by sex and age (%),Male,Age (5-year bands): 50-54,2022,1.562,Unreliable
Togo,Unemployment rate by sex and age (%),Male,Age (5-year bands): 55-59,2022,,Unreliable
Togo,Unemployment rate by sex and age (%),Male,Age (5-year bands): 60-64,2022,,Unreliable
Togo,Unemployment rate by sex and age (%),Female,Age (5-year bands): 15+,2022,2.1,Observed
Togo,Unemployment rate by sex and age (%),Female,Age (5-year bands): 15-19,2022,2.704,Unreliable
Togo,Unemployment rate by sex and age (%),Female,Age (5-year bands): 20-24,2022,4.171,Observed
Togo,Unemployment rate by sex and age (%),Female,Age (5-year bands): 25-29,2022,4.505,Observed
Togo,Unemployment rate by sex and age (%),Female,Age (5-year bands): 30-34,2022,2.789,Observed
Togo,Unemployment rate by sex and age (%),Female,Age (5-year bands): 35-39,2022,1.907,Unreliable
Togo,Unemployment rate by sex and age (%),Female,Age (5-year bands): 40-44,2022,1.718,Unreliable
Togo,Unemployment rate by sex and age (%),Female,Age (5-year bands): 45-49,2022,1.767,Unreliable
Togo,Unemployment rate by sex and age (%),Female,Age (5-year bands): 50-54,2022,,Unreliable
Togo,Unemployment rate by sex and age (%),Female,Age (5-year bands): 55-59,2022,,Unreliable
Togo,Unemployment rate by sex and age (%),Female,Age (5-year bands): 60-64,2022,,Unreliable
South Africa,Unemployment rate by sex and age (%),Total,"Age (Youth, adults): 15+",2022,33.268,Observed
South Africa,Unemployment rate by sex and age (%),Total,"Age (Youth, adults): 15-64",2022,33.514,Observed
South Africa,Unemployment rate by sex and age (%),Total,"Age (Youth, adults): 15-24",2022,61.478,Observed
South Africa,Unemployment rate by sex and age (%),Total,"Age (Youth, adults): 25+",2022,29.717,Observed
South Africa,Unemployment rate by sex and age (%),Male,"Age (Youth, adults): 15+",2022,31.496,Observed
South Africa,Unemployment rate by sex and age (%),Male,"Age (Youth, adults): 15-64",2022,31.759,Observed
South Africa,Unemployment rate by sex and age (%),Male,"Age (Youth, adults): 15-24",2022,57.975,Observed
South Africa,Unemployment rate by sex and age (%),Male,"Age (Youth, adults): 25+",2022,28.139,Observed
South Africa,Unemployment rate by sex and age (%),Female,"Age (Youth, adults): 15+",2022,35.401,Observed
South Africa,Unemployment rate by sex and age (%),Female,"Age (Youth, adults): 15-64",2022,35.623,Observed
South Africa,Unemployment rate by sex and age (%),Female,"Age (Youth, adults): 15-24",2022,65.755,Observed
South Africa,Unemployment rate by sex and age (%),Female,"Age (Youth, adults): 25+",2022,31.614,Observed
South Africa,Unemployment rate by sex and age (%),Total,Age (Aggregate bands): 15+,2022,33.268,Observed
South Africa,Unemployment rate by sex and age (%),Total,Age (Aggregate bands): 15-24,2022,61.478,Observed
South Africa,Unemployment rate by sex and age (%),Total,Age (Aggregate bands): 25-54,2022,31.462,Observed
South Africa,Unemployment rate by sex and age (%),Total,Age (Aggregate bands): 55-64,2022,12.92,Observed
South Africa,Unemployment rate by sex and age (%),Total,Age (Aggregate bands): 65+,2022,4.673,Observed
South Africa,Unemployment rate by sex and age (%),Male,Age (Aggregate bands): 15+,2022,31.496,Observed
South Africa,Unemployment rate by sex and age (%),Male,Age (Aggregate bands): 15-24,2022,57.975,Observed
South Africa,Unemployment rate by sex and age (%),Male,Age (Aggregate bands): 25-54,2022,29.672,Observed
South Africa,Unemployment rate by sex and age (%),Male,Age (Aggregate bands): 55-64,2022,14.072,Observed
South Africa,Unemployment rate by sex and age (%),Male,Age (Aggregate bands): 65+,2022,3.387,Observed
South Africa,Unemployment rate by sex and age (%),Female,Age (Aggregate bands): 15+,2022,35.401,Observed
South Africa,Unemployment rate by sex and age (%),Female,Age (Aggregate bands): 15-24,2022,65.755,Observed
South Africa,Unemployment rate by sex and age (%),Female,Age (Aggregate bands): 25-54,2022,33.605,Observed
South Africa,Unemployment rate by sex and age (%),Female,Age (Aggregate bands): 55-64,2022,11.518,Observed
South Africa,Unemployment rate by sex and age (%),Female,Age (Aggregate bands): 65+,2022,6.555,Observed
South Africa,Unemployment rate by sex and age (%),Total,Age (10-year bands): 15+,2022,33.268,Observed
South Africa,Unemployment rate by sex and age (%),Total,Age (10-year bands): 15-24,2022,61.478,Observed
South Africa,Unemployment rate by sex and age (%),Total,Age (10-year bands): 25-34,2022,40.911,Observed
South Africa,Unemployment rate by sex and age (%),Total,Age (10-year bands): 35-44,2022,28.46,Observed
South Africa,Unemployment rate by sex and age (%),Total,Age (10-year bands): 45-54,2022,20.985,Observed
South Africa,Unemployment rate by sex and age (%),Total,Age (10-year bands): 55-64,2022,12.92,Observed
South Africa,Unemployment rate by sex and age (%),Total,Age (10-year bands): 65+,2022,4.673,Observed
South Africa,Unemployment rate by sex and age (%),Male,Age (10-year bands): 15+,2022,31.496,Observed
South Africa,Unemployment rate by sex and age (%),Male,Age (10-year bands): 15-24,2022,57.975,Observed
South Africa,Unemployment rate by sex and age (%),Male,Age (10-year bands): 25-34,2022,38.593,Observed
South Africa,Unemployment rate by sex and age (%),Male,Age (10-year bands): 35-44,2022,25.917,Observed
South Africa,Unemployment rate by sex and age (%),Male,Age (10-year bands): 45-54,2022,20.843,Observed
South Africa,Unemployment rate by sex and age (%),Male,Age (10-year bands): 55-64,2022,14.072,Observed
South Africa,Unemployment rate by sex and age (%),Male,Age (10-year bands): 65+,2022,3.387,Observed
South Africa,Unemployment rate by sex and age (%),Female,Age (10-year bands): 15+,2022,35.401,Observed
South Africa,Unemployment rate by sex and age (%),Female,Age (10-year bands): 15-24,2022,65.755,Observed
South Africa,Unemployment rate by sex and age (%),Female,Age (10-year bands): 25-34,2022,43.735,Observed
South Africa,Unemployment rate by sex and age (%),Female,Age (10-year bands): 35-44,2022,31.555,Observed
South Africa,Unemployment rate by sex and age (%),Female,Age (10-year bands): 45-54,2022,21.148,Observed
South Africa,Unemployment rate by sex and age (%),Female,Age (10-year bands): 55-64,2022,11.518,Observed
South Africa,Unemployment rate by sex and age (%),Female,Age (10-year bands): 65+,2022,6.555,Observed
South Africa,Unemployment rate by sex and age (%),Total,Age (5-year bands): 15+,2022,33.268,Observed
South Africa,Unemployment rate by sex and age (%),Total,Age (5-year bands): 15-19,2022,75.508,Observed
South Africa,Unemployment rate by sex and age (%),Total,Age (5-year bands): 20-24,2022,59.738,Observed
South Africa,Unemployment rate by sex and age (%),Total,Age (5-year bands): 25-29,2022,44.864,Observed
South Africa,Unemployment rate by sex and age (%),Total,Age (5-year bands): 30-34,2022,37.047,Observed
South Africa,Unemployment rate by sex and age (%),Total,Age (5-year bands): 35-39,2022,31.118,Observed
South Africa,Unemployment rate by sex and age (%),Total,Age (5-year bands): 40-44,2022,25.466,Observed
South Africa,Unemployment rate by sex and age (%),Total,Age (5-year bands): 45-49,2022,22.608,Observed
South Africa,Unemployment rate by sex and age (%),Total,Age (5-year bands): 50-54,2022,18.799,Observed
South Africa,Unemployment rate by sex and age (%),Total,Age (5-year bands): 55-59,2022,15.43,Observed
South Africa,Unemployment rate by sex and age (%),Total,Age (5-year bands): 60-64,2022,5.275,Observed
South Africa,Unemployment rate by sex and age (%),Total,Age (5-year bands): 65+,2022,4.673,Observed
South Africa,Unemployment rate by sex and age (%),Male,Age (5-year bands): 15+,2022,31.496,Observed
South Africa,Unemployment rate by sex and age (%),Male,Age (5-year bands): 15-19,2022,72.14,Observed
South Africa,Unemployment rate by sex and age (%),Male,Age (5-year bands): 20-24,2022,56.336,Observed
South Africa,Unemployment rate by sex and age (%),Male,Age (5-year bands): 25-29,2022,42.334,Observed
South Africa,Unemployment rate by sex and age (%),Male,Age (5-year bands): 30-34,2022,34.945,Observed
South Africa,Unemployment rate by sex and age (%),Male,Age (5-year bands): 35-39,2022,28.136,Observed
South Africa,Unemployment rate by sex and age (%),Male,Age (5-year bands): 40-44,2022,23.459,Observed
South Africa,Unemployment rate by sex and age (%),Male,Age (5-year bands): 45-49,2022,21.942,Observed
South Africa,Unemployment rate by sex and age (%),Male,Age (5-year bands): 50-54,2022,19.309,Observed
South Africa,Unemployment rate by sex and age (%),Male,Age (5-year bands): 55-59,2022,16.976,Observed
South Africa,Unemployment rate by sex and age (%),Male,Age (5-year bands): 60-64,2022,5.692,Observed
South Africa,Unemployment rate by sex and age (%),Male,Age (5-year bands): 65+,2022,3.387,Observed
South Africa,Unemployment rate by sex and age (%),Female,Age (5-year bands): 15+,2022,35.401,Observed
South Africa,Unemployment rate by sex and age (%),Female,Age (5-year bands): 15-19,2022,79.108,Observed
South Africa,Unemployment rate by sex and age (%),Female,Age (5-year bands): 20-24,2022,63.961,Observed
South Africa,Unemployment rate by sex and age (%),Female,Age (5-year bands): 25-29,2022,47.937,Observed
South Africa,Unemployment rate by sex and age (%),Female,Age (5-year bands): 30-34,2022,39.614,Observed
South Africa,Unemployment rate by sex and age (%),Female,Age (5-year bands): 35-39,2022,34.685,Observed
South Africa,Unemployment rate by sex and age (%),Female,Age (5-year bands): 40-44,2022,27.957,Observed
South Africa,Unemployment rate by sex and age (%),Female,Age (5-year bands): 45-49,2022,23.393,Observed
South Africa,Unemployment rate by sex and age (%),Female,Age (5-year bands): 50-54,2022,18.242,Observed
South Africa,Unemployment rate by sex and age (%),Female,Age (5-year bands): 55-59,2022,13.602,Observed
South Africa,Unemployment rate by sex and age (%),Female,Age (5-year bands): 60-64,2022,4.719,Observed
South Africa,Unemployment rate by sex and age (%),Female,Age (5-year bands): 65+,2022,6.555,Observed
Zambia,Unemployment rate by sex and age (%),Total,"Age (Youth, adults): 15+",2022,5.993,Observed
Zambia,Unemployment rate by sex and age (%),Total,"Age (Youth, adults): 15-64",2022,6.22,Observed
Zambia,Unemployment rate by sex and age (%),Total,"Age (Youth, adults): 15-24",2022,9.816,Observed
Zambia,Unemployment rate by sex and age (%),Total,"Age (Youth, adults): 25+",2022,4.941,Observed
Zambia,Unemployment rate by sex and age (%),Male,"Age (Youth, adults): 15+",2022,5.734,Observed
Zambia,Unemployment rate by sex and age (%),Male,"Age (Youth, adults): 15-64",2022,5.948,Observed
Zambia,Unemployment rate by sex and age (%),Male,"Age (Youth, adults): 15-24",2022,9.765,Observed
Zambia,Unemployment rate by sex and age (%),Male,"Age (Youth, adults): 25+",2022,4.627,Observed
Zambia,Unemployment rate by sex and age (%),Female,"Age (Youth, adults): 15+",2022,6.292,Observed
Zambia,Unemployment rate by sex and age (%),Female,"Age (Youth, adults): 15-64",2022,6.535,Observed
Zambia,Unemployment rate by sex and age (%),Female,"Age (Youth, adults): 15-24",2022,9.874,Observed
Zambia,Unemployment rate by sex and age (%),Female,"Age (Youth, adults): 25+",2022,5.306,Observed
Zambia,Unemployment rate by sex and age (%),Total,Age (Aggregate bands): 15+,2022,5.993,Observed
Zambia,Unemployment rate by sex and age (%),Total,Age (Aggregate bands): 15-24,2022,9.816,Observed
Zambia,Unemployment rate by sex and age (%),Total,Age (Aggregate bands): 25-54,2022,5.596,Observed
Zambia,Unemployment rate by sex and age (%),Total,Age (Aggregate bands): 55-64,2022,1.016,Unreliable
Zambia,Unemployment rate by sex and age (%),Total,Age (Aggregate bands): 65+,2022,,Unreliable
Zambia,Unemployment rate by sex and age (%),Male,Age (Aggregate bands): 15+,2022,5.734,Observed
Zambia,Unemployment rate by sex and age (%),Male,Age (Aggregate bands): 15-24,2022,9.765,Observed
Zambia,Unemployment rate by sex and age (%),Male,Age (Aggregate bands): 25-54,2022,5.185,Observed
Zambia,Unemployment rate by sex and age (%),Male,Age (Aggregate bands): 55-64,2022,1.348,Unreliable
Zambia,Unemployment rate by sex and age (%),Male,Age (Aggregate bands): 65+,2022,,Unreliable
Zambia,Unemployment rate by sex and age (%),Female,Age (Aggregate bands): 15+,2022,6.292,Observed
Zambia,Unemployment rate by sex and age (%),Female,Age (Aggregate bands): 15-24,2022,9.874,Observed
Zambia,Unemployment rate by sex and age (%),Female,Age (Aggregate bands): 25-54,2022,6.075,Observed
Zambia,Unemployment rate by sex and age (%),Female,Age (Aggregate bands): 55-64,2022,,Unreliable
Zambia,Unemployment rate by sex and age (%),Female,Age (Aggregate bands): 65+,2022,,Unreliable
Zambia,Unemployment rate by sex and age (%),Total,Age (10-year bands): 15+,2022,5.993,Observed
Zambia,Unemployment rate by sex and age (%),Total,Age (10-year bands): 15-24,2022,9.816,Observed
Zambia,Unemployment rate by sex and age (%),Total,Age (10-year bands): 25-34,2022,8.332,Observed
Zambia,Unemployment rate by sex and age (%),Total,Age (10-year bands): 35-44,2022,3.619,Observed
Zambia,Unemployment rate by sex and age (%),Total,Age (10-year bands): 45-54,2022,2.78,Observed
Zambia,Unemployment rate by sex and age (%),Total,Age (10-year bands): 55-64,2022,1.016,Unreliable
Zambia,Unemployment rate by sex and age (%),Total,Age (10-year bands): 65+,2022,,Unreliable
Zambia,Unemployment rate by sex and age (%),Male,Age (10-year bands): 15+,2022,5.734,Observed
Zambia,Unemployment rate by sex and age (%),Male,Age (10-year bands): 15-24,2022,9.765,Observed
Zambia,Unemployment rate by sex and age (%),Male,Age (10-year bands): 25-34,2022,7.012,Observed
Zambia,Unemployment rate by sex and age (%),Male,Age (10-year bands): 35-44,2022,4.022,Observed
Zambia,Unemployment rate by sex and age (%),Male,Age (10-year bands): 45-54,2022,2.936,Observed
Zambia,Unemployment rate by sex and age (%),Male,Age (10-year bands): 55-64,2022,1.348,Unreliable
Zambia,Unemployment rate by sex and age (%),Male,Age (10-year bands): 65+,2022,,Unreliable
Zambia,Unemployment rate by sex and age (%),Female,Age (10-year bands): 15+,2022,6.292,Observed
Zambia,Unemployment rate by sex and age (%),Female,Age (10-year bands): 15-24,2022,9.874,Observed
Zambia,Unemployment rate by sex and age (%),Female,Age (10-year bands): 25-34,2022,9.926,Observed
Zambia,Unemployment rate by sex and age (%),Female,Age (10-year bands): 35-44,2022,3.18,Observed
Zambia,Unemployment rate by sex and age (%),Female,Age (10-year bands): 45-54,2022,2.597,Observed
Zambia,Unemployment rate by sex and age (%),Female,Age (10-year bands): 55-64,2022,,Unreliable
Zambia,Unemployment rate by sex and age (%),Female,Age (10-year bands): 65+,2022,,Unreliable
Zambia,Unemployment rate by sex and age (%),Total,Age (5-year bands): 15+,2022,5.993,Observed
Zambia,Unemployment rate by sex and age (%),Total,Age (5-year bands): 15-19,2022,6.947,Observed
Zambia,Unemployment rate by sex and age (%),Total,Age (5-year bands): 20-24,2022,11.397,Observed
Zambia,Unemployment rate by sex and age (%),Total,Age (5-year bands): 25-29,2022,9.265,Observed
Zambia,Unemployment rate by sex and age (%),Total,Age (5-year bands): 30-34,2022,7.206,Observed
Zambia,Unemployment rate by sex and age (%),Total,Age (5-year bands): 35-39,2022,3.609,Observed
Zambia,Unemployment rate by sex and age (%),Total,Age (5-year bands): 40-44,2022,3.631,Observed
Zambia,Unemployment rate by sex and age (%),Total,Age (5-year bands): 45-49,2022,2.723,Observed
Zambia,Unemployment rate by sex and age (%),Total,Age (5-year bands): 50-54,2022,2.858,Observed
Zambia,Unemployment rate by sex and age (%),Total,Age (5-year bands): 55-59,2022,1.088,Unreliable
Zambia,Unemployment rate by sex and age (%),Total,Age (5-year bands): 60-64,2022,,Unreliable
Zambia,Unemployment rate by sex and age (%),Total,Age (5-year bands): 65+,2022,,Unreliable
Zambia,Unemployment rate by sex and age (%),Male,Age (5-year bands): 15+,2022,5.734,Observed
Zambia,Unemployment rate by sex and age (%),Male,Age (5-year bands): 15-19,2022,7.342,Observed
Zambia,Unemployment rate by sex and age (%),Male,Age (5-year bands): 20-24,2022,11.134,Observed
Zambia,Unemployment rate by sex and age (%),Male,Age (5-year bands): 25-29,2022,7.511,Observed
Zambia,Unemployment rate by sex and age (%),Male,Age (5-year bands): 30-34,2022,6.369,Observed
Zambia,Unemployment rate by sex and age (%),Male,Age (5-year bands): 35-39,2022,3.949,Observed
Zambia,Unemployment rate by sex and age (%),Male,Age (5-year bands): 40-44,2022,4.106,Observed
Zambia,Unemployment rate by sex and age (%),Male,Age (5-year bands): 45-49,2022,2.831,Observed
Zambia,Unemployment rate by sex and age (%),Male,Age (5-year bands): 50-54,2022,3.086,Unreliable
Zambia,Unemployment rate by sex and age (%),Male,Age (5-year bands): 55-59,2022,1.406,Unreliable
Zambia,Unemployment rate by sex and age (%),Male,Age (5-year bands): 60-64,2022,,Unreliable
Zambia,Unemployment rate by sex and age (%),Male,Age (5-year bands): 65+,2022,,Unreliable
Zambia,Unemployment rate by sex and age (%),Female,Age (5-year bands): 15+,2022,6.292,Observed
Zambia,Unemployment rate by sex and age (%),Female,Age (5-year bands): 15-19,2022,6.476,Observed
Zambia,Unemployment rate by sex and age (%),Female,Age (5-year bands): 20-24,2022,11.694,Observed
Zambia,Unemployment rate by sex and age (%),Female,Age (5-year bands): 25-29,2022,11.525,Observed
Zambia,Unemployment rate by sex and age (%),Female,Age (5-year bands): 30-34,2022,8.141,Observed
Zambia,Unemployment rate by sex and age (%),Female,Age (5-year bands): 35-39,2022,3.244,Observed
Zambia,Unemployment rate by sex and age (%),Female,Age (5-year bands): 40-44,2022,3.104,Observed
Zambia,Unemployment rate by sex and age (%),Female,Age (5-year bands): 45-49,2022,2.59,Unreliable
Zambia,Unemployment rate by sex and age (%),Female,Age (5-year bands): 50-54,2022,2.605,Unreliable
Zambia,Unemployment rate by sex and age (%),Female,Age (5-year bands): 55-59,2022,,Unreliable
Zambia,Unemployment rate by sex and age (%),Female,Age (5-year bands): 60-64,2022,,Unreliable
Zambia,Unemployment rate by sex and age (%),Female,Age (5-year bands): 65+,2022,,Unreliable
Zimbabwe,Unemployment rate by sex and age (%),Total,"Age (Youth, adults): 15+",2022,10.001,Observed
Zimbabwe,Unemployment rate by sex and age (%),Total,"Age (Youth, adults): 15-64",2022,10.568,Observed
Zimbabwe,Unemployment rate by sex and age (%),Total,"Age (Youth, adults): 15-24",2022,17.354,Observed
Zimbabwe,Unemployment rate by sex and age (%),Total,"Age (Youth, adults): 25+",2022,7.997,Observed
Zimbabwe,Unemployment rate by sex and age (%),Male,"Age (Youth, adults): 15+",2022,9.554,Observed
Zimbabwe,Unemployment rate by sex and age (%),Male,"Age (Youth, adults): 15-64",2022,9.996,Observed
Zimbabwe,Unemployment rate by sex and age (%),Male,"Age (Youth, adults): 15-24",2022,16.812,Observed
Zimbabwe,Unemployment rate by sex and age (%),Male,"Age (Youth, adults): 25+",2022,7.368,Observed
Zimbabwe,Unemployment rate by sex and age (%),Female,"Age (Youth, adults): 15+",2022,10.461,Observed
Zimbabwe,Unemployment rate by sex and age (%),Female,"Age (Youth, adults): 15-64",2022,11.168,Observed
Zimbabwe,Unemployment rate by sex and age (%),Female,"Age (Youth, adults): 15-24",2022,18.01,Observed
Zimbabwe,Unemployment rate by sex and age (%),Female,"Age (Youth, adults): 25+",2022,8.617,Observed
Zimbabwe,Unemployment rate by sex and age (%),Total,Age (Aggregate bands): 15+,2022,10.001,Observed
Zimbabwe,Unemployment rate by sex and age (%),Total,Age (Aggregate bands): 15-24,2022,17.354,Observed
Zimbabwe,Unemployment rate by sex and age (%),Total,Age (Aggregate bands): 25-54,2022,9.224,Observed
Zimbabwe,Unemployment rate by sex and age (%),Total,Age (Aggregate bands): 55-64,2022,3.152,Observed
Zimbabwe,Unemployment rate by sex and age (%),Total,Age (Aggregate bands): 65+,2022,1.85,Observed
Zimbabwe,Unemployment rate by sex and age (%),Male,Age (Aggregate bands): 15+,2022,9.554,Observed
Zimbabwe,Unemployment rate by sex and age (%),Male,Age (Aggregate bands): 15-24,2022,16.812,Observed
Zimbabwe,Unemployment rate by sex and age (%),Male,Age (Aggregate bands): 25-54,2022,8.216,Observed
Zimbabwe,Unemployment rate by sex and age (%),Male,Age (Aggregate bands): 55-64,2022,3.783,Observed
Zimbabwe,Unemployment rate by sex and age (%),Male,Age (Aggregate bands): 65+,2022,2.324,Observed
Zimbabwe,Unemployment rate by sex and age (%),Female,Age (Aggregate bands): 15+,2022,10.461,Observed
Zimbabwe,Unemployment rate by sex and age (%),Female,Age (Aggregate bands): 15-24,2022,18.01,Observed
Zimbabwe,Unemployment rate by sex and age (%),Female,Age (Aggregate bands): 25-54,2022,10.261,Observed
Zimbabwe,Unemployment rate by sex and age (%),Female,Age (Aggregate bands): 55-64,2022,2.639,Observed
Zimbabwe,Unemployment rate by sex and age (%),Female,Age (Aggregate bands): 65+,2022,1.464,Observed
Zimbabwe,Unemployment rate by sex and age (%),Total,Age (10-year bands): 15+,2022,10.001,Observed
Zimbabwe,Unemployment rate by sex and age (%),Total,Age (10-year bands): 15-24,2022,17.354,Observed
Zimbabwe,Unemployment rate by sex and age (%),Total,Age (10-year bands): 25-34,2022,12.762,Observed
Zimbabwe,Unemployment rate by sex and age (%),Total,Age (10-year bands): 35-44,2022,8.141,Observed
Zimbabwe,Unemployment rate by sex and age (%),Total,Age (10-year bands): 45-54,2022,5.815,Observed
Zimbabwe,Unemployment rate by sex and age (%),Total,Age (10-year bands): 55-64,2022,3.152,Observed
Zimbabwe,Unemployment rate by sex and age (%),Total,Age (10-year bands): 65+,2022,1.85,Observed
Zimbabwe,Unemployment rate by sex and age (%),Male,Age (10-year bands): 15+,2022,9.554,Observed
Zimbabwe,Unemployment rate by sex and age (%),Male,Age (10-year bands): 15-24,2022,16.812,Observed
Zimbabwe,Unemployment rate by sex and age (%),Male,Age (10-year bands): 25-34,2022,11.079,Observed
Zimbabwe,Unemployment rate by sex and age (%),Male,Age (10-year bands): 35-44,2022,6.954,Observed
Zimbabwe,Unemployment rate by sex and age (%),Male,Age (10-year bands): 45-54,2022,5.987,Observed
Zimbabwe,Unemployment rate by sex and age (%),Male,Age (10-year bands): 55-64,2022,3.783,Observed
Zimbabwe,Unemployment rate by sex and age (%),Male,Age (10-year bands): 65+,2022,2.324,Observed
Zimbabwe,Unemployment rate by sex and age (%),Female,Age (10-year bands): 15+,2022,10.461,Observed
Zimbabwe,Unemployment rate by sex and age (%),Female,Age (10-year bands): 15-24,2022,18.01,Observed
Zimbabwe,Unemployment rate by sex and age (%),Female,Age (10-year bands): 25-34,2022,14.525,Observed
Zimbabwe,Unemployment rate by sex and age (%),Female,Age (10-year bands): 35-44,2022,9.307,Observed
Zimbabwe,Unemployment rate by sex and age (%),Female,Age (10-year bands): 45-54,2022,5.631,Observed
Zimbabwe,Unemployment rate by sex and age (%),Female,Age (10-year bands): 55-64,2022,2.639,Observed
Zimbabwe,Unemployment rate by sex and age (%),Female,Age (10-year bands): 65+,2022,1.464,Observed
Zimbabwe,Unemployment rate by sex and age (%),Total,Age (5-year bands): 15+,2022,10.001,Observed
Zimbabwe,Unemployment rate by sex and age (%),Total,Age (5-year bands): 15-19,2022,15.127,Observed
Zimbabwe,Unemployment rate by sex and age (%),Total,Age (5-year bands): 20-24,2022,19.062,Observed
Zimbabwe,Unemployment rate by sex and age (%),Total,Age (5-year bands): 25-29,2022,15.376,Observed
Zimbabwe,Unemployment rate by sex and age (%),Total,Age (5-year bands): 30-34,2022,10.217,Observed
Zimbabwe,Unemployment rate by sex and age (%),Total,Age (5-year bands): 35-39,2022,8.902,Observed
Zimbabwe,Unemployment rate by sex and age (%),Total,Age (5-year bands): 40-44,2022,7.198,Observed
Zimbabwe,Unemployment rate by sex and age (%),Total,Age (5-year bands): 45-49,2022,6.176,Observed
Zimbabwe,Unemployment rate by sex and age (%),Total,Age (5-year bands): 50-54,2022,5.323,Observed
Zimbabwe,Unemployment rate by sex and age (%),Total,Age (5-year bands): 55-59,2022,3.946,Observed
Zimbabwe,Unemployment rate by sex and age (%),Total,Age (5-year bands): 60-64,2022,2.268,Observed
Zimbabwe,Unemployment rate by sex and age (%),Total,Age (5-year bands): 65+,2022,1.85,Observed
Zimbabwe,Unemployment rate by sex and age (%),Male,Age (5-year bands): 15+,2022,9.554,Observed
Zimbabwe,Unemployment rate by sex and age (%),Male,Age (5-year bands): 15-19,2022,14.764,Observed
Zimbabwe,Unemployment rate by sex and age (%),Male,Age (5-year bands): 20-24,2022,18.508,Observed
Zimbabwe,Unemployment rate by sex and age (%),Male,Age (5-year bands): 25-29,2022,13.611,Observed
Zimbabwe,Unemployment rate by sex and age (%),Male,Age (5-year bands): 30-34,2022,8.566,Observed
Zimbabwe,Unemployment rate by sex and age (%),Male,Age (5-year bands): 35-39,2022,7.912,Observed
Zimbabwe,Unemployment rate by sex and age (%),Male,Age (5-year bands): 40-44,2022,5.785,Observed
Zimbabwe,Unemployment rate by sex and age (%),Male,Age (5-year bands): 45-49,2022,6.305,Observed
Zimbabwe,Unemployment rate by sex and age (%),Male,Age (5-year bands): 50-54,2022,5.564,Observed
Zimbabwe,Unemployment rate by sex and age (%),Male,Age (5-year bands): 55-59,2022,4.364,Observed
Zimbabwe,Unemployment rate by sex and age (%),Male,Age (5-year bands): 60-64,2022,3.106,Observed
Zimbabwe,Unemployment rate by sex and age (%),Male,Age (5-year bands): 65+,2022,2.324,Observed
Zimbabwe,Unemployment rate by sex and age (%),Female,Age (5-year bands): 15+,2022,10.461,Observed
Zimbabwe,Unemployment rate by sex and age (%),Female,Age (5-year bands): 15-19,2022,15.613,Observed
Zimbabwe,Unemployment rate by sex and age (%),Female,Age (5-year bands): 20-24,2022,19.688,Observed
Zimbabwe,Unemployment rate by sex and age (%),Female,Age (5-year bands): 25-29,2022,17.262,Observed
Zimbabwe,Unemployment rate by sex and age (%),Female,Age (5-year bands): 30-34,2022,11.914,Observed
Zimbabwe,Unemployment rate by sex and age (%),Female,Age (5-year bands): 35-39,2022,9.859,Observed
Zimbabwe,Unemployment rate by sex and age (%),Female,Age (5-year bands): 40-44,2022,8.611,Observed
Zimbabwe,Unemployment rate by sex and age (%),Female,Age (5-year bands): 45-49,2022,6.04,Observed
Zimbabwe,Unemployment rate by sex and age (%),Female,Age (5-year bands): 50-54,2022,5.056,Observed
Zimbabwe,Unemployment rate by sex and age (%),Female,Age (5-year bands): 55-59,2022,3.592,Observed
Zimbabwe,Unemployment rate by sex and age (%),Female,Age (5-year bands): 60-64,2022,1.619,Observed
Zimbabwe,Unemployment rate by sex and age (%),Female,Age (5-year bands): 65+,2022,1.464,Observed
Angola,Employment-to-population ratio by sex and age (%),Total,"Age (Youth, adults): 15+",2022,64.756,Observed
Angola,Employment-to-population ratio by sex and age (%),Total,"Age (Youth, adults): 15-64",2022,65.108,Observed
Angola,Employment-to-population ratio by sex and age (%),Total,"Age (Youth, adults): 15-24",2022,39.304,Observed
Angola,Employment-to-population ratio by sex and age (%),Total,"Age (Youth, adults): 25+",2022,79.252,Observed
Angola,Employment-to-population ratio by sex and age (%),Male,"Age (Youth, adults): 15+",2022,66.064,Observed
Angola,Employment-to-population ratio by sex and age (%),Male,"Age (Youth, adults): 15-64",2022,66.411,Observed
Angola,Employment-to-population ratio by sex and age (%),Male,"Age (Youth, adults): 15-24",2022,39.679,Observed
Angola,Employment-to-population ratio by sex and age (%),Male,"Age (Youth, adults): 25+",2022,81.669,Observed
Angola,Employment-to-population ratio by sex and age (%),Female,"Age (Youth, adults): 15+",2022,63.547,Observed
Angola,Employment-to-population ratio by sex and age (%),Female,"Age (Youth, adults): 15-64",2022,63.895,Observed
Angola,Employment-to-population ratio by sex and age (%),Female,"Age (Youth, adults): 15-24",2022,38.941,Observed
Angola,Employment-to-population ratio by sex and age (%),Female,"Age (Youth, adults): 25+",2022,77.078,Observed
Angola,Employment-to-population ratio by sex and age (%),Total,Age (Aggregate bands): 15+,2022,64.756,Observed
Angola,Employment-to-population ratio by sex and age (%),Total,Age (Aggregate bands): 15-24,2022,39.304,Observed
Angola,Employment-to-population ratio by sex and age (%),Total,Age (Aggregate bands): 25-54,2022,81.204,Observed
Angola,Employment-to-population ratio by sex and age (%),Total,Age (Aggregate bands): 55-64,2022,78.929,Observed
Angola,Employment-to-population ratio by sex and age (%),Total,Age (Aggregate bands): 65+,2022,57.321,Observed
Angola,Employment-to-population ratio by sex and age (%),Male,Age (Aggregate bands): 15+,2022,66.064,Observed
Angola,Employment-to-population ratio by sex and age (%),Male,Age (Aggregate bands): 15-24,2022,39.679,Observed
Angola,Employment-to-population ratio by sex and age (%),Male,Age (Aggregate bands): 25-54,2022,84.032,Observed
Angola,Employment-to-population ratio by sex and age (%),Male,Age (Aggregate bands): 55-64,2022,78.174,Observed
Angola,Employment-to-population ratio by sex and age (%),Male,Age (Aggregate bands): 65+,2022,58.012,Observed
Angola,Employment-to-population ratio by sex and age (%),Female,Age (Aggregate bands): 15+,2022,63.547,Observed
Angola,Employment-to-population ratio by sex and age (%),Female,Age (Aggregate bands): 15-24,2022,38.941,Observed
Angola,Employment-to-population ratio by sex and age (%),Female,Age (Aggregate bands): 25-54,2022,78.623,Observed
Angola,Employment-to-population ratio by sex and age (%),Female,Age (Aggregate bands): 55-64,2022,79.6,Observed
Angola,Employment-to-population ratio by sex and age (%),Female,Age (Aggregate bands): 65+,2022,56.782,Observed
Angola,Employment-to-population ratio by sex and age (%),Total,Age (10-year bands): 15+,2022,64.756,Observed
Angola,Employment-to-population ratio by sex and age (%),Total,Age (10-year bands): 15-24,2022,39.304,Observed
Angola,Employment-to-population ratio by sex and age (%),Total,Age (10-year bands): 25-34,2022,73.793,Observed
Angola,Employment-to-population ratio by sex and age (%),Total,Age (10-year bands): 35-44,2022,86.361,Observed
Angola,Employment-to-population ratio by sex and age (%),Total,Age (10-year bands): 45-54,2022,88.715,Observed
Angola,Employment-to-population ratio by sex and age (%),Total,Age (10-year bands): 55-64,2022,78.929,Observed
Angola,Employment-to-population ratio by sex and age (%),Total,Age (10-year bands): 65+,2022,57.321,Observed
Angola,Employment-to-population ratio by sex and age (%),Male,Age (10-year bands): 15+,2022,66.064,Observed
Angola,Employment-to-population ratio by sex and age (%),Male,Age (10-year bands): 15-24,2022,39.679,Observed
Angola,Employment-to-population ratio by sex and age (%),Male,Age (10-year bands): 25-34,2022,77.972,Observed
Angola,Employment-to-population ratio by sex and age (%),Male,Age (10-year bands): 35-44,2022,88.824,Observed
Angola,Employment-to-population ratio by sex and age (%),Male,Age (10-year bands): 45-54,2022,89.006,Observed
Angola,Employment-to-population ratio by sex and age (%),Male,Age (10-year bands): 55-64,2022,78.174,Observed
Angola,Employment-to-population ratio by sex and age (%),Male,Age (10-year bands): 65+,2022,58.012,Observed
Angola,Employment-to-population ratio by sex and age (%),Female,Age (10-year bands): 15+,2022,63.547,Observed
Angola,Employment-to-population ratio by sex and age (%),Female,Age (10-year bands): 15-24,2022,38.941,Observed
Angola,Employment-to-population ratio by sex and age (%),Female,Age (10-year bands): 25-34,2022,70.087,Observed
Angola,Employment-to-population ratio by sex and age (%),Female,Age (10-year bands): 35-44,2022,84.049,Observed
Angola,Employment-to-population ratio by sex and age (%),Female,Age (10-year bands): 45-54,2022,88.445,Observed
Angola,Employment-to-population ratio by sex and age (%),Female,Age (10-year bands): 55-64,2022,79.6,Observed
Angola,Employment-to-population ratio by sex and age (%),Female,Age (10-year bands): 65+,2022,56.782,Observed
Angola,Employment-to-population ratio by sex and age (%),Total,Age (5-year bands): 15+,2022,64.756,Observed
Angola,Employment-to-population ratio by sex and age (%),Total,Age (5-year bands): 15-19,2022,30.355,Observed
Angola,Employment-to-population ratio by sex and age (%),Total,Age (5-year bands): 20-24,2022,51.395,Observed
Angola,Employment-to-population ratio by sex and age (%),Total,Age (5-year bands): 25-29,2022,68.66,Observed
Angola,Employment-to-population ratio by sex and age (%),Total,Age (5-year bands): 30-34,2022,79.719,Observed
Angola,Employment-to-population ratio by sex and age (%),Total,Age (5-year bands): 35-39,2022,84.84,Observed
Angola,Employment-to-population ratio by sex and age (%),Total,Age (5-year bands): 40-44,2022,88.121,Observed
Angola,Employment-to-population ratio by sex and age (%),Total,Age (5-year bands): 45-49,2022,89.351,Observed
Angola,Employment-to-population ratio by sex and age (%),Total,Age (5-year bands): 50-54,2022,87.914,Observed
Angola,Employment-to-population ratio by sex and age (%),Total,Age (5-year bands): 55-59,2022,82.908,Observed
Angola,Employment-to-population ratio by sex and age (%),Total,Age (5-year bands): 60-64,2022,74.525,Observed
Angola,Employment-to-population ratio by sex and age (%),Total,Age (5-year bands): 65+,2022,57.321,Observed
Angola,Employment-to-population ratio by sex and age (%),Male,Age (5-year bands): 15+,2022,66.064,Observed
Angola,Employment-to-population ratio by sex and age (%),Male,Age (5-year bands): 15-19,2022,30.833,Observed
Angola,Employment-to-population ratio by sex and age (%),Male,Age (5-year bands): 20-24,2022,51.968,Observed
Angola,Employment-to-population ratio by sex and age (%),Male,Age (5-year bands): 25-29,2022,72.258,Observed
Angola,Employment-to-population ratio by sex and age (%),Male,Age (5-year bands): 30-34,2022,84.032,Observed
Angola,Employment-to-population ratio by sex and age (%),Male,Age (5-year bands): 35-39,2022,87.763,Observed
Angola,Employment-to-population ratio by sex and age (%),Male,Age (5-year bands): 40-44,2022,90.068,Observed
Angola,Employment-to-population ratio by sex and age (%),Male,Age (5-year bands): 45-49,2022,89.404,Observed
Angola,Employment-to-population ratio by sex and age (%),Male,Age (5-year bands): 50-54,2022,88.514,Observed
Angola,Employment-to-population ratio by sex and age (%),Male,Age (5-year bands): 55-59,2022,82.4,Observed
Angola,Employment-to-population ratio by sex and age (%),Male,Age (5-year bands): 60-64,2022,73.58,Observed
Angola,Employment-to-population ratio by sex and age (%),Male,Age (5-year bands): 65+,2022,58.012,Observed
Angola,Employment-to-population ratio by sex and age (%),Female,Age (5-year bands): 15+,2022,63.547,Observed
Angola,Employment-to-population ratio by sex and age (%),Female,Age (5-year bands): 15-19,2022,29.882,Observed
Angola,Employment-to-population ratio by sex and age (%),Female,Age (5-year bands): 20-24,2022,50.858,Observed
Angola,Employment-to-population ratio by sex and age (%),Female,Age (5-year bands): 25-29,2022,65.698,Observed
Angola,Employment-to-population ratio by sex and age (%),Female,Age (5-year bands): 30-34,2022,75.551,Observed
Angola,Employment-to-population ratio by sex and age (%),Female,Age (5-year bands): 35-39,2022,82.062,Observed
Angola,Employment-to-population ratio by sex and age (%),Female,Age (5-year bands): 40-44,2022,86.318,Observed
Angola,Employment-to-population ratio by sex and age (%),Female,Age (5-year bands): 45-49,2022,89.303,Observed
Angola,Employment-to-population ratio by sex and age (%),Female,Age (5-year bands): 50-54,2022,87.348,Observed
Angola,Employment-to-population ratio by sex and age (%),Female,Age (5-year bands): 55-59,2022,83.352,Observed
Angola,Employment-to-population ratio by sex and age (%),Female,Age (5-year bands): 60-64,2022,75.38,Observed
Angola,Employment-to-population ratio by sex and age (%),Female,Age (5-year bands): 65+,2022,56.782,Observed
Benin,Employment-to-population ratio by sex and age (%),Total,"Age (Youth, adults): 15+",2022,74.995,Observed
Benin,Employment-to-population ratio by sex and age (%),Total,"Age (Youth, adults): 15-64",2022,76.032,Observed
Benin,Employment-to-population ratio by sex and age (%),Total,"Age (Youth, adults): 15-24",2022,50.908,Observed
Benin,Employment-to-population ratio by sex and age (%),Total,"Age (Youth, adults): 25+",2022,86.448,Observed
Benin,Employment-to-population ratio by sex and age (%),Male,"Age (Youth, adults): 15+",2022,76.564,Observed
Benin,Employment-to-population ratio by sex and age (%),Male,"Age (Youth, adults): 15-64",2022,77.327,Observed
Benin,Employment-to-population ratio by sex and age (%),Male,"Age (Youth, adults): 15-24",2022,50.974,Observed
Benin,Employment-to-population ratio by sex and age (%),Male,"Age (Youth, adults): 25+",2022,90.076,Observed
Benin,Employment-to-population ratio by sex and age (%),Female,"Age (Youth, adults): 15+",2022,73.609,Observed
Benin,Employment-to-population ratio by sex and age (%),Female,"Age (Youth, adults): 15-64",2022,74.889,Observed
Benin,Employment-to-population ratio by sex and age (%),Female,"Age (Youth, adults): 15-24",2022,50.842,Observed
Benin,Employment-to-population ratio by sex and age (%),Female,"Age (Youth, adults): 25+",2022,83.445,Observed
Benin,Employment-to-population ratio by sex and age (%),Total,Age (Aggregate bands): 15+,2022,74.995,Observed
Benin,Employment-to-population ratio by sex and age (%),Total,Age (Aggregate bands): 15-24,2022,50.908,Observed
Benin,Employment-to-population ratio by sex and age (%),Total,Age (Aggregate bands): 25-54,2022,89.662,Observed
Benin,Employment-to-population ratio by sex and age (%),Total,Age (Aggregate bands): 55-64,2022,84.622,Observed
Benin,Employment-to-population ratio by sex and age (%),Total,Age (Aggregate bands): 65+,2022,57.703,Observed
Benin,Employment-to-population ratio by sex and age (%),Male,Age (Aggregate bands): 15+,2022,76.564,Observed
Benin,Employment-to-population ratio by sex and age (%),Male,Age (Aggregate bands): 15-24,2022,50.974,Observed
Benin,Employment-to-population ratio by sex and age (%),Male,Age (Aggregate bands): 25-54,2022,93.479,Observed
Benin,Employment-to-population ratio by sex and age (%),Male,Age (Aggregate bands): 55-64,2022,86.045,Observed
Benin,Employment-to-population ratio by sex and age (%),Male,Age (Aggregate bands): 65+,2022,63.843,Observed
Benin,Employment-to-population ratio by sex and age (%),Female,Age (Aggregate bands): 15+,2022,73.609,Observed
Benin,Employment-to-population ratio by sex and age (%),Female,Age (Aggregate bands): 15-24,2022,50.842,Observed
Benin,Employment-to-population ratio by sex and age (%),Female,Age (Aggregate bands): 25-54,2022,86.558,Observed
Benin,Employment-to-population ratio by sex and age (%),Female,Age (Aggregate bands): 55-64,2022,83.342,Observed
Benin,Employment-to-population ratio by sex and age (%),Female,Age (Aggregate bands): 65+,2022,52.277,Observed
Benin,Employment-to-population ratio by sex and age (%),Total,Age (10-year bands): 15+,2022,74.995,Observed
Benin,Employment-to-population ratio by sex and age (%),Total,Age (10-year bands): 15-24,2022,50.908,Observed
Benin,Employment-to-population ratio by sex and age (%),Total,Age (10-year bands): 25-34,2022,85.756,Observed
Benin,Employment-to-population ratio by sex and age (%),Total,Age (10-year bands): 35-44,2022,91.76,Observed
Benin,Employment-to-population ratio by sex and age (%),Total,Age (10-year bands): 45-54,2022,93.203,Observed
Benin,Employment-to-population ratio by sex and age (%),Total,Age (10-year bands): 55-64,2022,84.622,Observed
Benin,Employment-to-population ratio by sex and age (%),Total,Age (10-year bands): 65+,2022,57.703,Observed
Benin,Employment-to-population ratio by sex and age (%),Male,Age (10-year bands): 15+,2022,76.564,Observed
Benin,Employment-to-population ratio by sex and age (%),Male,Age (10-year bands): 15-24,2022,50.974,Observed
Benin,Employment-to-population ratio by sex and age (%),Male,Age (10-year bands): 25-34,2022,88.552,Observed
Benin,Employment-to-population ratio by sex and age (%),Male,Age (10-year bands): 35-44,2022,96.691,Observed
Benin,Employment-to-population ratio by sex and age (%),Male,Age (10-year bands): 45-54,2022,96.424,Observed
Benin,Employment-to-population ratio by sex and age (%),Male,Age (10-year bands): 55-64,2022,86.045,Observed
Benin,Employment-to-population ratio by sex and age (%),Male,Age (10-year bands): 65+,2022,63.843,Observed
Benin,Employment-to-population ratio by sex and age (%),Female,Age (10-year bands): 15+,2022,73.609,Observed
Benin,Employment-to-population ratio by sex and age (%),Female,Age (10-year bands): 15-24,2022,50.842,Observed
Benin,Employment-to-population ratio by sex and age (%),Female,Age (10-year bands): 25-34,2022,83.672,Observed
Benin,Employment-to-population ratio by sex and age (%),Female,Age (10-year bands): 35-44,2022,87.85,Observed
Benin,Employment-to-population ratio by sex and age (%),Female,Age (10-year bands): 45-54,2022,90.041,Observed
Benin,Employment-to-population ratio by sex and age (%),Female,Age (10-year bands): 55-64,2022,83.342,Observed
Benin,Employment-to-population ratio by sex and age (%),Female,Age (10-year bands): 65+,2022,52.277,Observed
Benin,Employment-to-population ratio by sex and age (%),Total,Age (5-year bands): 15+,2022,74.995,Observed
Benin,Employment-to-population ratio by sex and age (%),Total,Age (5-year bands): 15-19,2022,42.785,Observed
Benin,Employment-to-population ratio by sex and age (%),Total,Age (5-year bands): 20-24,2022,62.293,Observed
Benin,Employment-to-population ratio by sex and age (%),Total,Age (5-year bands): 25-29,2022,81.906,Observed
Benin,Employment-to-population ratio by sex and age (%),Total,Age (5-year bands): 30-34,2022,89.813,Observed
Benin,Employment-to-population ratio by sex and age (%),Total,Age (5-year bands): 35-39,2022,91.166,Observed
Benin,Employment-to-population ratio by sex and age (%),Total,Age (5-year bands): 40-44,2022,92.381,Observed
Benin,Employment-to-population ratio by sex and age (%),Total,Age (5-year bands): 45-49,2022,92.675,Observed
Benin,Employment-to-population ratio by sex and age (%),Total,Age (5-year bands): 50-54,2022,93.818,Observed
Benin,Employment-to-population ratio by sex and age (%),Total,Age (5-year bands): 55-59,2022,88.212,Observed
Benin,Employment-to-population ratio by sex and age (%),Total,Age (5-year bands): 60-64,2022,80.822,Observed
Benin,Employment-to-population ratio by sex and age (%),Total,Age (5-year bands): 65+,2022,57.703,Observed
Benin,Employment-to-population ratio by sex and age (%),Male,Age (5-year bands): 15+,2022,76.564,Observed
Benin,Employment-to-population ratio by sex and age (%),Male,Age (5-year bands): 15-19,2022,43.286,Observed
Benin,Employment-to-population ratio by sex and age (%),Male,Age (5-year bands): 20-24,2022,62.852,Observed
Benin,Employment-to-population ratio by sex and age (%),Male,Age (5-year bands): 25-29,2022,83.304,Observed
Benin,Employment-to-population ratio by sex and age (%),Male,Age (5-year bands): 30-34,2022,94.07,Observed
Benin,Employment-to-population ratio by sex and age (%),Male,Age (5-year bands): 35-39,2022,97.227,Observed
Benin,Employment-to-population ratio by sex and age (%),Male,Age (5-year bands): 40-44,2022,96.139,Observed
Benin,Employment-to-population ratio by sex and age (%),Male,Age (5-year bands): 45-49,2022,97.052,Observed
Benin,Employment-to-population ratio by sex and age (%),Male,Age (5-year bands): 50-54,2022,95.754,Observed
Benin,Employment-to-population ratio by sex and age (%),Male,Age (5-year bands): 55-59,2022,90.414,Observed
Benin,Employment-to-population ratio by sex and age (%),Male,Age (5-year bands): 60-64,2022,81.499,Observed
Benin,Employment-to-population ratio by sex and age (%),Male,Age (5-year bands): 65+,2022,63.843,Observed
Benin,Employment-to-population ratio by sex and age (%),Female,Age (5-year bands): 15+,2022,73.609,Observed
Benin,Employment-to-population ratio by sex and age (%),Female,Age (5-year bands): 15-19,2022,42.235,Observed
Benin,Employment-to-population ratio by sex and age (%),Female,Age (5-year bands): 20-24,2022,61.789,Observed
Benin,Employment-to-population ratio by sex and age (%),Female,Age (5-year bands): 25-29,2022,80.865,Observed
Benin,Employment-to-population ratio by sex and age (%),Female,Age (5-year bands): 30-34,2022,86.635,Observed
Benin,Employment-to-population ratio by sex and age (%),Female,Age (5-year bands): 35-39,2022,86.421,Observed
Benin,Employment-to-population ratio by sex and age (%),Female,Age (5-year bands): 40-44,2022,89.36,Observed
Benin,Employment-to-population ratio by sex and age (%),Female,Age (5-year bands): 45-49,2022,88.72,Observed
Benin,Employment-to-population ratio by sex and age (%),Female,Age (5-year bands): 50-54,2022,91.724,Observed
Benin,Employment-to-population ratio by sex and age (%),Female,Age (5-year bands): 55-59,2022,86.262,Observed
Benin,Employment-to-population ratio by sex and age (%),Female,Age (5-year bands): 60-64,2022,80.204,Observed
Benin,Employment-to-population ratio by sex and age (%),Female,Age (5-year bands): 65+,2022,52.277,Observed
Burkina Faso,Employment-to-population ratio by sex and age (%),Total,"Age (Youth, adults): 15+",2022,70.942,Observed
Burkina Faso,Employment-to-population ratio by sex and age (%),Total,"Age (Youth, adults): 15-64",2022,72.968,Observed
Burkina Faso,Employment-to-population ratio by sex and age (%),Total,"Age (Youth, adults): 15-24",2022,56.776,Observed
Burkina Faso,Employment-to-population ratio by sex and age (%),Total,"Age (Youth, adults): 25+",2022,77.776,Observed
Burkina Faso,Employment-to-population ratio by sex and age (%),Male,"Age (Youth, adults): 15+",2022,78.717,Observed
Burkina Faso,Employment-to-population ratio by sex and age (%),Male,"Age (Youth, adults): 15-64",2022,80.553,Observed
Burkina Faso,Employment-to-population ratio by sex and age (%),Male,"Age (Youth, adults): 15-24",2022,63.735,Observed
Burkina Faso,Employment-to-population ratio by sex and age (%),Male,"Age (Youth, adults): 25+",2022,86.055,Observed
Burkina Faso,Employment-to-population ratio by sex and age (%),Female,"Age (Youth, adults): 15+",2022,64.715,Observed
Burkina Faso,Employment-to-population ratio by sex and age (%),Female,"Age (Youth, adults): 15-64",2022,66.904,Observed
Burkina Faso,Employment-to-population ratio by sex and age (%),Female,"Age (Youth, adults): 15-24",2022,51.099,Observed
Burkina Faso,Employment-to-population ratio by sex and age (%),Female,"Age (Youth, adults): 25+",2022,71.204,Observed
Burkina Faso,Employment-to-population ratio by sex and age (%),Total,Age (Aggregate bands): 15+,2022,70.942,Observed
Burkina Faso,Employment-to-population ratio by sex and age (%),Total,Age (Aggregate bands): 15-24,2022,56.776,Observed
Burkina Faso,Employment-to-population ratio by sex and age (%),Total,Age (Aggregate bands): 25-54,2022,82.938,Observed
Burkina Faso,Employment-to-population ratio by sex and age (%),Total,Age (Aggregate bands): 55-64,2022,73.666,Observed
Burkina Faso,Employment-to-population ratio by sex and age (%),Total,Age (Aggregate bands): 65+,2022,44.892,Observed
Burkina Faso,Employment-to-population ratio by sex and age (%),Male,Age (Aggregate bands): 15+,2022,78.717,Observed
Burkina Faso,Employment-to-population ratio by sex and age (%),Male,Age (Aggregate bands): 15-24,2022,63.735,Observed
Burkina Faso,Employment-to-population ratio by sex and age (%),Male,Age (Aggregate bands): 25-54,2022,90.938,Observed
Burkina Faso,Employment-to-population ratio by sex and age (%),Male,Age (Aggregate bands): 55-64,2022,82.842,Observed
Burkina Faso,Employment-to-population ratio by sex and age (%),Male,Age (Aggregate bands): 65+,2022,55.434,Observed
Burkina Faso,Employment-to-population ratio by sex and age (%),Female,Age (Aggregate bands): 15+,2022,64.715,Observed
Burkina Faso,Employment-to-population ratio by sex and age (%),Female,Age (Aggregate bands): 15-24,2022,51.099,Observed
Burkina Faso,Employment-to-population ratio by sex and age (%),Female,Age (Aggregate bands): 25-54,2022,76.728,Observed
Burkina Faso,Employment-to-population ratio by sex and age (%),Female,Age (Aggregate bands): 55-64,2022,65.475,Observed
Burkina Faso,Employment-to-population ratio by sex and age (%),Female,Age (Aggregate bands): 65+,2022,36.25,Observed
Burkina Faso,Employment-to-population ratio by sex and age (%),Total,Age (10-year bands): 15+,2022,70.942,Observed
Burkina Faso,Employment-to-population ratio by sex and age (%),Total,Age (10-year bands): 15-24,2022,56.776,Observed
Burkina Faso,Employment-to-population ratio by sex and age (%),Total,Age (10-year bands): 25-34,2022,79.727,Observed
Burkina Faso,Employment-to-population ratio by sex and age (%),Total,Age (10-year bands): 35-44,2022,86.487,Observed
Burkina Faso,Employment-to-population ratio by sex and age (%),Total,Age (10-year bands): 45-54,2022,83.494,Observed
Burkina Faso,Employment-to-population ratio by sex and age (%),Total,Age (10-year bands): 55-64,2022,73.666,Observed
Burkina Faso,Employment-to-population ratio by sex and age (%),Total,Age (10-year bands): 65+,2022,44.892,Observed
Burkina Faso,Employment-to-population ratio by sex and age (%),Male,Age (10-year bands): 15+,2022,78.717,Observed
Burkina Faso,Employment-to-population ratio by sex and age (%),Male,Age (10-year bands): 15-24,2022,63.735,Observed
Burkina Faso,Employment-to-population ratio by sex and age (%),Male,Age (10-year bands): 25-34,2022,87.752,Observed
Burkina Faso,Employment-to-population ratio by sex and age (%),Male,Age (10-year bands): 35-44,2022,92.887,Observed
Burkina Faso,Employment-to-population ratio by sex and age (%),Male,Age (10-year bands): 45-54,2022,93.76,Observed
Burkina Faso,Employment-to-population ratio by sex and age (%),Male,Age (10-year bands): 55-64,2022,82.842,Observed
Burkina Faso,Employment-to-population ratio by sex and age (%),Male,Age (10-year bands): 65+,2022,55.434,Observed
Burkina Faso,Employment-to-population ratio by sex and age (%),Female,Age (10-year bands): 15+,2022,64.715,Observed
Burkina Faso,Employment-to-population ratio by sex and age (%),Female,Age (10-year bands): 15-24,2022,51.099,Observed
Burkina Faso,Employment-to-population ratio by sex and age (%),Female,Age (10-year bands): 25-34,2022,73.732,Observed
Burkina Faso,Employment-to-population ratio by sex and age (%),Female,Age (10-year bands): 35-44,2022,81.309,Observed
Burkina Faso,Employment-to-population ratio by sex and age (%),Female,Age (10-year bands): 45-54,2022,75.464,Observed
Burkina Faso,Employment-to-population ratio by sex and age (%),Female,Age (10-year bands): 55-64,2022,65.475,Observed
Burkina Faso,Employment-to-population ratio by sex and age (%),Female,Age (10-year bands): 65+,2022,36.25,Observed
Burkina Faso,Employment-to-population ratio by sex and age (%),Total,Age (5-year bands): 15+,2022,70.942,Observed
Burkina Faso,Employment-to-population ratio by sex and age (%),Total,Age (5-year bands): 15-19,2022,52.403,Observed
Burkina Faso,Employment-to-population ratio by sex and age (%),Total,Age (5-year bands): 20-24,2022,62.792,Observed
Burkina Faso,Employment-to-population ratio by sex and age (%),Total,Age (5-year bands): 25-29,2022,77.45,Observed
Burkina Faso,Employment-to-population ratio by sex and age (%),Total,Age (5-year bands): 30-34,2022,82.029,Observed
Burkina Faso,Employment-to-population ratio by sex and age (%),Total,Age (5-year bands): 35-39,2022,86.41,Observed
Burkina Faso,Employment-to-population ratio by sex and age (%),Total,Age (5-year bands): 40-44,2022,86.575,Observed
Burkina Faso,Employment-to-population ratio by sex and age (%),Total,Age (5-year bands): 45-49,2022,85.555,Observed
Burkina Faso,Employment-to-population ratio by sex and age (%),Total,Age (5-year bands): 50-54,2022,81.028,Observed
Burkina Faso,Employment-to-population ratio by sex and age (%),Total,Age (5-year bands): 55-59,2022,78.34,Observed
Burkina Faso,Employment-to-population ratio by sex and age (%),Total,Age (5-year bands): 60-64,2022,68.297,Observed
Burkina Faso,Employment-to-population ratio by sex and age (%),Total,Age (5-year bands): 65+,2022,44.892,Observed
Burkina Faso,Employment-to-population ratio by sex and age (%),Male,Age (5-year bands): 15+,2022,78.717,Observed
Burkina Faso,Employment-to-population ratio by sex and age (%),Male,Age (5-year bands): 15-19,2022,59.236,Observed
Burkina Faso,Employment-to-population ratio by sex and age (%),Male,Age (5-year bands): 20-24,2022,70.796,Observed
Burkina Faso,Employment-to-population ratio by sex and age (%),Male,Age (5-year bands): 25-29,2022,85.162,Observed
Burkina Faso,Employment-to-population ratio by sex and age (%),Male,Age (5-year bands): 30-34,2022,90.356,Observed
Burkina Faso,Employment-to-population ratio by sex and age (%),Male,Age (5-year bands): 35-39,2022,93.324,Observed
Burkina Faso,Employment-to-population ratio by sex and age (%),Male,Age (5-year bands): 40-44,2022,92.408,Observed
Burkina Faso,Employment-to-population ratio by sex and age (%),Male,Age (5-year bands): 45-49,2022,94.1,Observed
Burkina Faso,Employment-to-population ratio by sex and age (%),Male,Age (5-year bands): 50-54,2022,93.359,Observed
Burkina Faso,Employment-to-population ratio by sex and age (%),Male,Age (5-year bands): 55-59,2022,86.94,Observed
Burkina Faso,Employment-to-population ratio by sex and age (%),Male,Age (5-year bands): 60-64,2022,77.678,Observed
Burkina Faso,Employment-to-population ratio by sex and age (%),Male,Age (5-year bands): 65+,2022,55.434,Observed
Burkina Faso,Employment-to-population ratio by sex and age (%),Female,Age (5-year bands): 15+,2022,64.715,Observed
Burkina Faso,Employment-to-population ratio by sex and age (%),Female,Age (5-year bands): 15-19,2022,46.247,Observed
Burkina Faso,Employment-to-population ratio by sex and age (%),Female,Age (5-year bands): 20-24,2022,57.104,Observed
Burkina Faso,Employment-to-population ratio by sex and age (%),Female,Age (5-year bands): 25-29,2022,71.718,Observed
Burkina Faso,Employment-to-population ratio by sex and age (%),Female,Age (5-year bands): 30-34,2022,75.777,Observed
Burkina Faso,Employment-to-population ratio by sex and age (%),Female,Age (5-year bands): 35-39,2022,81.035,Observed
Burkina Faso,Employment-to-population ratio by sex and age (%),Female,Age (5-year bands): 40-44,2022,81.636,Observed
Burkina Faso,Employment-to-population ratio by sex and age (%),Female,Age (5-year bands): 45-49,2022,78.941,Observed
Burkina Faso,Employment-to-population ratio by sex and age (%),Female,Age (5-year bands): 50-54,2022,71.263,Observed
Burkina Faso,Employment-to-population ratio by sex and age (%),Female,Age (5-year bands): 55-59,2022,70.015,Observed
Burkina Faso,Employment-to-population ratio by sex and age (%),Female,Age (5-year bands): 60-64,2022,60.67,Observed
Burkina Faso,Employment-to-population ratio by sex and age (%),Female,Age (5-year bands): 65+,2022,36.25,Observed
Botswana,Employment-to-population ratio by sex and age (%),Total,"Age (Youth, adults): 15+",2022,49.347,Observed
Botswana,Employment-to-population ratio by sex and age (%),Total,"Age (Youth, adults): 15-64",2022,51.963,Observed
Botswana,Employment-to-population ratio by sex and age (%),Total,"Age (Youth, adults): 15-24",2022,21.649,Observed
Botswana,Employment-to-population ratio by sex and age (%),Total,"Age (Youth, adults): 25+",2022,58.128,Observed
Botswana,Employment-to-population ratio by sex and age (%),Male,"Age (Youth, adults): 15+",2022,54.805,Observed
Botswana,Employment-to-population ratio by sex and age (%),Male,"Age (Youth, adults): 15-64",2022,56.681,Observed
Botswana,Employment-to-population ratio by sex and age (%),Male,"Age (Youth, adults): 15-24",2022,25.94,Observed
Botswana,Employment-to-population ratio by sex and age (%),Male,"Age (Youth, adults): 25+",2022,64.886,Observed
Botswana,Employment-to-population ratio by sex and age (%),Female,"Age (Youth, adults): 15+",2022,44.485,Observed
Botswana,Employment-to-population ratio by sex and age (%),Female,"Age (Youth, adults): 15-64",2022,47.642,Observed
Botswana,Employment-to-population ratio by sex and age (%),Female,"Age (Youth, adults): 15-24",2022,17.242,Observed
Botswana,Employment-to-population ratio by sex and age (%),Female,"Age (Youth, adults): 25+",2022,52.374,Observed
Botswana,Employment-to-population ratio by sex and age (%),Total,Age (Aggregate bands): 15+,2022,49.347,Observed
Botswana,Employment-to-population ratio by sex and age (%),Total,Age (Aggregate bands): 15-24,2022,21.649,Observed
Botswana,Employment-to-population ratio by sex and age (%),Total,Age (Aggregate bands): 25-54,2022,64.139,Observed
Botswana,Employment-to-population ratio by sex and age (%),Total,Age (Aggregate bands): 55-64,2022,54.952,Observed
Botswana,Employment-to-population ratio by sex and age (%),Total,Age (Aggregate bands): 65+,2022,24.448,Observed
Botswana,Employment-to-population ratio by sex and age (%),Male,Age (Aggregate bands): 15+,2022,54.805,Observed
Botswana,Employment-to-population ratio by sex and age (%),Male,Age (Aggregate bands): 15-24,2022,25.94,Observed
Botswana,Employment-to-population ratio by sex and age (%),Male,Age (Aggregate bands): 25-54,2022,69.603,Observed
Botswana,Employment-to-population ratio by sex and age (%),Male,Age (Aggregate bands): 55-64,2022,62.29,Observed
Botswana,Employment-to-population ratio by sex and age (%),Male,Age (Aggregate bands): 65+,2022,33.796,Observed
Botswana,Employment-to-population ratio by sex and age (%),Female,Age (Aggregate bands): 15+,2022,44.485,Observed
Botswana,Employment-to-population ratio by sex and age (%),Female,Age (Aggregate bands): 15-24,2022,17.242,Observed
Botswana,Employment-to-population ratio by sex and age (%),Female,Age (Aggregate bands): 25-54,2022,59.2,Observed
Botswana,Employment-to-population ratio by sex and age (%),Female,Age (Aggregate bands): 55-64,2022,49.664,Observed
Botswana,Employment-to-population ratio by sex and age (%),Female,Age (Aggregate bands): 65+,2022,18.047,Observed
Botswana,Employment-to-population ratio by sex and age (%),Total,Age (10-year bands): 15+,2022,49.347,Observed
Botswana,Employment-to-population ratio by sex and age (%),Total,Age (10-year bands): 15-24,2022,21.649,Observed
Botswana,Employment-to-population ratio by sex and age (%),Total,Age (10-year bands): 25-34,2022,57.568,Observed
Botswana,Employment-to-population ratio by sex and age (%),Total,Age (10-year bands): 35-44,2022,67.477,Observed
Botswana,Employment-to-population ratio by sex and age (%),Total,Age (10-year bands): 45-54,2022,70.472,Observed
Botswana,Employment-to-population ratio by sex and age (%),Total,Age (10-year bands): 55-64,2022,54.952,Observed
Botswana,Employment-to-population ratio by sex and age (%),Total,Age (10-year bands): 65+,2022,24.448,Observed
Botswana,Employment-to-population ratio by sex and age (%),Male,Age (10-year bands): 15+,2022,54.805,Observed
Botswana,Employment-to-population ratio by sex and age (%),Male,Age (10-year bands): 15-24,2022,25.94,Observed
Botswana,Employment-to-population ratio by sex and age (%),Male,Age (10-year bands): 25-34,2022,62.991,Observed
Botswana,Employment-to-population ratio by sex and age (%),Male,Age (10-year bands): 35-44,2022,72.649,Observed
Botswana,Employment-to-population ratio by sex and age (%),Male,Age (10-year bands): 45-54,2022,76.023,Observed
Botswana,Employment-to-population ratio by sex and age (%),Male,Age (10-year bands): 55-64,2022,62.29,Observed
Botswana,Employment-to-population ratio by sex and age (%),Male,Age (10-year bands): 65+,2022,33.796,Observed
Botswana,Employment-to-population ratio by sex and age (%),Female,Age (10-year bands): 15+,2022,44.485,Observed
Botswana,Employment-to-population ratio by sex and age (%),Female,Age (10-year bands): 15-24,2022,17.242,Observed
Botswana,Employment-to-population ratio by sex and age (%),Female,Age (10-year bands): 25-34,2022,52.885,Observed
Botswana,Employment-to-population ratio by sex and age (%),Female,Age (10-year bands): 35-44,2022,62.656,Observed
Botswana,Employment-to-population ratio by sex and age (%),Female,Age (10-year bands): 45-54,2022,65.293,Observed
Botswana,Employment-to-population ratio by sex and age (%),Female,Age (10-year bands): 55-64,2022,49.664,Observed
Botswana,Employment-to-population ratio by sex and age (%),Female,Age (10-year bands): 65+,2022,18.047,Observed
Botswana,Employment-to-population ratio by sex and age (%),Total,Age (5-year bands): 15+,2022,49.347,Observed
Botswana,Employment-to-population ratio by sex and age (%),Total,Age (5-year bands): 15-19,2022,7.774,Observed
Botswana,Employment-to-population ratio by sex and age (%),Total,Age (5-year bands): 20-24,2022,37.106,Observed
Botswana,Employment-to-population ratio by sex and age (%),Total,Age (5-year bands): 25-29,2022,54.382,Observed
Botswana,Employment-to-population ratio by sex and age (%),Total,Age (5-year bands): 30-34,2022,60.654,Observed
Botswana,Employment-to-population ratio by sex and age (%),Total,Age (5-year bands): 35-39,2022,66.778,Observed
Botswana,Employment-to-population ratio by sex and age (%),Total,Age (5-year bands): 40-44,2022,68.37,Observed
Botswana,Employment-to-population ratio by sex and age (%),Total,Age (5-year bands): 45-49,2022,70.463,Observed
Botswana,Employment-to-population ratio by sex and age (%),Total,Age (5-year bands): 50-54,2022,70.485,Observed
Botswana,Employment-to-population ratio by sex and age (%),Total,Age (5-year bands): 55-59,2022,62.971,Observed
Botswana,Employment-to-population ratio by sex and age (%),Total,Age (5-year bands): 60-64,2022,45.283,Observed
Botswana,Employment-to-population ratio by sex and age (%),Total,Age (5-year bands): 65+,2022,24.448,Observed
Botswana,Employment-to-population ratio by sex and age (%),Male,Age (5-year bands): 15+,2022,54.805,Observed
Botswana,Employment-to-population ratio by sex and age (%),Male,Age (5-year bands): 15-19,2022,11.242,Observed
Botswana,Employment-to-population ratio by sex and age (%),Male,Age (5-year bands): 20-24,2022,43.949,Observed
Botswana,Employment-to-population ratio by sex and age (%),Male,Age (5-year bands): 25-29,2022,60.84,Observed
Botswana,Employment-to-population ratio by sex and age (%),Male,Age (5-year bands): 30-34,2022,64.902,Observed
Botswana,Employment-to-population ratio by sex and age (%),Male,Age (5-year bands): 35-39,2022,72.698,Observed
Botswana,Employment-to-population ratio by sex and age (%),Male,Age (5-year bands): 40-44,2022,72.584,Observed
Botswana,Employment-to-population ratio by sex and age (%),Male,Age (5-year bands): 45-49,2022,73.241,Observed
Botswana,Employment-to-population ratio by sex and age (%),Male,Age (5-year bands): 50-54,2022,79.923,Observed
Botswana,Employment-to-population ratio by sex and age (%),Male,Age (5-year bands): 55-59,2022,70.732,Observed
Botswana,Employment-to-population ratio by sex and age (%),Male,Age (5-year bands): 60-64,2022,52.548,Observed
Botswana,Employment-to-population ratio by sex and age (%),Male,Age (5-year bands): 65+,2022,33.796,Observed
Botswana,Employment-to-population ratio by sex and age (%),Female,Age (5-year bands): 15+,2022,44.485,Observed
Botswana,Employment-to-population ratio by sex and age (%),Female,Age (5-year bands): 15-19,2022,3.872,Observed
Botswana,Employment-to-population ratio by sex and age (%),Female,Age (5-year bands): 20-24,2022,30.756,Observed
Botswana,Employment-to-population ratio by sex and age (%),Female,Age (5-year bands): 25-29,2022,49.241,Observed
Botswana,Employment-to-population ratio by sex and age (%),Female,Age (5-year bands): 30-34,2022,56.685,Observed
Botswana,Employment-to-population ratio by sex and age (%),Female,Age (5-year bands): 35-39,2022,61.097,Observed
Botswana,Employment-to-population ratio by sex and age (%),Female,Age (5-year bands): 40-44,2022,64.586,Observed
Botswana,Employment-to-population ratio by sex and age (%),Female,Age (5-year bands): 45-49,2022,67.782,Observed
Botswana,Employment-to-population ratio by sex and age (%),Female,Age (5-year bands): 50-54,2022,62.071,Observed
Botswana,Employment-to-population ratio by sex and age (%),Female,Age (5-year bands): 55-59,2022,57.568,Observed
Botswana,Employment-to-population ratio by sex and age (%),Female,Age (5-year bands): 60-64,2022,39.828,Observed
Botswana,Employment-to-population ratio by sex and age (%),Female,Age (5-year bands): 65+,2022,18.047,Observed
Côte d'Ivoire,Employment-to-population ratio by sex and age (%),Total,"Age (Youth, adults): 15+",2022,65.598,Observed
Côte d'Ivoire,Employment-to-population ratio by sex and age (%),Total,"Age (Youth, adults): 15-64",2022,67.048,Observed
Côte d'Ivoire,Employment-to-population ratio by sex and age (%),Total,"Age (Youth, adults): 15-24",2022,35.552,Observed
Côte d'Ivoire,Employment-to-population ratio by sex and age (%),Total,"Age (Youth, adults): 25+",2022,77.848,Observed
Côte d'Ivoire,Employment-to-population ratio by sex and age (%),Male,"Age (Youth, adults): 15+",2022,73.943,Observed
Côte d'Ivoire,Employment-to-population ratio by sex and age (%),Male,"Age (Youth, adults): 15-64",2022,75.006,Observed
Côte d'Ivoire,Employment-to-population ratio by sex and age (%),Male,"Age (Youth, adults): 15-24",2022,39.221,Observed
Côte d'Ivoire,Employment-to-population ratio by sex and age (%),Male,"Age (Youth, adults): 25+",2022,88.742,Observed
Côte d'Ivoire,Employment-to-population ratio by sex and age (%),Female,"Age (Youth, adults): 15+",2022,58.058,Observed
Côte d'Ivoire,Employment-to-population ratio by sex and age (%),Female,"Age (Youth, adults): 15-64",2022,59.854,Observed
Côte d'Ivoire,Employment-to-population ratio by sex and age (%),Female,"Age (Youth, adults): 15-24",2022,32.03,Observed
Côte d'Ivoire,Employment-to-population ratio by sex and age (%),Female,"Age (Youth, adults): 25+",2022,68.245,Observed
Côte d'Ivoire,Employment-to-population ratio by sex and age (%),Total,Age (Aggregate bands): 15+,2022,65.598,Observed
Côte d'Ivoire,Employment-to-population ratio by sex and age (%),Total,Age (Aggregate bands): 15-24,2022,35.552,Observed
Côte d'Ivoire,Employment-to-population ratio by sex and age (%),Total,Age (Aggregate bands): 25-54,2022,82.04,Observed
Côte d'Ivoire,Employment-to-population ratio by sex and age (%),Total,Age (Aggregate bands): 55-64,2022,74.592,Observed
Côte d'Ivoire,Employment-to-population ratio by sex and age (%),Total,Age (Aggregate bands): 65+,2022,42.881,Observed
Côte d'Ivoire,Employment-to-population ratio by sex and age (%),Male,Age (Aggregate bands): 15+,2022,73.943,Observed
Côte d'Ivoire,Employment-to-population ratio by sex and age (%),Male,Age (Aggregate bands): 15-24,2022,39.221,Observed
Côte d'Ivoire,Employment-to-population ratio by sex and age (%),Male,Age (Aggregate bands): 25-54,2022,92.415,Observed
Côte d'Ivoire,Employment-to-population ratio by sex and age (%),Male,Age (Aggregate bands): 55-64,2022,86.899,Observed
Côte d'Ivoire,Employment-to-population ratio by sex and age (%),Male,Age (Aggregate bands): 65+,2022,57.199,Observed
Côte d'Ivoire,Employment-to-population ratio by sex and age (%),Female,Age (Aggregate bands): 15+,2022,58.058,Observed
Côte d'Ivoire,Employment-to-population ratio by sex and age (%),Female,Age (Aggregate bands): 15-24,2022,32.03,Observed
Côte d'Ivoire,Employment-to-population ratio by sex and age (%),Female,Age (Aggregate bands): 25-54,2022,72.987,Observed
Côte d'Ivoire,Employment-to-population ratio by sex and age (%),Female,Age (Aggregate bands): 55-64,2022,63.103,Observed
Côte d'Ivoire,Employment-to-population ratio by sex and age (%),Female,Age (Aggregate bands): 65+,2022,30.074,Observed
Côte d'Ivoire,Employment-to-population ratio by sex and age (%),Total,Age (10-year bands): 15+,2022,65.598,Observed
Côte d'Ivoire,Employment-to-population ratio by sex and age (%),Total,Age (10-year bands): 15-24,2022,35.552,Observed
Côte d'Ivoire,Employment-to-population ratio by sex and age (%),Total,Age (10-year bands): 25-34,2022,74.232,Observed
Côte d'Ivoire,Employment-to-population ratio by sex and age (%),Total,Age (10-year bands): 35-44,2022,86.394,Observed
Côte d'Ivoire,Employment-to-population ratio by sex and age (%),Total,Age (10-year bands): 45-54,2022,88.134,Observed
Côte d'Ivoire,Employment-to-population ratio by sex and age (%),Total,Age (10-year bands): 55-64,2022,74.592,Observed
Côte d'Ivoire,Employment-to-population ratio by sex and age (%),Total,Age (10-year bands): 65+,2022,42.881,Observed
Côte d'Ivoire,Employment-to-population ratio by sex and age (%),Male,Age (10-year bands): 15+,2022,73.943,Observed
Côte d'Ivoire,Employment-to-population ratio by sex and age (%),Male,Age (10-year bands): 15-24,2022,39.221,Observed
Côte d'Ivoire,Employment-to-population ratio by sex and age (%),Male,Age (10-year bands): 25-34,2022,85.864,Observed
Côte d'Ivoire,Employment-to-population ratio by sex and age (%),Male,Age (10-year bands): 35-44,2022,96.263,Observed
Côte d'Ivoire,Employment-to-population ratio by sex and age (%),Male,Age (10-year bands): 45-54,2022,95.772,Observed
Côte d'Ivoire,Employment-to-population ratio by sex and age (%),Male,Age (10-year bands): 55-64,2022,86.899,Observed
Côte d'Ivoire,Employment-to-population ratio by sex and age (%),Male,Age (10-year bands): 65+,2022,57.199,Observed
Côte d'Ivoire,Employment-to-population ratio by sex and age (%),Female,Age (10-year bands): 15+,2022,58.058,Observed
Côte d'Ivoire,Employment-to-population ratio by sex and age (%),Female,Age (10-year bands): 15-24,2022,32.03,Observed
Côte d'Ivoire,Employment-to-population ratio by sex and age (%),Female,Age (10-year bands): 25-34,2022,65.659,Observed
Côte d'Ivoire,Employment-to-population ratio by sex and age (%),Female,Age (10-year bands): 35-44,2022,77.253,Observed
Côte d'Ivoire,Employment-to-population ratio by sex and age (%),Female,Age (10-year bands): 45-54,2022,80.15,Observed
Côte d'Ivoire,Employment-to-population ratio by sex and age (%),Female,Age (10-year bands): 55-64,2022,63.103,Observed
Côte d'Ivoire,Employment-to-population ratio by sex and age (%),Female,Age (10-year bands): 65+,2022,30.074,Observed
Côte d'Ivoire,Employment-to-population ratio by sex and age (%),Total,Age (5-year bands): 15+,2022,65.598,Observed
Côte d'Ivoire,Employment-to-population ratio by sex and age (%),Total,Age (5-year bands): 15-19,2022,25.36,Observed
Côte d'Ivoire,Employment-to-population ratio by sex and age (%),Total,Age (5-year bands): 20-24,2022,47.839,Observed
Côte d'Ivoire,Employment-to-population ratio by sex and age (%),Total,Age (5-year bands): 25-29,2022,68.597,Observed
Côte d'Ivoire,Employment-to-population ratio by sex and age (%),Total,Age (5-year bands): 30-34,2022,79.96,Observed
Côte d'Ivoire,Employment-to-population ratio by sex and age (%),Total,Age (5-year bands): 35-39,2022,84.126,Observed
Côte d'Ivoire,Employment-to-population ratio by sex and age (%),Total,Age (5-year bands): 40-44,2022,88.968,Observed
Côte d'Ivoire,Employment-to-population ratio by sex and age (%),Total,Age (5-year bands): 45-49,2022,89.442,Observed
Côte d'Ivoire,Employment-to-population ratio by sex and age (%),Total,Age (5-year bands): 50-54,2022,86.497,Observed
Côte d'Ivoire,Employment-to-population ratio by sex and age (%),Total,Age (5-year bands): 55-59,2022,81.201,Observed
Côte d'Ivoire,Employment-to-population ratio by sex and age (%),Total,Age (5-year bands): 60-64,2022,66.245,Observed
Côte d'Ivoire,Employment-to-population ratio by sex and age (%),Total,Age (5-year bands): 65+,2022,42.881,Observed
Côte d'Ivoire,Employment-to-population ratio by sex and age (%),Male,Age (5-year bands): 15+,2022,73.943,Observed
Côte d'Ivoire,Employment-to-population ratio by sex and age (%),Male,Age (5-year bands): 15-19,2022,28.365,Observed
Côte d'Ivoire,Employment-to-population ratio by sex and age (%),Male,Age (5-year bands): 20-24,2022,53.336,Observed
Côte d'Ivoire,Employment-to-population ratio by sex and age (%),Male,Age (5-year bands): 25-29,2022,79.659,Observed
Côte d'Ivoire,Employment-to-population ratio by sex and age (%),Male,Age (5-year bands): 30-34,2022,91.844,Observed
Côte d'Ivoire,Employment-to-population ratio by sex and age (%),Male,Age (5-year bands): 35-39,2022,95.162,Observed
Côte d'Ivoire,Employment-to-population ratio by sex and age (%),Male,Age (5-year bands): 40-44,2022,97.454,Observed
Côte d'Ivoire,Employment-to-population ratio by sex and age (%),Male,Age (5-year bands): 45-49,2022,95.552,Observed
Côte d'Ivoire,Employment-to-population ratio by sex and age (%),Male,Age (5-year bands): 50-54,2022,96.042,Observed
Côte d'Ivoire,Employment-to-population ratio by sex and age (%),Male,Age (5-year bands): 55-59,2022,92.053,Observed
Côte d'Ivoire,Employment-to-population ratio by sex and age (%),Male,Age (5-year bands): 60-64,2022,79.906,Observed
Côte d'Ivoire,Employment-to-population ratio by sex and age (%),Male,Age (5-year bands): 65+,2022,57.199,Observed
Côte d'Ivoire,Employment-to-population ratio by sex and age (%),Female,Age (5-year bands): 15+,2022,58.058,Observed
Côte d'Ivoire,Employment-to-population ratio by sex and age (%),Female,Age (5-year bands): 15-19,2022,22.277,Observed
Côte d'Ivoire,Employment-to-population ratio by sex and age (%),Female,Age (5-year bands): 20-24,2022,42.971,Observed
Côte d'Ivoire,Employment-to-population ratio by sex and age (%),Female,Age (5-year bands): 25-29,2022,60.812,Observed
Côte d'Ivoire,Employment-to-population ratio by sex and age (%),Female,Age (5-year bands): 30-34,2022,70.784,Observed
Côte d'Ivoire,Employment-to-population ratio by sex and age (%),Female,Age (5-year bands): 35-39,2022,74.327,Observed
Côte d'Ivoire,Employment-to-population ratio by sex and age (%),Female,Age (5-year bands): 40-44,2022,80.721,Observed
Côte d'Ivoire,Employment-to-population ratio by sex and age (%),Female,Age (5-year bands): 45-49,2022,83.167,Observed
Côte d'Ivoire,Employment-to-population ratio by sex and age (%),Female,Age (5-year bands): 50-54,2022,76.297,Observed
Côte d'Ivoire,Employment-to-population ratio by sex and age (%),Female,Age (5-year bands): 55-59,2022,70.434,Observed
Côte d'Ivoire,Employment-to-population ratio by sex and age (%),Female,Age (5-year bands): 60-64,2022,54.44,Observed
Côte d'Ivoire,Employment-to-population ratio by sex and age (%),Female,Age (5-year bands): 65+,2022,30.074,Observed
Ghana,Employment-to-population ratio by sex and age (%),Total,"Age (Youth, adults): 15+",2022,61.76,Observed
Ghana,Employment-to-population ratio by sex and age (%),Total,"Age (Youth, adults): 15-64",2022,63.493,Observed
Ghana,Employment-to-population ratio by sex and age (%),Total,"Age (Youth, adults): 15-24",2022,36.333,Observed
Ghana,Employment-to-population ratio by sex and age (%),Total,"Age (Youth, adults): 25+",2022,74.17,Observed
Ghana,Employment-to-population ratio by sex and age (%),Male,"Age (Youth, adults): 15+",2022,63.772,Observed
Ghana,Employment-to-population ratio by sex and age (%),Male,"Age (Youth, adults): 15-64",2022,64.892,Observed
Ghana,Employment-to-population ratio by sex and age (%),Male,"Age (Youth, adults): 15-24",2022,37.121,Observed
Ghana,Employment-to-population ratio by sex and age (%),Male,"Age (Youth, adults): 25+",2022,78.408,Observed
Ghana,Employment-to-population ratio by sex and age (%),Female,"Age (Youth, adults): 15+",2022,60.139,Observed
Ghana,Employment-to-population ratio by sex and age (%),Female,"Age (Youth, adults): 15-64",2022,62.35,Observed
Ghana,Employment-to-population ratio by sex and age (%),Female,"Age (Youth, adults): 15-24",2022,35.6,Observed
Ghana,Employment-to-population ratio by sex and age (%),Female,"Age (Youth, adults): 25+",2022,70.994,Observed
Ghana,Employment-to-population ratio by sex and age (%),Total,Age (Aggregate bands): 15+,2022,61.76,Observed
Ghana,Employment-to-population ratio by sex and age (%),Total,Age (Aggregate bands): 15-24,2022,36.333,Observed
Ghana,Employment-to-population ratio by sex and age (%),Total,Age (Aggregate bands): 25-54,2022,79.081,Observed
Ghana,Employment-to-population ratio by sex and age (%),Total,Age (Aggregate bands): 55-64,2022,74.703,Observed
Ghana,Employment-to-population ratio by sex and age (%),Total,Age (Aggregate bands): 65+,2022,41.231,Observed
Ghana,Employment-to-population ratio by sex and age (%),Male,Age (Aggregate bands): 15+,2022,63.772,Observed
Ghana,Employment-to-population ratio by sex and age (%),Male,Age (Aggregate bands): 15-24,2022,37.121,Observed
Ghana,Employment-to-population ratio by sex and age (%),Male,Age (Aggregate bands): 25-54,2022,82.661,Observed
Ghana,Employment-to-population ratio by sex and age (%),Male,Age (Aggregate bands): 55-64,2022,77.89,Observed
Ghana,Employment-to-population ratio by sex and age (%),Male,Age (Aggregate bands): 65+,2022,48.933,Observed
Ghana,Employment-to-population ratio by sex and age (%),Female,Age (Aggregate bands): 15+,2022,60.139,Observed
Ghana,Employment-to-population ratio by sex and age (%),Female,Age (Aggregate bands): 15-24,2022,35.6,Observed
Ghana,Employment-to-population ratio by sex and age (%),Female,Age (Aggregate bands): 25-54,2022,76.369,Observed
Ghana,Employment-to-population ratio by sex and age (%),Female,Age (Aggregate bands): 55-64,2022,72.219,Observed
Ghana,Employment-to-population ratio by sex and age (%),Female,Age (Aggregate bands): 65+,2022,36.047,Observed
Ghana,Employment-to-population ratio by sex and age (%),Total,Age (10-year bands): 15+,2022,61.76,Observed
Ghana,Employment-to-population ratio by sex and age (%),Total,Age (10-year bands): 15-24,2022,36.333,Observed
Ghana,Employment-to-population ratio by sex and age (%),Total,Age (10-year bands): 25-34,2022,72.34,Observed
Ghana,Employment-to-population ratio by sex and age (%),Total,Age (10-year bands): 35-44,2022,83.177,Observed
Ghana,Employment-to-population ratio by sex and age (%),Total,Age (10-year bands): 45-54,2022,84.238,Observed
Ghana,Employment-to-population ratio by sex and age (%),Total,Age (10-year bands): 55-64,2022,74.703,Observed
Ghana,Employment-to-population ratio by sex and age (%),Total,Age (10-year bands): 65+,2022,41.231,Observed
Ghana,Employment-to-population ratio by sex and age (%),Male,Age (10-year bands): 15+,2022,63.772,Observed
Ghana,Employment-to-population ratio by sex and age (%),Male,Age (10-year bands): 15-24,2022,37.121,Observed
Ghana,Employment-to-population ratio by sex and age (%),Male,Age (10-year bands): 25-34,2022,76.052,Observed
Ghana,Employment-to-population ratio by sex and age (%),Male,Age (10-year bands): 35-44,2022,86.257,Observed
Ghana,Employment-to-population ratio by sex and age (%),Male,Age (10-year bands): 45-54,2022,87.902,Observed
Ghana,Employment-to-population ratio by sex and age (%),Male,Age (10-year bands): 55-64,2022,77.89,Observed
Ghana,Employment-to-population ratio by sex and age (%),Male,Age (10-year bands): 65+,2022,48.933,Observed
Ghana,Employment-to-population ratio by sex and age (%),Female,Age (10-year bands): 15+,2022,60.139,Observed
Ghana,Employment-to-population ratio by sex and age (%),Female,Age (10-year bands): 15-24,2022,35.6,Observed
Ghana,Employment-to-population ratio by sex and age (%),Female,Age (10-year bands): 25-34,2022,69.633,Observed
Ghana,Employment-to-population ratio by sex and age (%),Female,Age (10-year bands): 35-44,2022,80.82,Observed
Ghana,Employment-to-population ratio by sex and age (%),Female,Age (10-year bands): 45-54,2022,81.33,Observed
Ghana,Employment-to-population ratio by sex and age (%),Female,Age (10-year bands): 55-64,2022,72.219,Observed
Ghana,Employment-to-population ratio by sex and age (%),Female,Age (10-year bands): 65+,2022,36.047,Observed
Ghana,Employment-to-population ratio by sex and age (%),Total,Age (5-year bands): 15+,2022,61.76,Observed
Ghana,Employment-to-population ratio by sex and age (%),Total,Age (5-year bands): 15-19,2022,26.722,Observed
Ghana,Employment-to-population ratio by sex and age (%),Total,Age (5-year bands): 20-24,2022,48.491,Observed
Ghana,Employment-to-population ratio by sex and age (%),Total,Age (5-year bands): 25-29,2022,66.805,Observed
Ghana,Employment-to-population ratio by sex and age (%),Total,Age (5-year bands): 30-34,2022,78.337,Observed
Ghana,Employment-to-population ratio by sex and age (%),Total,Age (5-year bands): 35-39,2022,82.869,Observed
Ghana,Employment-to-population ratio by sex and age (%),Total,Age (5-year bands): 40-44,2022,83.525,Observed
Ghana,Employment-to-population ratio by sex and age (%),Total,Age (5-year bands): 45-49,2022,85.469,Observed
Ghana,Employment-to-population ratio by sex and age (%),Total,Age (5-year bands): 50-54,2022,82.824,Observed
Ghana,Employment-to-population ratio by sex and age (%),Total,Age (5-year bands): 55-59,2022,80.939,Observed
Ghana,Employment-to-population ratio by sex and age (%),Total,Age (5-year bands): 60-64,2022,67.224,Observed
Ghana,Employment-to-population ratio by sex and age (%),Total,Age (5-year bands): 65+,2022,41.231,Observed
Ghana,Employment-to-population ratio by sex and age (%),Male,Age (5-year bands): 15+,2022,63.772,Observed
Ghana,Employment-to-population ratio by sex and age (%),Male,Age (5-year bands): 15-19,2022,27.476,Observed
Ghana,Employment-to-population ratio by sex and age (%),Male,Age (5-year bands): 20-24,2022,50.387,Observed
Ghana,Employment-to-population ratio by sex and age (%),Male,Age (5-year bands): 25-29,2022,69.702,Observed
Ghana,Employment-to-population ratio by sex and age (%),Male,Age (5-year bands): 30-34,2022,83.284,Observed
Ghana,Employment-to-population ratio by sex and age (%),Male,Age (5-year bands): 35-39,2022,85.521,Observed
Ghana,Employment-to-population ratio by sex and age (%),Male,Age (5-year bands): 40-44,2022,87.093,Observed
Ghana,Employment-to-population ratio by sex and age (%),Male,Age (5-year bands): 45-49,2022,89.02,Observed
Ghana,Employment-to-population ratio by sex and age (%),Male,Age (5-year bands): 50-54,2022,86.526,Observed
Ghana,Employment-to-population ratio by sex and age (%),Male,Age (5-year bands): 55-59,2022,85.115,Observed
Ghana,Employment-to-population ratio by sex and age (%),Male,Age (5-year bands): 60-64,2022,69.433,Observed
Ghana,Employment-to-population ratio by sex and age (%),Male,Age (5-year bands): 65+,2022,48.933,Observed
Ghana,Employment-to-population ratio by sex and age (%),Female,Age (5-year bands): 15+,2022,60.139,Observed
Ghana,Employment-to-population ratio by sex and age (%),Female,Age (5-year bands): 15-19,2022,25.968,Observed
Ghana,Employment-to-population ratio by sex and age (%),Female,Age (5-year bands): 20-24,2022,46.879,Observed
Ghana,Employment-to-population ratio by sex and age (%),Female,Age (5-year bands): 25-29,2022,64.605,Observed
Ghana,Employment-to-population ratio by sex and age (%),Female,Age (5-year bands): 30-34,2022,74.888,Observed
Ghana,Employment-to-population ratio by sex and age (%),Female,Age (5-year bands): 35-39,2022,80.832,Observed
Ghana,Employment-to-population ratio by sex and age (%),Female,Age (5-year bands): 40-44,2022,80.807,Observed
Ghana,Employment-to-population ratio by sex and age (%),Female,Age (5-year bands): 45-49,2022,82.485,Observed
Ghana,Employment-to-population ratio by sex and age (%),Female,Age (5-year bands): 50-54,2022,80.073,Observed
Ghana,Employment-to-population ratio by sex and age (%),Female,Age (5-year bands): 55-59,2022,77.748,Observed
Ghana,Employment-to-population ratio by sex and age (%),Female,Age (5-year bands): 60-64,2022,65.461,Observed
Ghana,Employment-to-population ratio by sex and age (%),Female,Age (5-year bands): 65+,2022,36.047,Observed
Guinea-Bissau,Employment-to-population ratio by sex and age (%),Total,"Age (Youth, adults): 15+",2022,63.11,Observed
Guinea-Bissau,Employment-to-population ratio by sex and age (%),Total,"Age (Youth, adults): 15-64",2022,64.08,Observed
Guinea-Bissau,Employment-to-population ratio by sex and age (%),Total,"Age (Youth, adults): 15-24",2022,43.731,Observed
Guinea-Bissau,Employment-to-population ratio by sex and age (%),Total,"Age (Youth, adults): 25+",2022,72.51,Observed
Guinea-Bissau,Employment-to-population ratio by sex and age (%),Male,"Age (Youth, adults): 15+",2022,67.757,Observed
Guinea-Bissau,Employment-to-population ratio by sex and age (%),Male,"Age (Youth, adults): 15-64",2022,68.372,Observed
Guinea-Bissau,Employment-to-population ratio by sex and age (%),Male,"Age (Youth, adults): 15-24",2022,47.355,Observed
Guinea-Bissau,Employment-to-population ratio by sex and age (%),Male,"Age (Youth, adults): 25+",2022,78.544,Observed
Guinea-Bissau,Employment-to-population ratio by sex and age (%),Female,"Age (Youth, adults): 15+",2022,59.014,Observed
Guinea-Bissau,Employment-to-population ratio by sex and age (%),Female,"Age (Youth, adults): 15-64",2022,60.258,Observed
Guinea-Bissau,Employment-to-population ratio by sex and age (%),Female,"Age (Youth, adults): 15-24",2022,40.164,Observed
Guinea-Bissau,Employment-to-population ratio by sex and age (%),Female,"Age (Youth, adults): 25+",2022,67.471,Observed
Guinea-Bissau,Employment-to-population ratio by sex and age (%),Total,Age (Aggregate bands): 15+,2022,63.11,Observed
Guinea-Bissau,Employment-to-population ratio by sex and age (%),Total,Age (Aggregate bands): 15-24,2022,43.731,Observed
Guinea-Bissau,Employment-to-population ratio by sex and age (%),Total,Age (Aggregate bands): 25-54,2022,75.065,Observed
Guinea-Bissau,Employment-to-population ratio by sex and age (%),Total,Age (Aggregate bands): 55-64,2022,73.841,Observed
Guinea-Bissau,Employment-to-population ratio by sex and age (%),Total,Age (Aggregate bands): 65+,2022,47.986,Observed
Guinea-Bissau,Employment-to-population ratio by sex and age (%),Male,Age (Aggregate bands): 15+,2022,67.757,Observed
Guinea-Bissau,Employment-to-population ratio by sex and age (%),Male,Age (Aggregate bands): 15-24,2022,47.355,Observed
Guinea-Bissau,Employment-to-population ratio by sex and age (%),Male,Age (Aggregate bands): 25-54,2022,80.023,Observed
Guinea-Bissau,Employment-to-population ratio by sex and age (%),Male,Age (Aggregate bands): 55-64,2022,84.278,Observed
Guinea-Bissau,Employment-to-population ratio by sex and age (%),Male,Age (Aggregate bands): 65+,2022,57.224,Observed
Guinea-Bissau,Employment-to-population ratio by sex and age (%),Female,Age (Aggregate bands): 15+,2022,59.014,Observed
Guinea-Bissau,Employment-to-population ratio by sex and age (%),Female,Age (Aggregate bands): 15-24,2022,40.164,Observed
Guinea-Bissau,Employment-to-population ratio by sex and age (%),Female,Age (Aggregate bands): 25-54,2022,70.862,Observed
Guinea-Bissau,Employment-to-population ratio by sex and age (%),Female,Age (Aggregate bands): 55-64,2022,65.339,Observed
Guinea-Bissau,Employment-to-population ratio by sex and age (%),Female,Age (Aggregate bands): 65+,2022,41.042,Observed
Guinea-Bissau,Employment-to-population ratio by sex and age (%),Total,Age (10-year bands): 15+,2022,63.11,Observed
Guinea-Bissau,Employment-to-population ratio by sex and age (%),Total,Age (10-year bands): 15-24,2022,43.731,Observed
Guinea-Bissau,Employment-to-population ratio by sex and age (%),Total,Age (10-year bands): 25-34,2022,68.124,Observed
Guinea-Bissau,Employment-to-population ratio by sex and age (%),Total,Age (10-year bands): 35-44,2022,81.206,Observed
Guinea-Bissau,Employment-to-population ratio by sex and age (%),Total,Age (10-year bands): 45-54,2022,81.688,Observed
Guinea-Bissau,Employment-to-population ratio by sex and age (%),Total,Age (10-year bands): 55-64,2022,73.841,Observed
Guinea-Bissau,Employment-to-population ratio by sex and age (%),Total,Age (10-year bands): 65+,2022,47.986,Observed
Guinea-Bissau,Employment-to-population ratio by sex and age (%),Male,Age (10-year bands): 15+,2022,67.757,Observed
Guinea-Bissau,Employment-to-population ratio by sex and age (%),Male,Age (10-year bands): 15-24,2022,47.355,Observed
Guinea-Bissau,Employment-to-population ratio by sex and age (%),Male,Age (10-year bands): 25-34,2022,72.849,Observed
Guinea-Bissau,Employment-to-population ratio by sex and age (%),Male,Age (10-year bands): 35-44,2022,86.004,Observed
Guinea-Bissau,Employment-to-population ratio by sex and age (%),Male,Age (10-year bands): 45-54,2022,87.904,Observed
Guinea-Bissau,Employment-to-population ratio by sex and age (%),Male,Age (10-year bands): 55-64,2022,84.278,Observed
Guinea-Bissau,Employment-to-population ratio by sex and age (%),Male,Age (10-year bands): 65+,2022,57.224,Observed
Guinea-Bissau,Employment-to-population ratio by sex and age (%),Female,Age (10-year bands): 15+,2022,59.014,Observed
Guinea-Bissau,Employment-to-population ratio by sex and age (%),Female,Age (10-year bands): 15-24,2022,40.164,Observed
Guinea-Bissau,Employment-to-population ratio by sex and age (%),Female,Age (10-year bands): 25-34,2022,64.033,Observed
Guinea-Bissau,Employment-to-population ratio by sex and age (%),Female,Age (10-year bands): 35-44,2022,77.167,Observed
Guinea-Bissau,Employment-to-population ratio by sex and age (%),Female,Age (10-year bands): 45-54,2022,76.624,Observed
Guinea-Bissau,Employment-to-population ratio by sex and age (%),Female,Age (10-year bands): 55-64,2022,65.339,Observed
Guinea-Bissau,Employment-to-population ratio by sex and age (%),Female,Age (10-year bands): 65+,2022,41.042,Observed
Guinea-Bissau,Employment-to-population ratio by sex and age (%),Total,Age (5-year bands): 15+,2022,63.11,Observed
Guinea-Bissau,Employment-to-population ratio by sex and age (%),Total,Age (5-year bands): 15-19,2022,39.338,Observed
Guinea-Bissau,Employment-to-population ratio by sex and age (%),Total,Age (5-year bands): 20-24,2022,48.922,Observed
Guinea-Bissau,Employment-to-population ratio by sex and age (%),Total,Age (5-year bands): 25-29,2022,63.353,Observed
Guinea-Bissau,Employment-to-population ratio by sex and age (%),Total,Age (5-year bands): 30-34,2022,73.75,Observed
Guinea-Bissau,Employment-to-population ratio by sex and age (%),Total,Age (5-year bands): 35-39,2022,79.217,Observed
Guinea-Bissau,Employment-to-population ratio by sex and age (%),Total,Age (5-year bands): 40-44,2022,83.7,Observed
Guinea-Bissau,Employment-to-population ratio by sex and age (%),Total,Age (5-year bands): 45-49,2022,82.162,Observed
Guinea-Bissau,Employment-to-population ratio by sex and age (%),Total,Age (5-year bands): 50-54,2022,81.08,Observed
Guinea-Bissau,Employment-to-population ratio by sex and age (%),Total,Age (5-year bands): 55-59,2022,76.79,Observed
Guinea-Bissau,Employment-to-population ratio by sex and age (%),Total,Age (5-year bands): 60-64,2022,70.533,Observed
Guinea-Bissau,Employment-to-population ratio by sex and age (%),Total,Age (5-year bands): 65+,2022,47.986,Observed
Guinea-Bissau,Employment-to-population ratio by sex and age (%),Male,Age (5-year bands): 15+,2022,67.757,Observed
Guinea-Bissau,Employment-to-population ratio by sex and age (%),Male,Age (5-year bands): 15-19,2022,44.596,Observed
Guinea-Bissau,Employment-to-population ratio by sex and age (%),Male,Age (5-year bands): 20-24,2022,50.785,Observed
Guinea-Bissau,Employment-to-population ratio by sex and age (%),Male,Age (5-year bands): 25-29,2022,68.664,Observed
Guinea-Bissau,Employment-to-population ratio by sex and age (%),Male,Age (5-year bands): 30-34,2022,77.883,Observed
Guinea-Bissau,Employment-to-population ratio by sex and age (%),Male,Age (5-year bands): 35-39,2022,84.208,Observed
Guinea-Bissau,Employment-to-population ratio by sex and age (%),Male,Age (5-year bands): 40-44,2022,88.266,Observed
Guinea-Bissau,Employment-to-population ratio by sex and age (%),Male,Age (5-year bands): 45-49,2022,89.028,Observed
Guinea-Bissau,Employment-to-population ratio by sex and age (%),Male,Age (5-year bands): 50-54,2022,86.351,Observed
Guinea-Bissau,Employment-to-population ratio by sex and age (%),Male,Age (5-year bands): 55-59,2022,85.44,Observed
Guinea-Bissau,Employment-to-population ratio by sex and age (%),Male,Age (5-year bands): 60-64,2022,82.878,Observed
Guinea-Bissau,Employment-to-population ratio by sex and age (%),Male,Age (5-year bands): 65+,2022,57.224,Observed
Guinea-Bissau,Employment-to-population ratio by sex and age (%),Female,Age (5-year bands): 15+,2022,59.014,Observed
Guinea-Bissau,Employment-to-population ratio by sex and age (%),Female,Age (5-year bands): 15-19,2022,33.918,Observed
Guinea-Bissau,Employment-to-population ratio by sex and age (%),Female,Age (5-year bands): 20-24,2022,47.185,Observed
Guinea-Bissau,Employment-to-population ratio by sex and age (%),Female,Age (5-year bands): 25-29,2022,58.676,Observed
Guinea-Bissau,Employment-to-population ratio by sex and age (%),Female,Age (5-year bands): 30-34,2022,70.242,Observed
Guinea-Bissau,Employment-to-population ratio by sex and age (%),Female,Age (5-year bands): 35-39,2022,75.001,Observed
Guinea-Bissau,Employment-to-population ratio by sex and age (%),Female,Age (5-year bands): 40-44,2022,79.874,Observed
Guinea-Bissau,Employment-to-population ratio by sex and age (%),Female,Age (5-year bands): 45-49,2022,76.227,Observed
Guinea-Bissau,Employment-to-population ratio by sex and age (%),Female,Age (5-year bands): 50-54,2022,77.103,Observed
Guinea-Bissau,Employment-to-population ratio by sex and age (%),Female,Age (5-year bands): 55-59,2022,69.303,Observed
Guinea-Bissau,Employment-to-population ratio by sex and age (%),Female,Age (5-year bands): 60-64,2022,61.142,Observed
Guinea-Bissau,Employment-to-population ratio by sex and age (%),Female,Age (5-year bands): 65+,2022,41.042,Observed
Madagascar,Employment-to-population ratio by sex and age (%),Total,"Age (Youth, adults): 15+",2022,72.623,Break in series
Madagascar,Employment-to-population ratio by sex and age (%),Total,"Age (Youth, adults): 15-64",2022,73.914,Break in series
Madagascar,Employment-to-population ratio by sex and age (%),Total,"Age (Youth, adults): 15-24",2022,58.149,Break in series
Madagascar,Employment-to-population ratio by sex and age (%),Total,"Age (Youth, adults): 25+",2022,80.453,Break in series
Madagascar,Employment-to-population ratio by sex and age (%),Male,"Age (Youth, adults): 15+",2022,79.157,Break in series
Madagascar,Employment-to-population ratio by sex and age (%),Male,"Age (Youth, adults): 15-64",2022,80.296,Break in series
Madagascar,Employment-to-population ratio by sex and age (%),Male,"Age (Youth, adults): 15-24",2022,62.736,Break in series
Madagascar,Employment-to-population ratio by sex and age (%),Male,"Age (Youth, adults): 25+",2022,88.241,Break in series
Madagascar,Employment-to-population ratio by sex and age (%),Female,"Age (Youth, adults): 15+",2022,66.499,Break in series
Madagascar,Employment-to-population ratio by sex and age (%),Female,"Age (Youth, adults): 15-64",2022,67.914,Break in series
Madagascar,Employment-to-population ratio by sex and age (%),Female,"Age (Youth, adults): 15-24",2022,53.728,Break in series
Madagascar,Employment-to-population ratio by sex and age (%),Female,"Age (Youth, adults): 25+",2022,73.265,Break in series
Madagascar,Employment-to-population ratio by sex and age (%),Total,Age (Aggregate bands): 15+,2022,72.623,Break in series
Madagascar,Employment-to-population ratio by sex and age (%),Total,Age (Aggregate bands): 15-24,2022,58.149,Break in series
Madagascar,Employment-to-population ratio by sex and age (%),Total,Age (Aggregate bands): 25-54,2022,84.096,Break in series
Madagascar,Employment-to-population ratio by sex and age (%),Total,Age (Aggregate bands): 55-64,2022,76.631,Break in series
Madagascar,Employment-to-population ratio by sex and age (%),Total,Age (Aggregate bands): 65+,2022,48.176,Break in series
Madagascar,Employment-to-population ratio by sex and age (%),Male,Age (Aggregate bands): 15+,2022,79.157,Break in series
Madagascar,Employment-to-population ratio by sex and age (%),Male,Age (Aggregate bands): 15-24,2022,62.736,Break in series
Madagascar,Employment-to-population ratio by sex and age (%),Male,Age (Aggregate bands): 25-54,2022,91.68,Break in series
Madagascar,Employment-to-population ratio by sex and age (%),Male,Age (Aggregate bands): 55-64,2022,84.737,Break in series
Madagascar,Employment-to-population ratio by sex and age (%),Male,Age (Aggregate bands): 65+,2022,56.837,Break in series
Madagascar,Employment-to-population ratio by sex and age (%),Female,Age (Aggregate bands): 15+,2022,66.499,Break in series
Madagascar,Employment-to-population ratio by sex and age (%),Female,Age (Aggregate bands): 15-24,2022,53.728,Break in series
Madagascar,Employment-to-population ratio by sex and age (%),Female,Age (Aggregate bands): 25-54,2022,77.082,Break in series
Madagascar,Employment-to-population ratio by sex and age (%),Female,Age (Aggregate bands): 55-64,2022,69.018,Break in series
Madagascar,Employment-to-population ratio by sex and age (%),Female,Age (Aggregate bands): 65+,2022,40.559,Break in series
Madagascar,Employment-to-population ratio by sex and age (%),Total,Age (10-year bands): 15+,2022,72.623,Break in series
Madagascar,Employment-to-population ratio by sex and age (%),Total,Age (10-year bands): 15-24,2022,58.149,Break in series
Madagascar,Employment-to-population ratio by sex and age (%),Total,Age (10-year bands): 25-34,2022,82.664,Break in series
Madagascar,Employment-to-population ratio by sex and age (%),Total,Age (10-year bands): 35-44,2022,85.331,Break in series
Madagascar,Employment-to-population ratio by sex and age (%),Total,Age (10-year bands): 45-54,2022,85.348,Break in series
Madagascar,Employment-to-population ratio by sex and age (%),Total,Age (10-year bands): 55-64,2022,76.631,Break in series
Madagascar,Employment-to-population ratio by sex and age (%),Total,Age (10-year bands): 65+,2022,48.176,Break in series
Madagascar,Employment-to-population ratio by sex and age (%),Male,Age (10-year bands): 15+,2022,79.157,Break in series
Madagascar,Employment-to-population ratio by sex and age (%),Male,Age (10-year bands): 15-24,2022,62.736,Break in series
Madagascar,Employment-to-population ratio by sex and age (%),Male,Age (10-year bands): 25-34,2022,90.752,Break in series
Madagascar,Employment-to-population ratio by sex and age (%),Male,Age (10-year bands): 35-44,2022,92.466,Break in series
Madagascar,Employment-to-population ratio by sex and age (%),Male,Age (10-year bands): 45-54,2022,92.546,Break in series
Madagascar,Employment-to-population ratio by sex and age (%),Male,Age (10-year bands): 55-64,2022,84.737,Break in series
Madagascar,Employment-to-population ratio by sex and age (%),Male,Age (10-year bands): 65+,2022,56.837,Break in series
Madagascar,Employment-to-population ratio by sex and age (%),Female,Age (10-year bands): 15+,2022,66.499,Break in series
Madagascar,Employment-to-population ratio by sex and age (%),Female,Age (10-year bands): 15-24,2022,53.728,Break in series
Madagascar,Employment-to-population ratio by sex and age (%),Female,Age (10-year bands): 25-34,2022,75.042,Break in series
Madagascar,Employment-to-population ratio by sex and age (%),Female,Age (10-year bands): 35-44,2022,78.864,Break in series
Madagascar,Employment-to-population ratio by sex and age (%),Female,Age (10-year bands): 45-54,2022,78.758,Break in series
Madagascar,Employment-to-population ratio by sex and age (%),Female,Age (10-year bands): 55-64,2022,69.018,Break in series
Madagascar,Employment-to-population ratio by sex and age (%),Female,Age (10-year bands): 65+,2022,40.559,Break in series
Madagascar,Employment-to-population ratio by sex and age (%),Total,Age (5-year bands): 15+,2022,72.623,Break in series
Madagascar,Employment-to-population ratio by sex and age (%),Total,Age (5-year bands): 15-19,2022,47.12,Break in series
Madagascar,Employment-to-population ratio by sex and age (%),Total,Age (5-year bands): 20-24,2022,70.515,Break in series
Madagascar,Employment-to-population ratio by sex and age (%),Total,Age (5-year bands): 25-29,2022,80.377,Break in series
Madagascar,Employment-to-population ratio by sex and age (%),Total,Age (5-year bands): 30-34,2022,85.428,Break in series
Madagascar,Employment-to-population ratio by sex and age (%),Total,Age (5-year bands): 35-39,2022,84.824,Break in series
Madagascar,Employment-to-population ratio by sex and age (%),Total,Age (5-year bands): 40-44,2022,85.924,Break in series
Madagascar,Employment-to-population ratio by sex and age (%),Total,Age (5-year bands): 45-49,2022,85.68,Break in series
Madagascar,Employment-to-population ratio by sex and age (%),Total,Age (5-year bands): 50-54,2022,84.972,Break in series
Madagascar,Employment-to-population ratio by sex and age (%),Total,Age (5-year bands): 55-59,2022,80.896,Break in series
Madagascar,Employment-to-population ratio by sex and age (%),Total,Age (5-year bands): 60-64,2022,72.233,Break in series
Madagascar,Employment-to-population ratio by sex and age (%),Total,Age (5-year bands): 65+,2022,48.176,Break in series
Madagascar,Employment-to-population ratio by sex and age (%),Male,Age (5-year bands): 15+,2022,79.157,Break in series
Madagascar,Employment-to-population ratio by sex and age (%),Male,Age (5-year bands): 15-19,2022,49.255,Break in series
Madagascar,Employment-to-population ratio by sex and age (%),Male,Age (5-year bands): 20-24,2022,78.494,Break in series
Madagascar,Employment-to-population ratio by sex and age (%),Male,Age (5-year bands): 25-29,2022,88.991,Break in series
Madagascar,Employment-to-population ratio by sex and age (%),Male,Age (5-year bands): 30-34,2022,92.813,Break in series
Madagascar,Employment-to-population ratio by sex and age (%),Male,Age (5-year bands): 35-39,2022,92.055,Break in series
Madagascar,Employment-to-population ratio by sex and age (%),Male,Age (5-year bands): 40-44,2022,92.898,Break in series
Madagascar,Employment-to-population ratio by sex and age (%),Male,Age (5-year bands): 45-49,2022,92.768,Break in series
Madagascar,Employment-to-population ratio by sex and age (%),Male,Age (5-year bands): 50-54,2022,92.305,Break in series
Madagascar,Employment-to-population ratio by sex and age (%),Male,Age (5-year bands): 55-59,2022,88.926,Break in series
Madagascar,Employment-to-population ratio by sex and age (%),Male,Age (5-year bands): 60-64,2022,80.621,Break in series
Madagascar,Employment-to-population ratio by sex and age (%),Male,Age (5-year bands): 65+,2022,56.837,Break in series
Madagascar,Employment-to-population ratio by sex and age (%),Female,Age (5-year bands): 15+,2022,66.499,Break in series
Madagascar,Employment-to-population ratio by sex and age (%),Female,Age (5-year bands): 15-19,2022,44.981,Break in series
Madagascar,Employment-to-population ratio by sex and age (%),Female,Age (5-year bands): 20-24,2022,63.15,Break in series
Madagascar,Employment-to-population ratio by sex and age (%),Female,Age (5-year bands): 25-29,2022,72.492,Break in series
Madagascar,Employment-to-population ratio by sex and age (%),Female,Age (5-year bands): 30-34,2022,78.223,Break in series
Madagascar,Employment-to-population ratio by sex and age (%),Female,Age (5-year bands): 35-39,2022,78.862,Break in series
Madagascar,Employment-to-population ratio by sex and age (%),Female,Age (5-year bands): 40-44,2022,78.867,Break in series
Madagascar,Employment-to-population ratio by sex and age (%),Female,Age (5-year bands): 45-49,2022,79.444,Break in series
Madagascar,Employment-to-population ratio by sex and age (%),Female,Age (5-year bands): 50-54,2022,77.951,Break in series
Madagascar,Employment-to-population ratio by sex and age (%),Female,Age (5-year bands): 55-59,2022,73.695,Break in series
Madagascar,Employment-to-population ratio by sex and age (%),Female,Age (5-year bands): 60-64,2022,63.972,Break in series
Madagascar,Employment-to-population ratio by sex and age (%),Female,Age (5-year bands): 65+,2022,40.559,Break in series
Mali,Employment-to-population ratio by sex and age (%),Total,"Age (Youth, adults): 15+",2022,60.842,Observed
Mali,Employment-to-population ratio by sex and age (%),Total,"Age (Youth, adults): 15-64",2022,62.934,Observed
Mali,Employment-to-population ratio by sex and age (%),Total,"Age (Youth, adults): 15-24",2022,40.794,Observed
Mali,Employment-to-population ratio by sex and age (%),Total,"Age (Youth, adults): 25+",2022,68.356,Observed
Mali,Employment-to-population ratio by sex and age (%),Male,"Age (Youth, adults): 15+",2022,76.764,Observed
Mali,Employment-to-population ratio by sex and age (%),Male,"Age (Youth, adults): 15-64",2022,79.86,Observed
Mali,Employment-to-population ratio by sex and age (%),Male,"Age (Youth, adults): 15-24",2022,50.651,Observed
Mali,Employment-to-population ratio by sex and age (%),Male,"Age (Youth, adults): 25+",2022,86.09,Observed
Mali,Employment-to-population ratio by sex and age (%),Female,"Age (Youth, adults): 15+",2022,47.065,Observed
Mali,Employment-to-population ratio by sex and age (%),Female,"Age (Youth, adults): 15-64",2022,48.698,Observed
Mali,Employment-to-population ratio by sex and age (%),Female,"Age (Youth, adults): 15-24",2022,32.801,Observed
Mali,Employment-to-population ratio by sex and age (%),Female,"Age (Youth, adults): 25+",2022,52.634,Observed
Mali,Employment-to-population ratio by sex and age (%),Total,Age (Aggregate bands): 15+,2022,60.842,Observed
Mali,Employment-to-population ratio by sex and age (%),Total,Age (Aggregate bands): 15-24,2022,40.794,Observed
Mali,Employment-to-population ratio by sex and age (%),Total,Age (Aggregate bands): 25-54,2022,72.511,Observed
Mali,Employment-to-population ratio by sex and age (%),Total,Age (Aggregate bands): 55-64,2022,69.281,Observed
Mali,Employment-to-population ratio by sex and age (%),Total,Age (Aggregate bands): 65+,2022,32.895,Observed
Mali,Employment-to-population ratio by sex and age (%),Male,Age (Aggregate bands): 15+,2022,76.764,Observed
Mali,Employment-to-population ratio by sex and age (%),Male,Age (Aggregate bands): 15-24,2022,50.651,Observed
Mali,Employment-to-population ratio by sex and age (%),Male,Age (Aggregate bands): 25-54,2022,92.608,Observed
Mali,Employment-to-population ratio by sex and age (%),Male,Age (Aggregate bands): 55-64,2022,86.32,Observed
Mali,Employment-to-population ratio by sex and age (%),Male,Age (Aggregate bands): 65+,2022,42.908,Observed
Mali,Employment-to-population ratio by sex and age (%),Female,Age (Aggregate bands): 15+,2022,47.065,Observed
Mali,Employment-to-population ratio by sex and age (%),Female,Age (Aggregate bands): 15-24,2022,32.801,Observed
Mali,Employment-to-population ratio by sex and age (%),Female,Age (Aggregate bands): 25-54,2022,56.459,Observed
Mali,Employment-to-population ratio by sex and age (%),Female,Age (Aggregate bands): 55-64,2022,46.024,Observed
Mali,Employment-to-population ratio by sex and age (%),Female,Age (Aggregate bands): 65+,2022,20.253,Observed
Mali,Employment-to-population ratio by sex and age (%),Total,Age (10-year bands): 15+,2022,60.842,Observed
Mali,Employment-to-population ratio by sex and age (%),Total,Age (10-year bands): 15-24,2022,40.794,Observed
Mali,Employment-to-population ratio by sex and age (%),Total,Age (10-year bands): 25-34,2022,66.673,Observed
Mali,Employment-to-population ratio by sex and age (%),Total,Age (10-year bands): 35-44,2022,76.503,Observed
Mali,Employment-to-population ratio by sex and age (%),Total,Age (10-year bands): 45-54,2022,77.098,Observed
Mali,Employment-to-population ratio by sex and age (%),Total,Age (10-year bands): 55-64,2022,69.281,Observed
Mali,Employment-to-population ratio by sex and age (%),Total,Age (10-year bands): 65+,2022,32.895,Observed
Mali,Employment-to-population ratio by sex and age (%),Male,Age (10-year bands): 15+,2022,76.764,Observed
Mali,Employment-to-population ratio by sex and age (%),Male,Age (10-year bands): 15-24,2022,50.651,Observed
Mali,Employment-to-population ratio by sex and age (%),Male,Age (10-year bands): 25-34,2022,89.303,Observed
Mali,Employment-to-population ratio by sex and age (%),Male,Age (10-year bands): 35-44,2022,94.955,Observed
Mali,Employment-to-population ratio by sex and age (%),Male,Age (10-year bands): 45-54,2022,93.626,Observed
Mali,Employment-to-population ratio by sex and age (%),Male,Age (10-year bands): 55-64,2022,86.32,Observed
Mali,Employment-to-population ratio by sex and age (%),Male,Age (10-year bands): 65+,2022,42.908,Observed
Mali,Employment-to-population ratio by sex and age (%),Female,Age (10-year bands): 15+,2022,47.065,Observed
Mali,Employment-to-population ratio by sex and age (%),Female,Age (10-year bands): 15-24,2022,32.801,Observed
Mali,Employment-to-population ratio by sex and age (%),Female,Age (10-year bands): 25-34,2022,53.121,Observed
Mali,Employment-to-population ratio by sex and age (%),Female,Age (10-year bands): 35-44,2022,59.361,Observed
Mali,Employment-to-population ratio by sex and age (%),Female,Age (10-year bands): 45-54,2022,59.589,Observed
Mali,Employment-to-population ratio by sex and age (%),Female,Age (10-year bands): 55-64,2022,46.024,Observed
Mali,Employment-to-population ratio by sex and age (%),Female,Age (10-year bands): 65+,2022,20.253,Observed
Mali,Employment-to-population ratio by sex and age (%),Total,Age (5-year bands): 15+,2022,60.842,Observed
Mali,Employment-to-population ratio by sex and age (%),Total,Age (5-year bands): 15-19,2022,34.761,Observed
Mali,Employment-to-population ratio by sex and age (%),Total,Age (5-year bands): 20-24,2022,48.598,Observed
Mali,Employment-to-population ratio by sex and age (%),Total,Age (5-year bands): 25-29,2022,60.528,Observed
Mali,Employment-to-population ratio by sex and age (%),Total,Age (5-year bands): 30-34,2022,72.645,Observed
Mali,Employment-to-population ratio by sex and age (%),Total,Age (5-year bands): 35-39,2022,75.668,Observed
Mali,Employment-to-population ratio by sex and age (%),Total,Age (5-year bands): 40-44,2022,77.612,Observed
Mali,Employment-to-population ratio by sex and age (%),Total,Age (5-year bands): 45-49,2022,77.684,Observed
Mali,Employment-to-population ratio by sex and age (%),Total,Age (5-year bands): 50-54,2022,76.413,Observed
Mali,Employment-to-population ratio by sex and age (%),Total,Age (5-year bands): 55-59,2022,74.395,Observed
Mali,Employment-to-population ratio by sex and age (%),Total,Age (5-year bands): 60-64,2022,63.987,Observed
Mali,Employment-to-population ratio by sex and age (%),Total,Age (5-year bands): 65+,2022,32.895,Observed
Mali,Employment-to-population ratio by sex and age (%),Male,Age (5-year bands): 15+,2022,76.764,Observed
Mali,Employment-to-population ratio by sex and age (%),Male,Age (5-year bands): 15-19,2022,41.175,Observed
Mali,Employment-to-population ratio by sex and age (%),Male,Age (5-year bands): 20-24,2022,65.87,Observed
Mali,Employment-to-population ratio by sex and age (%),Male,Age (5-year bands): 25-29,2022,83.238,Observed
Mali,Employment-to-population ratio by sex and age (%),Male,Age (5-year bands): 30-34,2022,94.018,Observed
Mali,Employment-to-population ratio by sex and age (%),Male,Age (5-year bands): 35-39,2022,95.284,Observed
Mali,Employment-to-population ratio by sex and age (%),Male,Age (5-year bands): 40-44,2022,94.544,Observed
Mali,Employment-to-population ratio by sex and age (%),Male,Age (5-year bands): 45-49,2022,92.434,Observed
Mali,Employment-to-population ratio by sex and age (%),Male,Age (5-year bands): 50-54,2022,95.025,Observed
Mali,Employment-to-population ratio by sex and age (%),Male,Age (5-year bands): 55-59,2022,91.755,Observed
Mali,Employment-to-population ratio by sex and age (%),Male,Age (5-year bands): 60-64,2022,80.906,Observed
Mali,Employment-to-population ratio by sex and age (%),Male,Age (5-year bands): 65+,2022,42.908,Observed
Mali,Employment-to-population ratio by sex and age (%),Female,Age (5-year bands): 15+,2022,47.065,Observed
Mali,Employment-to-population ratio by sex and age (%),Female,Age (5-year bands): 15-19,2022,28.615,Observed
Mali,Employment-to-population ratio by sex and age (%),Female,Age (5-year bands): 20-24,2022,37.364,Observed
Mali,Employment-to-population ratio by sex and age (%),Female,Age (5-year bands): 25-29,2022,49.222,Observed
Mali,Employment-to-population ratio by sex and age (%),Female,Age (5-year bands): 30-34,2022,57.449,Observed
Mali,Employment-to-population ratio by sex and age (%),Female,Age (5-year bands): 35-39,2022,58.362,Observed
Mali,Employment-to-population ratio by sex and age (%),Female,Age (5-year bands): 40-44,2022,60.768,Observed
Mali,Employment-to-population ratio by sex and age (%),Female,Age (5-year bands): 45-49,2022,61.978,Observed
Mali,Employment-to-population ratio by sex and age (%),Female,Age (5-year bands): 50-54,2022,56.818,Observed
Mali,Employment-to-population ratio by sex and age (%),Female,Age (5-year bands): 55-59,2022,51.737,Observed
Mali,Employment-to-population ratio by sex and age (%),Female,Age (5-year bands): 60-64,2022,39.788,Observed
Mali,Employment-to-population ratio by sex and age (%),Female,Age (5-year bands): 65+,2022,20.253,Observed
Mozambique,Employment-to-population ratio by sex and age (%),Total,"Age (Youth, adults): 15+",2022,73.466,Observed
Mozambique,Employment-to-population ratio by sex and age (%),Total,"Age (Youth, adults): 15-64",2022,73.658,Observed
Mozambique,Employment-to-population ratio by sex and age (%),Total,"Age (Youth, adults): 15-24",2022,57.492,Observed
Mozambique,Employment-to-population ratio by sex and age (%),Total,"Age (Youth, adults): 25+",2022,82.439,Observed
Mozambique,Employment-to-population ratio by sex and age (%),Male,"Age (Youth, adults): 15+",2022,75.767,Observed
Mozambique,Employment-to-population ratio by sex and age (%),Male,"Age (Youth, adults): 15-64",2022,75.881,Observed
Mozambique,Employment-to-population ratio by sex and age (%),Male,"Age (Youth, adults): 15-24",2022,58.04,Observed
Mozambique,Employment-to-population ratio by sex and age (%),Male,"Age (Youth, adults): 25+",2022,85.681,Observed
Mozambique,Employment-to-population ratio by sex and age (%),Female,"Age (Youth, adults): 15+",2022,71.458,Observed
Mozambique,Employment-to-population ratio by sex and age (%),Female,"Age (Youth, adults): 15-64",2022,71.7,Observed
Mozambique,Employment-to-population ratio by sex and age (%),Female,"Age (Youth, adults): 15-24",2022,57.016,Observed
Mozambique,Employment-to-population ratio by sex and age (%),Female,"Age (Youth, adults): 25+",2022,79.602,Observed
Mozambique,Employment-to-population ratio by sex and age (%),Total,Age (Aggregate bands): 15+,2022,73.466,Observed
Mozambique,Employment-to-population ratio by sex and age (%),Total,Age (Aggregate bands): 15-24,2022,57.492,Observed
Mozambique,Employment-to-population ratio by sex and age (%),Total,Age (Aggregate bands): 25-54,2022,83.817,Observed
Mozambique,Employment-to-population ratio by sex and age (%),Total,Age (Aggregate bands): 55-64,2022,83.022,Observed
Mozambique,Employment-to-population ratio by sex and age (%),Total,Age (Aggregate bands): 65+,2022,70.591,Observed
Mozambique,Employment-to-population ratio by sex and age (%),Male,Age (Aggregate bands): 15+,2022,75.767,Observed
Mozambique,Employment-to-population ratio by sex and age (%),Male,Age (Aggregate bands): 15-24,2022,58.04,Observed
Mozambique,Employment-to-population ratio by sex and age (%),Male,Age (Aggregate bands): 25-54,2022,87.104,Observed
Mozambique,Employment-to-population ratio by sex and age (%),Male,Age (Aggregate bands): 55-64,2022,84.973,Observed
Mozambique,Employment-to-population ratio by sex and age (%),Male,Age (Aggregate bands): 65+,2022,73.918,Observed
Mozambique,Employment-to-population ratio by sex and age (%),Female,Age (Aggregate bands): 15+,2022,71.458,Observed
Mozambique,Employment-to-population ratio by sex and age (%),Female,Age (Aggregate bands): 15-24,2022,57.016,Observed
Mozambique,Employment-to-population ratio by sex and age (%),Female,Age (Aggregate bands): 25-54,2022,80.89,Observed
Mozambique,Employment-to-population ratio by sex and age (%),Female,Age (Aggregate bands): 55-64,2022,81.322,Observed
Mozambique,Employment-to-population ratio by sex and age (%),Female,Age (Aggregate bands): 65+,2022,68.061,Observed
Mozambique,Employment-to-population ratio by sex and age (%),Total,Age (10-year bands): 15+,2022,73.466,Observed
Mozambique,Employment-to-population ratio by sex and age (%),Total,Age (10-year bands): 15-24,2022,57.492,Observed
Mozambique,Employment-to-population ratio by sex and age (%),Total,Age (10-year bands): 25-34,2022,79.847,Observed
Mozambique,Employment-to-population ratio by sex and age (%),Total,Age (10-year bands): 35-44,2022,86.625,Observed
Mozambique,Employment-to-population ratio by sex and age (%),Total,Age (10-year bands): 45-54,2022,87.94,Observed
Mozambique,Employment-to-population ratio by sex and age (%),Total,Age (10-year bands): 55-64,2022,83.022,Observed
Mozambique,Employment-to-population ratio by sex and age (%),Total,Age (10-year bands): 65+,2022,70.591,Observed
Mozambique,Employment-to-population ratio by sex and age (%),Male,Age (10-year bands): 15+,2022,75.767,Observed
Mozambique,Employment-to-population ratio by sex and age (%),Male,Age (10-year bands): 15-24,2022,58.04,Observed
Mozambique,Employment-to-population ratio by sex and age (%),Male,Age (10-year bands): 25-34,2022,84.876,Observed
Mozambique,Employment-to-population ratio by sex and age (%),Male,Age (10-year bands): 35-44,2022,88.862,Observed
Mozambique,Employment-to-population ratio by sex and age (%),Male,Age (10-year bands): 45-54,2022,89.22,Observed
Mozambique,Employment-to-population ratio by sex and age (%),Male,Age (10-year bands): 55-64,2022,84.973,Observed
Mozambique,Employment-to-population ratio by sex and age (%),Male,Age (10-year bands): 65+,2022,73.918,Observed
Mozambique,Employment-to-population ratio by sex and age (%),Female,Age (10-year bands): 15+,2022,71.458,Observed
Mozambique,Employment-to-population ratio by sex and age (%),Female,Age (10-year bands): 15-24,2022,57.016,Observed
Mozambique,Employment-to-population ratio by sex and age (%),Female,Age (10-year bands): 25-34,2022,75.301,Observed
Mozambique,Employment-to-population ratio by sex and age (%),Female,Age (10-year bands): 35-44,2022,84.638,Observed
Mozambique,Employment-to-population ratio by sex and age (%),Female,Age (10-year bands): 45-54,2022,86.83,Observed
Mozambique,Employment-to-population ratio by sex and age (%),Female,Age (10-year bands): 55-64,2022,81.322,Observed
Mozambique,Employment-to-population ratio by sex and age (%),Female,Age (10-year bands): 65+,2022,68.061,Observed
Mozambique,Employment-to-population ratio by sex and age (%),Total,Age (5-year bands): 15+,2022,73.466,Observed
Mozambique,Employment-to-population ratio by sex and age (%),Total,Age (5-year bands): 15-19,2022,48.242,Observed
Mozambique,Employment-to-population ratio by sex and age (%),Total,Age (5-year bands): 20-24,2022,68.037,Observed
Mozambique,Employment-to-population ratio by sex and age (%),Total,Age (5-year bands): 25-29,2022,78.035,Observed
Mozambique,Employment-to-population ratio by sex and age (%),Total,Age (5-year bands): 30-34,2022,82.147,Observed
Mozambique,Employment-to-population ratio by sex and age (%),Total,Age (5-year bands): 35-39,2022,85.41,Observed
Mozambique,Employment-to-population ratio by sex and age (%),Total,Age (5-year bands): 40-44,2022,88.103,Observed
Mozambique,Employment-to-population ratio by sex and age (%),Total,Age (5-year bands): 45-49,2022,88.105,Observed
Mozambique,Employment-to-population ratio by sex and age (%),Total,Age (5-year bands): 50-54,2022,87.736,Observed
Mozambique,Employment-to-population ratio by sex and age (%),Total,Age (5-year bands): 55-59,2022,83.234,Observed
Mozambique,Employment-to-population ratio by sex and age (%),Total,Age (5-year bands): 60-64,2022,82.78,Observed
Mozambique,Employment-to-population ratio by sex and age (%),Total,Age (5-year bands): 65+,2022,70.591,Observed
Mozambique,Employment-to-population ratio by sex and age (%),Male,Age (5-year bands): 15+,2022,75.767,Observed
Mozambique,Employment-to-population ratio by sex and age (%),Male,Age (5-year bands): 15-19,2022,48.567,Observed
Mozambique,Employment-to-population ratio by sex and age (%),Male,Age (5-year bands): 20-24,2022,70.144,Observed
Mozambique,Employment-to-population ratio by sex and age (%),Male,Age (5-year bands): 25-29,2022,82.871,Observed
Mozambique,Employment-to-population ratio by sex and age (%),Male,Age (5-year bands): 30-34,2022,87.216,Observed
Mozambique,Employment-to-population ratio by sex and age (%),Male,Age (5-year bands): 35-39,2022,89.183,Observed
Mozambique,Employment-to-population ratio by sex and age (%),Male,Age (5-year bands): 40-44,2022,88.513,Observed
Mozambique,Employment-to-population ratio by sex and age (%),Male,Age (5-year bands): 45-49,2022,88.446,Observed
Mozambique,Employment-to-population ratio by sex and age (%),Male,Age (5-year bands): 50-54,2022,90.23,Observed
Mozambique,Employment-to-population ratio by sex and age (%),Male,Age (5-year bands): 55-59,2022,86.599,Observed
Mozambique,Employment-to-population ratio by sex and age (%),Male,Age (5-year bands): 60-64,2022,82.989,Observed
Mozambique,Employment-to-population ratio by sex and age (%),Male,Age (5-year bands): 65+,2022,73.918,Observed
Mozambique,Employment-to-population ratio by sex and age (%),Female,Age (5-year bands): 15+,2022,71.458,Observed
Mozambique,Employment-to-population ratio by sex and age (%),Female,Age (5-year bands): 15-19,2022,47.93,Observed
Mozambique,Employment-to-population ratio by sex and age (%),Female,Age (5-year bands): 20-24,2022,66.405,Observed
Mozambique,Employment-to-population ratio by sex and age (%),Female,Age (5-year bands): 25-29,2022,73.966,Observed
Mozambique,Employment-to-population ratio by sex and age (%),Female,Age (5-year bands): 30-34,2022,77.132,Observed
Mozambique,Employment-to-population ratio by sex and age (%),Female,Age (5-year bands): 35-39,2022,82.363,Observed
Mozambique,Employment-to-population ratio by sex and age (%),Female,Age (5-year bands): 40-44,2022,87.693,Observed
Mozambique,Employment-to-population ratio by sex and age (%),Female,Age (5-year bands): 45-49,2022,87.794,Observed
Mozambique,Employment-to-population ratio by sex and age (%),Female,Age (5-year bands): 50-54,2022,85.708,Observed
Mozambique,Employment-to-population ratio by sex and age (%),Female,Age (5-year bands): 55-59,2022,80.119,Observed
Mozambique,Employment-to-population ratio by sex and age (%),Female,Age (5-year bands): 60-64,2022,82.61,Observed
Mozambique,Employment-to-population ratio by sex and age (%),Female,Age (5-year bands): 65+,2022,68.061,Observed
Mauritius,Employment-to-population ratio by sex and age (%),Total,"Age (Youth, adults): 15+",2022,51.396,Observed
Mauritius,Employment-to-population ratio by sex and age (%),Total,"Age (Youth, adults): 15-64",2022,60.437,Observed
Mauritius,Employment-to-population ratio by sex and age (%),Total,"Age (Youth, adults): 15-24",2022,27.939,Observed
Mauritius,Employment-to-population ratio by sex and age (%),Total,"Age (Youth, adults): 25+",2022,55.984,Observed
Mauritius,Employment-to-population ratio by sex and age (%),Male,"Age (Youth, adults): 15+",2022,65.012,Observed
Mauritius,Employment-to-population ratio by sex and age (%),Male,"Age (Youth, adults): 15-64",2022,74.65,Observed
Mauritius,Employment-to-population ratio by sex and age (%),Male,"Age (Youth, adults): 15-24",2022,33.427,Observed
Mauritius,Employment-to-population ratio by sex and age (%),Male,"Age (Youth, adults): 25+",2022,71.492,Observed
Mauritius,Employment-to-population ratio by sex and age (%),Female,"Age (Youth, adults): 15+",2022,38.633,Observed
Mauritius,Employment-to-population ratio by sex and age (%),Female,"Age (Youth, adults): 15-64",2022,46.557,Observed
Mauritius,Employment-to-population ratio by sex and age (%),Female,"Age (Youth, adults): 15-24",2022,22.374,Observed
Mauritius,Employment-to-population ratio by sex and age (%),Female,"Age (Youth, adults): 25+",2022,41.669,Observed
Mauritius,Employment-to-population ratio by sex and age (%),Total,Age (Aggregate bands): 15+,2022,51.396,Observed
Mauritius,Employment-to-population ratio by sex and age (%),Total,Age (Aggregate bands): 15-24,2022,27.939,Observed
Mauritius,Employment-to-population ratio by sex and age (%),Total,Age (Aggregate bands): 25-54,2022,75.499,Observed
Mauritius,Employment-to-population ratio by sex and age (%),Total,Age (Aggregate bands): 55-64,2022,46.766,Observed
Mauritius,Employment-to-population ratio by sex and age (%),Total,Age (Aggregate bands): 65+,2022,5.367,Observed
Mauritius,Employment-to-population ratio by sex and age (%),Male,Age (Aggregate bands): 15+,2022,65.012,Observed
Mauritius,Employment-to-population ratio by sex and age (%),Male,Age (Aggregate bands): 15-24,2022,33.427,Observed
Mauritius,Employment-to-population ratio by sex and age (%),Male,Age (Aggregate bands): 25-54,2022,90.339,Observed
Mauritius,Employment-to-population ratio by sex and age (%),Male,Age (Aggregate bands): 55-64,2022,68.193,Observed
Mauritius,Employment-to-population ratio by sex and age (%),Male,Age (Aggregate bands): 65+,2022,8.846,Observed
Mauritius,Employment-to-population ratio by sex and age (%),Female,Age (Aggregate bands): 15+,2022,38.633,Observed
Mauritius,Employment-to-population ratio by sex and age (%),Female,Age (Aggregate bands): 15-24,2022,22.374,Observed
Mauritius,Employment-to-population ratio by sex and age (%),Female,Age (Aggregate bands): 25-54,2022,60.978,Observed
Mauritius,Employment-to-population ratio by sex and age (%),Female,Age (Aggregate bands): 55-64,2022,26.711,Observed
Mauritius,Employment-to-population ratio by sex and age (%),Female,Age (Aggregate bands): 65+,2022,2.725,Observed
Mauritius,Employment-to-population ratio by sex and age (%),Total,Age (10-year bands): 15+,2022,51.396,Observed
Mauritius,Employment-to-population ratio by sex and age (%),Total,Age (10-year bands): 15-24,2022,27.939,Observed
Mauritius,Employment-to-population ratio by sex and age (%),Total,Age (10-year bands): 25-34,2022,76.036,Observed
Mauritius,Employment-to-population ratio by sex and age (%),Total,Age (10-year bands): 35-44,2022,78.668,Observed
Mauritius,Employment-to-population ratio by sex and age (%),Total,Age (10-year bands): 45-54,2022,71.597,Observed
Mauritius,Employment-to-population ratio by sex and age (%),Total,Age (10-year bands): 55-64,2022,46.766,Observed
Mauritius,Employment-to-population ratio by sex and age (%),Total,Age (10-year bands): 65+,2022,5.367,Observed
Mauritius,Employment-to-population ratio by sex and age (%),Male,Age (10-year bands): 15+,2022,65.012,Observed
Mauritius,Employment-to-population ratio by sex and age (%),Male,Age (10-year bands): 15-24,2022,33.427,Observed
Mauritius,Employment-to-population ratio by sex and age (%),Male,Age (10-year bands): 25-34,2022,87.349,Observed
Mauritius,Employment-to-population ratio by sex and age (%),Male,Age (10-year bands): 35-44,2022,92.981,Observed
Mauritius,Employment-to-population ratio by sex and age (%),Male,Age (10-year bands): 45-54,2022,90.604,Observed
Mauritius,Employment-to-population ratio by sex and age (%),Male,Age (10-year bands): 55-64,2022,68.193,Observed
Mauritius,Employment-to-population ratio by sex and age (%),Male,Age (10-year bands): 65+,2022,8.846,Observed
Mauritius,Employment-to-population ratio by sex and age (%),Female,Age (10-year bands): 15+,2022,38.633,Observed
Mauritius,Employment-to-population ratio by sex and age (%),Female,Age (10-year bands): 15-24,2022,22.374,Observed
Mauritius,Employment-to-population ratio by sex and age (%),Female,Age (10-year bands): 25-34,2022,65.311,Observed
Mauritius,Employment-to-population ratio by sex and age (%),Female,Age (10-year bands): 35-44,2022,64.481,Observed
Mauritius,Employment-to-population ratio by sex and age (%),Female,Age (10-year bands): 45-54,2022,52.63,Observed
Mauritius,Employment-to-population ratio by sex and age (%),Female,Age (10-year bands): 55-64,2022,26.711,Observed
Mauritius,Employment-to-population ratio by sex and age (%),Female,Age (10-year bands): 65+,2022,2.725,Observed
Mauritius,Employment-to-population ratio by sex and age (%),Total,Age (5-year bands): 15+,2022,51.396,Observed
Mauritius,Employment-to-population ratio by sex and age (%),Total,Age (5-year bands): 15-19,2022,6.434,Observed
Mauritius,Employment-to-population ratio by sex and age (%),Total,Age (5-year bands): 20-24,2022,45.252,Observed
Mauritius,Employment-to-population ratio by sex and age (%),Total,Age (5-year bands): 25-29,2022,74.447,Observed
Mauritius,Employment-to-population ratio by sex and age (%),Total,Age (5-year bands): 30-34,2022,77.646,Observed
Mauritius,Employment-to-population ratio by sex and age (%),Total,Age (5-year bands): 35-39,2022,79.63,Observed
Mauritius,Employment-to-population ratio by sex and age (%),Total,Age (5-year bands): 40-44,2022,77.876,Observed
Mauritius,Employment-to-population ratio by sex and age (%),Total,Age (5-year bands): 45-49,2022,75.222,Observed
Mauritius,Employment-to-population ratio by sex and age (%),Total,Age (5-year bands): 50-54,2022,67.816,Observed
Mauritius,Employment-to-population ratio by sex and age (%),Total,Age (5-year bands): 55-59,2022,60.931,Observed
Mauritius,Employment-to-population ratio by sex and age (%),Total,Age (5-year bands): 60-64,2022,30.66,Observed
Mauritius,Employment-to-population ratio by sex and age (%),Total,Age (5-year bands): 65+,2022,5.367,Observed
Mauritius,Employment-to-population ratio by sex and age (%),Male,Age (5-year bands): 15+,2022,65.012,Observed
Mauritius,Employment-to-population ratio by sex and age (%),Male,Age (5-year bands): 15-19,2022,8.024,Observed
Mauritius,Employment-to-population ratio by sex and age (%),Male,Age (5-year bands): 20-24,2022,54.234,Observed
Mauritius,Employment-to-population ratio by sex and age (%),Male,Age (5-year bands): 25-29,2022,85.21,Observed
Mauritius,Employment-to-population ratio by sex and age (%),Male,Age (5-year bands): 30-34,2022,89.473,Observed
Mauritius,Employment-to-population ratio by sex and age (%),Male,Age (5-year bands): 35-39,2022,91.844,Observed
Mauritius,Employment-to-population ratio by sex and age (%),Male,Age (5-year bands): 40-44,2022,93.904,Observed
Mauritius,Employment-to-population ratio by sex and age (%),Male,Age (5-year bands): 45-49,2022,93.024,Observed
Mauritius,Employment-to-population ratio by sex and age (%),Male,Age (5-year bands): 50-54,2022,88.064,Observed
Mauritius,Employment-to-population ratio by sex and age (%),Male,Age (5-year bands): 55-59,2022,85.325,Observed
Mauritius,Employment-to-population ratio by sex and age (%),Male,Age (5-year bands): 60-64,2022,48.141,Observed
Mauritius,Employment-to-population ratio by sex and age (%),Male,Age (5-year bands): 65+,2022,8.846,Observed
Mauritius,Employment-to-population ratio by sex and age (%),Female,Age (5-year bands): 15+,2022,38.633,Observed
Mauritius,Employment-to-population ratio by sex and age (%),Female,Age (5-year bands): 15-19,2022,4.791,Observed
Mauritius,Employment-to-population ratio by sex and age (%),Female,Age (5-year bands): 20-24,2022,36.285,Observed
Mauritius,Employment-to-population ratio by sex and age (%),Female,Age (5-year bands): 25-29,2022,64.438,Observed
Mauritius,Employment-to-population ratio by sex and age (%),Female,Age (5-year bands): 30-34,2022,66.213,Observed
Mauritius,Employment-to-population ratio by sex and age (%),Female,Age (5-year bands): 35-39,2022,67.687,Observed
Mauritius,Employment-to-population ratio by sex and age (%),Female,Age (5-year bands): 40-44,2022,61.813,Observed
Mauritius,Employment-to-population ratio by sex and age (%),Female,Age (5-year bands): 45-49,2022,57.348,Observed
Mauritius,Employment-to-population ratio by sex and age (%),Female,Age (5-year bands): 50-54,2022,47.74,Observed
Mauritius,Employment-to-population ratio by sex and age (%),Female,Age (5-year bands): 55-59,2022,37.494,Observed
Mauritius,Employment-to-population ratio by sex and age (%),Female,Age (5-year bands): 60-64,2022,14.777,Observed
Mauritius,Employment-to-population ratio by sex and age (%),Female,Age (5-year bands): 65+,2022,2.725,Observed
Niger,Employment-to-population ratio by sex and age (%),Total,"Age (Youth, adults): 15+",2022,79.292,Observed
Niger,Employment-to-population ratio by sex and age (%),Total,"Age (Youth, adults): 15-64",2022,80.277,Observed
Niger,Employment-to-population ratio by sex and age (%),Total,"Age (Youth, adults): 15-24",2022,71.213,Observed
Niger,Employment-to-population ratio by sex and age (%),Total,"Age (Youth, adults): 25+",2022,83.001,Observed
Niger,Employment-to-population ratio by sex and age (%),Male,"Age (Youth, adults): 15+",2022,86.865,Observed
Niger,Employment-to-population ratio by sex and age (%),Male,"Age (Youth, adults): 15-64",2022,87.687,Observed
Niger,Employment-to-population ratio by sex and age (%),Male,"Age (Youth, adults): 15-24",2022,78.348,Observed
Niger,Employment-to-population ratio by sex and age (%),Male,"Age (Youth, adults): 25+",2022,91.203,Observed
Niger,Employment-to-population ratio by sex and age (%),Female,"Age (Youth, adults): 15+",2022,73.153,Observed
Niger,Employment-to-population ratio by sex and age (%),Female,"Age (Youth, adults): 15-64",2022,74.505,Observed
Niger,Employment-to-population ratio by sex and age (%),Female,"Age (Youth, adults): 15-24",2022,64.624,Observed
Niger,Employment-to-population ratio by sex and age (%),Female,"Age (Youth, adults): 25+",2022,76.743,Observed
Niger,Employment-to-population ratio by sex and age (%),Total,Age (Aggregate bands): 15+,2022,79.292,Observed
Niger,Employment-to-population ratio by sex and age (%),Total,Age (Aggregate bands): 15-24,2022,71.213,Observed
Niger,Employment-to-population ratio by sex and age (%),Total,Age (Aggregate bands): 25-54,2022,85.055,Observed
Niger,Employment-to-population ratio by sex and age (%),Total,Age (Aggregate bands): 55-64,2022,83.889,Observed
Niger,Employment-to-population ratio by sex and age (%),Total,Age (Aggregate bands): 65+,2022,65.527,Observed
Niger,Employment-to-population ratio by sex and age (%),Male,Age (Aggregate bands): 15+,2022,86.865,Observed
Niger,Employment-to-population ratio by sex and age (%),Male,Age (Aggregate bands): 15-24,2022,78.348,Observed
Niger,Employment-to-population ratio by sex and age (%),Male,Age (Aggregate bands): 25-54,2022,93.762,Observed
Niger,Employment-to-population ratio by sex and age (%),Male,Age (Aggregate bands): 55-64,2022,90.597,Observed
Niger,Employment-to-population ratio by sex and age (%),Male,Age (Aggregate bands): 65+,2022,78.267,Observed
Niger,Employment-to-population ratio by sex and age (%),Female,Age (Aggregate bands): 15+,2022,73.153,Observed
Niger,Employment-to-population ratio by sex and age (%),Female,Age (Aggregate bands): 15-24,2022,64.624,Observed
Niger,Employment-to-population ratio by sex and age (%),Female,Age (Aggregate bands): 25-54,2022,79.396,Observed
Niger,Employment-to-population ratio by sex and age (%),Female,Age (Aggregate bands): 55-64,2022,75.607,Observed
Niger,Employment-to-population ratio by sex and age (%),Female,Age (Aggregate bands): 65+,2022,47.57,Observed
Niger,Employment-to-population ratio by sex and age (%),Total,Age (10-year bands): 15+,2022,79.292,Observed
Niger,Employment-to-population ratio by sex and age (%),Total,Age (10-year bands): 15-24,2022,71.213,Observed
Niger,Employment-to-population ratio by sex and age (%),Total,Age (10-year bands): 25-34,2022,80.99,Observed
Niger,Employment-to-population ratio by sex and age (%),Total,Age (10-year bands): 35-44,2022,86.855,Observed
Niger,Employment-to-population ratio by sex and age (%),Total,Age (10-year bands): 45-54,2022,88.922,Observed
Niger,Employment-to-population ratio by sex and age (%),Total,Age (10-year bands): 55-64,2022,83.889,Observed
Niger,Employment-to-population ratio by sex and age (%),Total,Age (10-year bands): 65+,2022,65.527,Observed
Niger,Employment-to-population ratio by sex and age (%),Male,Age (10-year bands): 15+,2022,86.865,Observed
Niger,Employment-to-population ratio by sex and age (%),Male,Age (10-year bands): 15-24,2022,78.348,Observed
Niger,Employment-to-population ratio by sex and age (%),Male,Age (10-year bands): 25-34,2022,90.788,Observed
Niger,Employment-to-population ratio by sex and age (%),Male,Age (10-year bands): 35-44,2022,94.129,Observed
Niger,Employment-to-population ratio by sex and age (%),Male,Age (10-year bands): 45-54,2022,96.404,Observed
Niger,Employment-to-population ratio by sex and age (%),Male,Age (10-year bands): 55-64,2022,90.597,Observed
Niger,Employment-to-population ratio by sex and age (%),Male,Age (10-year bands): 65+,2022,78.267,Observed
Niger,Employment-to-population ratio by sex and age (%),Female,Age (10-year bands): 15+,2022,73.153,Observed
Niger,Employment-to-population ratio by sex and age (%),Female,Age (10-year bands): 15-24,2022,64.624,Observed
Niger,Employment-to-population ratio by sex and age (%),Female,Age (10-year bands): 25-34,2022,76.616,Observed
Niger,Employment-to-population ratio by sex and age (%),Female,Age (10-year bands): 35-44,2022,81.296,Observed
Niger,Employment-to-population ratio by sex and age (%),Female,Age (10-year bands): 45-54,2022,82.214,Observed
Niger,Employment-to-population ratio by sex and age (%),Female,Age (10-year bands): 55-64,2022,75.607,Observed
Niger,Employment-to-population ratio by sex and age (%),Female,Age (10-year bands): 65+,2022,47.57,Observed
Niger,Employment-to-population ratio by sex and age (%),Total,Age (5-year bands): 15+,2022,79.292,Observed
Niger,Employment-to-population ratio by sex and age (%),Total,Age (5-year bands): 15-19,2022,69.611,Observed
Niger,Employment-to-population ratio by sex and age (%),Total,Age (5-year bands): 20-24,2022,73.959,Observed
Niger,Employment-to-population ratio by sex and age (%),Total,Age (5-year bands): 25-29,2022,77.624,Observed
Niger,Employment-to-population ratio by sex and age (%),Total,Age (5-year bands): 30-34,2022,84.202,Observed
Niger,Employment-to-population ratio by sex and age (%),Total,Age (5-year bands): 35-39,2022,85.268,Observed
Niger,Employment-to-population ratio by sex and age (%),Total,Age (5-year bands): 40-44,2022,88.609,Observed
Niger,Employment-to-population ratio by sex and age (%),Total,Age (5-year bands): 45-49,2022,88.714,Observed
Niger,Employment-to-population ratio by sex and age (%),Total,Age (5-year bands): 50-54,2022,89.125,Observed
Niger,Employment-to-population ratio by sex and age (%),Total,Age (5-year bands): 55-59,2022,87.474,Observed
Niger,Employment-to-population ratio by sex and age (%),Total,Age (5-year bands): 60-64,2022,80.593,Observed
Niger,Employment-to-population ratio by sex and age (%),Total,Age (5-year bands): 65+,2022,65.527,Observed
Niger,Employment-to-population ratio by sex and age (%),Male,Age (5-year bands): 15+,2022,86.865,Observed
Niger,Employment-to-population ratio by sex and age (%),Male,Age (5-year bands): 15-19,2022,77.614,Observed
Niger,Employment-to-population ratio by sex and age (%),Male,Age (5-year bands): 20-24,2022,80.039,Observed
Niger,Employment-to-population ratio by sex and age (%),Male,Age (5-year bands): 25-29,2022,86.742,Observed
Niger,Employment-to-population ratio by sex and age (%),Male,Age (5-year bands): 30-34,2022,94.169,Observed
Niger,Employment-to-population ratio by sex and age (%),Male,Age (5-year bands): 35-39,2022,92.153,Observed
Niger,Employment-to-population ratio by sex and age (%),Male,Age (5-year bands): 40-44,2022,96.119,Observed
Niger,Employment-to-population ratio by sex and age (%),Male,Age (5-year bands): 45-49,2022,95.984,Observed
Niger,Employment-to-population ratio by sex and age (%),Male,Age (5-year bands): 50-54,2022,96.82,Observed
Niger,Employment-to-population ratio by sex and age (%),Male,Age (5-year bands): 55-59,2022,93.888,Observed
Niger,Employment-to-population ratio by sex and age (%),Male,Age (5-year bands): 60-64,2022,87.549,Observed
Niger,Employment-to-population ratio by sex and age (%),Male,Age (5-year bands): 65+,2022,78.267,Observed
Niger,Employment-to-population ratio by sex and age (%),Female,Age (5-year bands): 15+,2022,73.153,Observed
Niger,Employment-to-population ratio by sex and age (%),Female,Age (5-year bands): 15-19,2022,60.581,Observed
Niger,Employment-to-population ratio by sex and age (%),Female,Age (5-year bands): 20-24,2022,69.998,Observed
Niger,Employment-to-population ratio by sex and age (%),Female,Age (5-year bands): 25-29,2022,73.94,Observed
Niger,Employment-to-population ratio by sex and age (%),Female,Age (5-year bands): 30-34,2022,79.324,Observed
Niger,Employment-to-population ratio by sex and age (%),Female,Age (5-year bands): 35-39,2022,80.4,Observed
Niger,Employment-to-population ratio by sex and age (%),Female,Age (5-year bands): 40-44,2022,82.359,Observed
Niger,Employment-to-population ratio by sex and age (%),Female,Age (5-year bands): 45-49,2022,82.107,Observed
Niger,Employment-to-population ratio by sex and age (%),Female,Age (5-year bands): 50-54,2022,82.317,Observed
Niger,Employment-to-population ratio by sex and age (%),Female,Age (5-year bands): 55-59,2022,79.489,Observed
Niger,Employment-to-population ratio by sex and age (%),Female,Age (5-year bands): 60-64,2022,72.067,Observed
Niger,Employment-to-population ratio by sex and age (%),Female,Age (5-year bands): 65+,2022,47.57,Observed
Nigeria,Employment-to-population ratio by sex and age (%),Total,"Age (Youth, adults): 15+",2022,78.158,Observed
Nigeria,Employment-to-population ratio by sex and age (%),Total,"Age (Youth, adults): 15-64",2022,78.917,Observed
Nigeria,Employment-to-population ratio by sex and age (%),Total,"Age (Youth, adults): 15-24",2022,60.287,Observed
Nigeria,Employment-to-population ratio by sex and age (%),Total,"Age (Youth, adults): 25+",2022,87.252,Observed
Nigeria,Employment-to-population ratio by sex and age (%),Male,"Age (Youth, adults): 15+",2022,83.58,Observed
Nigeria,Employment-to-population ratio by sex and age (%),Male,"Age (Youth, adults): 15-64",2022,84.185,Observed
Nigeria,Employment-to-population ratio by sex and age (%),Male,"Age (Youth, adults): 15-24",2022,65.062,Observed
Nigeria,Employment-to-population ratio by sex and age (%),Male,"Age (Youth, adults): 25+",2022,93.31,Observed
Nigeria,Employment-to-population ratio by sex and age (%),Female,"Age (Youth, adults): 15+",2022,72.934,Observed
Nigeria,Employment-to-population ratio by sex and age (%),Female,"Age (Youth, adults): 15-64",2022,73.942,Observed
Nigeria,Employment-to-population ratio by sex and age (%),Female,"Age (Youth, adults): 15-24",2022,55.492,Observed
Nigeria,Employment-to-population ratio by sex and age (%),Female,"Age (Youth, adults): 25+",2022,81.539,Observed
Nigeria,Employment-to-population ratio by sex and age (%),Total,Age (Aggregate bands): 15+,2022,78.158,Observed
Nigeria,Employment-to-population ratio by sex and age (%),Total,Age (Aggregate bands): 15-24,2022,60.287,Observed
Nigeria,Employment-to-population ratio by sex and age (%),Total,Age (Aggregate bands): 25-54,2022,89.225,Observed
Nigeria,Employment-to-population ratio by sex and age (%),Total,Age (Aggregate bands): 55-64,2022,91.136,Observed
Nigeria,Employment-to-population ratio by sex and age (%),Total,Age (Aggregate bands): 65+,2022,67.447,Observed
Nigeria,Employment-to-population ratio by sex and age (%),Male,Age (Aggregate bands): 15+,2022,83.58,Observed
Nigeria,Employment-to-population ratio by sex and age (%),Male,Age (Aggregate bands): 15-24,2022,65.062,Observed
Nigeria,Employment-to-population ratio by sex and age (%),Male,Age (Aggregate bands): 25-54,2022,95.419,Observed
Nigeria,Employment-to-population ratio by sex and age (%),Male,Age (Aggregate bands): 55-64,2022,96.319,Observed
Nigeria,Employment-to-population ratio by sex and age (%),Male,Age (Aggregate bands): 65+,2022,76.196,Observed
Nigeria,Employment-to-population ratio by sex and age (%),Female,Age (Aggregate bands): 15+,2022,72.934,Observed
Nigeria,Employment-to-population ratio by sex and age (%),Female,Age (Aggregate bands): 15-24,2022,55.492,Observed
Nigeria,Employment-to-population ratio by sex and age (%),Female,Age (Aggregate bands): 25-54,2022,83.815,Observed
Nigeria,Employment-to-population ratio by sex and age (%),Female,Age (Aggregate bands): 55-64,2022,84.607,Observed
Nigeria,Employment-to-population ratio by sex and age (%),Female,Age (Aggregate bands): 65+,2022,56.273,Observed
Nigeria,Employment-to-population ratio by sex and age (%),Total,Age (10-year bands): 15+,2022,78.158,Observed
Nigeria,Employment-to-population ratio by sex and age (%),Total,Age (10-year bands): 15-24,2022,60.287,Observed
Nigeria,Employment-to-population ratio by sex and age (%),Total,Age (10-year bands): 25-34,2022,84.968,Observed
Nigeria,Employment-to-population ratio by sex and age (%),Total,Age (10-year bands): 35-44,2022,92.042,Observed
Nigeria,Employment-to-population ratio by sex and age (%),Total,Age (10-year bands): 45-54,2022,92.938,Observed
Nigeria,Employment-to-population ratio by sex and age (%),Total,Age (10-year bands): 55-64,2022,91.136,Observed
Nigeria,Employment-to-population ratio by sex and age (%),Total,Age (10-year bands): 65+,2022,67.447,Observed
Nigeria,Employment-to-population ratio by sex and age (%),Male,Age (10-year bands): 15+,2022,83.58,Observed
Nigeria,Employment-to-population ratio by sex and age (%),Male,Age (10-year bands): 15-24,2022,65.062,Observed
Nigeria,Employment-to-population ratio by sex and age (%),Male,Age (10-year bands): 25-34,2022,91.926,Observed
Nigeria,Employment-to-population ratio by sex and age (%),Male,Age (10-year bands): 35-44,2022,97.529,Observed
Nigeria,Employment-to-population ratio by sex and age (%),Male,Age (10-year bands): 45-54,2022,97.861,Observed
Nigeria,Employment-to-population ratio by sex and age (%),Male,Age (10-year bands): 55-64,2022,96.319,Observed
Nigeria,Employment-to-population ratio by sex and age (%),Male,Age (10-year bands): 65+,2022,76.196,Observed
Nigeria,Employment-to-population ratio by sex and age (%),Female,Age (10-year bands): 15+,2022,72.934,Observed
Nigeria,Employment-to-population ratio by sex and age (%),Female,Age (10-year bands): 15-24,2022,55.492,Observed
Nigeria,Employment-to-population ratio by sex and age (%),Female,Age (10-year bands): 25-34,2022,79.787,Observed
Nigeria,Employment-to-population ratio by sex and age (%),Female,Age (10-year bands): 35-44,2022,86.661,Observed
Nigeria,Employment-to-population ratio by sex and age (%),Female,Age (10-year bands): 45-54,2022,88.083,Observed
Nigeria,Employment-to-population ratio by sex and age (%),Female,Age (10-year bands): 55-64,2022,84.607,Observed
Nigeria,Employment-to-population ratio by sex and age (%),Female,Age (10-year bands): 65+,2022,56.273,Observed
Nigeria,Employment-to-population ratio by sex and age (%),Total,Age (5-year bands): 15+,2022,78.158,Observed
Nigeria,Employment-to-population ratio by sex and age (%),Total,Age (5-year bands): 15-19,2022,52.326,Observed
Nigeria,Employment-to-population ratio by sex and age (%),Total,Age (5-year bands): 20-24,2022,70.931,Observed
Nigeria,Employment-to-population ratio by sex and age (%),Total,Age (5-year bands): 25-29,2022,81.697,Observed
Nigeria,Employment-to-population ratio by sex and age (%),Total,Age (5-year bands): 30-34,2022,88.878,Observed
Nigeria,Employment-to-population ratio by sex and age (%),Total,Age (5-year bands): 35-39,2022,91.665,Observed
Nigeria,Employment-to-population ratio by sex and age (%),Total,Age (5-year bands): 40-44,2022,92.517,Observed
Nigeria,Employment-to-population ratio by sex and age (%),Total,Age (5-year bands): 45-49,2022,93.56,Observed
Nigeria,Employment-to-population ratio by sex and age (%),Total,Age (5-year bands): 50-54,2022,92.178,Observed
Nigeria,Employment-to-population ratio by sex and age (%),Total,Age (5-year bands): 55-59,2022,93.034,Observed
Nigeria,Employment-to-population ratio by sex and age (%),Total,Age (5-year bands): 60-64,2022,88.873,Observed
Nigeria,Employment-to-population ratio by sex and age (%),Total,Age (5-year bands): 65+,2022,67.447,Observed
Nigeria,Employment-to-population ratio by sex and age (%),Male,Age (5-year bands): 15+,2022,83.58,Observed
Nigeria,Employment-to-population ratio by sex and age (%),Male,Age (5-year bands): 15-19,2022,56.738,Observed
Nigeria,Employment-to-population ratio by sex and age (%),Male,Age (5-year bands): 20-24,2022,77.069,Observed
Nigeria,Employment-to-population ratio by sex and age (%),Male,Age (5-year bands): 25-29,2022,88.34,Observed
Nigeria,Employment-to-population ratio by sex and age (%),Male,Age (5-year bands): 30-34,2022,95.818,Observed
Nigeria,Employment-to-population ratio by sex and age (%),Male,Age (5-year bands): 35-39,2022,97.368,Observed
Nigeria,Employment-to-population ratio by sex and age (%),Male,Age (5-year bands): 40-44,2022,97.719,Observed
Nigeria,Employment-to-population ratio by sex and age (%),Male,Age (5-year bands): 45-49,2022,97.862,Observed
Nigeria,Employment-to-population ratio by sex and age (%),Male,Age (5-year bands): 50-54,2022,97.858,Observed
Nigeria,Employment-to-population ratio by sex and age (%),Male,Age (5-year bands): 55-59,2022,96.592,Observed
Nigeria,Employment-to-population ratio by sex and age (%),Male,Age (5-year bands): 60-64,2022,95.968,Observed
Nigeria,Employment-to-population ratio by sex and age (%),Male,Age (5-year bands): 65+,2022,76.196,Observed
Nigeria,Employment-to-population ratio by sex and age (%),Female,Age (5-year bands): 15+,2022,72.934,Observed
Nigeria,Employment-to-population ratio by sex and age (%),Female,Age (5-year bands): 15-19,2022,47.6,Observed
Nigeria,Employment-to-population ratio by sex and age (%),Female,Age (5-year bands): 20-24,2022,65.278,Observed
Nigeria,Employment-to-population ratio by sex and age (%),Female,Age (5-year bands): 25-29,2022,77.122,Observed
Nigeria,Employment-to-population ratio by sex and age (%),Female,Age (5-year bands): 30-34,2022,83.215,Observed
Nigeria,Employment-to-population ratio by sex and age (%),Female,Age (5-year bands): 35-39,2022,86.417,Observed
Nigeria,Employment-to-population ratio by sex and age (%),Female,Age (5-year bands): 40-44,2022,86.992,Observed
Nigeria,Employment-to-population ratio by sex and age (%),Female,Age (5-year bands): 45-49,2022,89.345,Observed
Nigeria,Employment-to-population ratio by sex and age (%),Female,Age (5-year bands): 50-54,2022,86.534,Observed
Nigeria,Employment-to-population ratio by sex and age (%),Female,Age (5-year bands): 55-59,2022,88.19,Observed
Nigeria,Employment-to-population ratio by sex and age (%),Female,Age (5-year bands): 60-64,2022,80.718,Observed
Nigeria,Employment-to-population ratio by sex and age (%),Female,Age (5-year bands): 65+,2022,56.273,Observed
Rwanda,Employment-to-population ratio by sex and age (%),Total,"Age (Youth, adults): 15+",2022,51.089,Observed
Rwanda,Employment-to-population ratio by sex and age (%),Total,"Age (Youth, adults): 15-64",2022,53.227,Observed
Rwanda,Employment-to-population ratio by sex and age (%),Total,"Age (Youth, adults): 15-24",2022,31.072,Observed
Rwanda,Employment-to-population ratio by sex and age (%),Total,"Age (Youth, adults): 25+",2022,61.394,Observed
Rwanda,Employment-to-population ratio by sex and age (%),Male,"Age (Youth, adults): 15+",2022,57.151,Observed
Rwanda,Employment-to-population ratio by sex and age (%),Male,"Age (Youth, adults): 15-64",2022,59.07,Observed
Rwanda,Employment-to-population ratio by sex and age (%),Male,"Age (Youth, adults): 15-24",2022,33.604,Observed
Rwanda,Employment-to-population ratio by sex and age (%),Male,"Age (Youth, adults): 25+",2022,70.28,Observed
Rwanda,Employment-to-population ratio by sex and age (%),Female,"Age (Youth, adults): 15+",2022,45.671,Observed
Rwanda,Employment-to-population ratio by sex and age (%),Female,"Age (Youth, adults): 15-64",2022,47.899,Observed
Rwanda,Employment-to-population ratio by sex and age (%),Female,"Age (Youth, adults): 15-24",2022,28.57,Observed
Rwanda,Employment-to-population ratio by sex and age (%),Female,"Age (Youth, adults): 25+",2022,53.855,Observed
Rwanda,Employment-to-population ratio by sex and age (%),Total,Age (Aggregate bands): 15+,2022,51.089,Observed
Rwanda,Employment-to-population ratio by sex and age (%),Total,Age (Aggregate bands): 15-24,2022,31.072,Observed
Rwanda,Employment-to-population ratio by sex and age (%),Total,Age (Aggregate bands): 25-54,2022,68.216,Observed
Rwanda,Employment-to-population ratio by sex and age (%),Total,Age (Aggregate bands): 55-64,2022,52.584,Observed
Rwanda,Employment-to-population ratio by sex and age (%),Total,Age (Aggregate bands): 65+,2022,23.813,Observed
Rwanda,Employment-to-population ratio by sex and age (%),Male,Age (Aggregate bands): 15+,2022,57.151,Observed
Rwanda,Employment-to-population ratio by sex and age (%),Male,Age (Aggregate bands): 15-24,2022,33.604,Observed
Rwanda,Employment-to-population ratio by sex and age (%),Male,Age (Aggregate bands): 25-54,2022,77.046,Observed
Rwanda,Employment-to-population ratio by sex and age (%),Male,Age (Aggregate bands): 55-64,2022,60.989,Observed
Rwanda,Employment-to-population ratio by sex and age (%),Male,Age (Aggregate bands): 65+,2022,28.588,Observed
Rwanda,Employment-to-population ratio by sex and age (%),Female,Age (Aggregate bands): 15+,2022,45.671,Observed
Rwanda,Employment-to-population ratio by sex and age (%),Female,Age (Aggregate bands): 15-24,2022,28.57,Observed
Rwanda,Employment-to-population ratio by sex and age (%),Female,Age (Aggregate bands): 25-54,2022,60.536,Observed
Rwanda,Employment-to-population ratio by sex and age (%),Female,Age (Aggregate bands): 55-64,2022,45.269,Observed
Rwanda,Employment-to-population ratio by sex and age (%),Female,Age (Aggregate bands): 65+,2022,20.51,Observed
Rwanda,Employment-to-population ratio by sex and age (%),Total,Age (10-year bands): 15+,2022,51.089,Observed
Rwanda,Employment-to-population ratio by sex and age (%),Total,Age (10-year bands): 15-24,2022,31.072,Observed
Rwanda,Employment-to-population ratio by sex and age (%),Total,Age (10-year bands): 25-34,2022,66.232,Observed
Rwanda,Employment-to-population ratio by sex and age (%),Total,Age (10-year bands): 35-44,2022,71.256,Observed
Rwanda,Employment-to-population ratio by sex and age (%),Total,Age (10-year bands): 45-54,2022,66.944,Observed
Rwanda,Employment-to-population ratio by sex and age (%),Total,Age (10-year bands): 55-64,2022,52.584,Observed
Rwanda,Employment-to-population ratio by sex and age (%),Total,Age (10-year bands): 65+,2022,23.813,Observed
Rwanda,Employment-to-population ratio by sex and age (%),Male,Age (10-year bands): 15+,2022,57.151,Observed
Rwanda,Employment-to-population ratio by sex and age (%),Male,Age (10-year bands): 15-24,2022,33.604,Observed
Rwanda,Employment-to-population ratio by sex and age (%),Male,Age (10-year bands): 25-34,2022,75.576,Observed
Rwanda,Employment-to-population ratio by sex and age (%),Male,Age (10-year bands): 35-44,2022,80.335,Observed
Rwanda,Employment-to-population ratio by sex and age (%),Male,Age (10-year bands): 45-54,2022,74.247,Observed
Rwanda,Employment-to-population ratio by sex and age (%),Male,Age (10-year bands): 55-64,2022,60.989,Observed
Rwanda,Employment-to-population ratio by sex and age (%),Male,Age (10-year bands): 65+,2022,28.588,Observed
Rwanda,Employment-to-population ratio by sex and age (%),Female,Age (10-year bands): 15+,2022,45.671,Observed
Rwanda,Employment-to-population ratio by sex and age (%),Female,Age (10-year bands): 15-24,2022,28.57,Observed
Rwanda,Employment-to-population ratio by sex and age (%),Female,Age (10-year bands): 25-34,2022,57.748,Observed
Rwanda,Employment-to-population ratio by sex and age (%),Female,Age (10-year bands): 35-44,2022,63.277,Observed
Rwanda,Employment-to-population ratio by sex and age (%),Female,Age (10-year bands): 45-54,2022,61.199,Observed
Rwanda,Employment-to-population ratio by sex and age (%),Female,Age (10-year bands): 55-64,2022,45.269,Observed
Rwanda,Employment-to-population ratio by sex and age (%),Female,Age (10-year bands): 65+,2022,20.51,Observed
Rwanda,Employment-to-population ratio by sex and age (%),Total,Age (5-year bands): 15+,2022,51.089,Observed
Rwanda,Employment-to-population ratio by sex and age (%),Total,Age (5-year bands): 15-19,2022,19.917,Observed
Rwanda,Employment-to-population ratio by sex and age (%),Total,Age (5-year bands): 20-24,2022,47.081,Observed
Rwanda,Employment-to-population ratio by sex and age (%),Total,Age (5-year bands): 25-29,2022,63.054,Observed
Rwanda,Employment-to-population ratio by sex and age (%),Total,Age (5-year bands): 30-34,2022,69.545,Observed
Rwanda,Employment-to-population ratio by sex and age (%),Total,Age (5-year bands): 35-39,2022,72.054,Observed
Rwanda,Employment-to-population ratio by sex and age (%),Total,Age (5-year bands): 40-44,2022,70.33,Observed
Rwanda,Employment-to-population ratio by sex and age (%),Total,Age (5-year bands): 45-49,2022,69.791,Observed
Rwanda,Employment-to-population ratio by sex and age (%),Total,Age (5-year bands): 50-54,2022,63.619,Observed
Rwanda,Employment-to-population ratio by sex and age (%),Total,Age (5-year bands): 55-59,2022,56.77,Observed
Rwanda,Employment-to-population ratio by sex and age (%),Total,Age (5-year bands): 60-64,2022,48.282,Observed
Rwanda,Employment-to-population ratio by sex and age (%),Total,Age (5-year bands): 65+,2022,23.813,Observed
Rwanda,Employment-to-population ratio by sex and age (%),Male,Age (5-year bands): 15+,2022,57.151,Observed
Rwanda,Employment-to-population ratio by sex and age (%),Male,Age (5-year bands): 15-19,2022,21.146,Observed
Rwanda,Employment-to-population ratio by sex and age (%),Male,Age (5-year bands): 20-24,2022,51.204,Observed
Rwanda,Employment-to-population ratio by sex and age (%),Male,Age (5-year bands): 25-29,2022,71.252,Observed
Rwanda,Employment-to-population ratio by sex and age (%),Male,Age (5-year bands): 30-34,2022,79.807,Observed
Rwanda,Employment-to-population ratio by sex and age (%),Male,Age (5-year bands): 35-39,2022,80.787,Observed
Rwanda,Employment-to-population ratio by sex and age (%),Male,Age (5-year bands): 40-44,2022,79.799,Observed
Rwanda,Employment-to-population ratio by sex and age (%),Male,Age (5-year bands): 45-49,2022,76.848,Observed
Rwanda,Employment-to-population ratio by sex and age (%),Male,Age (5-year bands): 50-54,2022,71.196,Observed
Rwanda,Employment-to-population ratio by sex and age (%),Male,Age (5-year bands): 55-59,2022,66.669,Observed
Rwanda,Employment-to-population ratio by sex and age (%),Male,Age (5-year bands): 60-64,2022,54.824,Observed
Rwanda,Employment-to-population ratio by sex and age (%),Male,Age (5-year bands): 65+,2022,28.588,Observed
Rwanda,Employment-to-population ratio by sex and age (%),Female,Age (5-year bands): 15+,2022,45.671,Observed
Rwanda,Employment-to-population ratio by sex and age (%),Female,Age (5-year bands): 15-19,2022,18.717,Observed
Rwanda,Employment-to-population ratio by sex and age (%),Female,Age (5-year bands): 20-24,2022,42.929,Observed
Rwanda,Employment-to-population ratio by sex and age (%),Female,Age (5-year bands): 25-29,2022,56.04,Observed
Rwanda,Employment-to-population ratio by sex and age (%),Female,Age (5-year bands): 30-34,2022,59.633,Observed
Rwanda,Employment-to-population ratio by sex and age (%),Female,Age (5-year bands): 35-39,2022,64.225,Observed
Rwanda,Employment-to-population ratio by sex and age (%),Female,Age (5-year bands): 40-44,2022,62.2,Observed
Rwanda,Employment-to-population ratio by sex and age (%),Female,Age (5-year bands): 45-49,2022,64.218,Observed
Rwanda,Employment-to-population ratio by sex and age (%),Female,Age (5-year bands): 50-54,2022,57.685,Observed
Rwanda,Employment-to-population ratio by sex and age (%),Female,Age (5-year bands): 55-59,2022,47.712,Observed
Rwanda,Employment-to-population ratio by sex and age (%),Female,Age (5-year bands): 60-64,2022,42.874,Observed
Rwanda,Employment-to-population ratio by sex and age (%),Female,Age (5-year bands): 65+,2022,20.51,Observed
Senegal,Employment-to-population ratio by sex and age (%),Total,"Age (Youth, adults): 15+",2022,43.838,Observed
Senegal,Employment-to-population ratio by sex and age (%),Total,"Age (Youth, adults): 15-64",2022,45.147,Observed
Senegal,Employment-to-population ratio by sex and age (%),Total,"Age (Youth, adults): 15-24",2022,24.916,Observed
Senegal,Employment-to-population ratio by sex and age (%),Total,"Age (Youth, adults): 25+",2022,53.134,Observed
Senegal,Employment-to-population ratio by sex and age (%),Male,"Age (Youth, adults): 15+",2022,58.066,Observed
Senegal,Employment-to-population ratio by sex and age (%),Male,"Age (Youth, adults): 15-64",2022,59.712,Observed
Senegal,Employment-to-population ratio by sex and age (%),Male,"Age (Youth, adults): 15-24",2022,35.381,Observed
Senegal,Employment-to-population ratio by sex and age (%),Male,"Age (Youth, adults): 25+",2022,69.911,Observed
Senegal,Employment-to-population ratio by sex and age (%),Female,"Age (Youth, adults): 15+",2022,30.149,Observed
Senegal,Employment-to-population ratio by sex and age (%),Female,"Age (Youth, adults): 15-64",2022,31.088,Observed
Senegal,Employment-to-population ratio by sex and age (%),Female,"Age (Youth, adults): 15-24",2022,13.996,Observed
Senegal,Employment-to-population ratio by sex and age (%),Female,"Age (Youth, adults): 25+",2022,37.622,Observed
Senegal,Employment-to-population ratio by sex and age (%),Total,Age (Aggregate bands): 15+,2022,43.838,Observed
Senegal,Employment-to-population ratio by sex and age (%),Total,Age (Aggregate bands): 15-24,2022,24.916,Observed
Senegal,Employment-to-population ratio by sex and age (%),Total,Age (Aggregate bands): 25-54,2022,56.379,Observed
Senegal,Employment-to-population ratio by sex and age (%),Total,Age (Aggregate bands): 55-64,2022,54.121,Observed
Senegal,Employment-to-population ratio by sex and age (%),Total,Age (Aggregate bands): 65+,2022,24.2,Observed
Senegal,Employment-to-population ratio by sex and age (%),Male,Age (Aggregate bands): 15+,2022,58.066,Observed
Senegal,Employment-to-population ratio by sex and age (%),Male,Age (Aggregate bands): 15-24,2022,35.381,Observed
Senegal,Employment-to-population ratio by sex and age (%),Male,Age (Aggregate bands): 25-54,2022,74.301,Observed
Senegal,Employment-to-population ratio by sex and age (%),Male,Age (Aggregate bands): 55-64,2022,69.415,Observed
Senegal,Employment-to-population ratio by sex and age (%),Male,Age (Aggregate bands): 65+,2022,32.702,Observed
Senegal,Employment-to-population ratio by sex and age (%),Female,Age (Aggregate bands): 15+,2022,30.149,Observed
Senegal,Employment-to-population ratio by sex and age (%),Female,Age (Aggregate bands): 15-24,2022,13.996,Observed
Senegal,Employment-to-population ratio by sex and age (%),Female,Age (Aggregate bands): 25-54,2022,39.731,Observed
Senegal,Employment-to-population ratio by sex and age (%),Female,Age (Aggregate bands): 55-64,2022,40.38,Observed
Senegal,Employment-to-population ratio by sex and age (%),Female,Age (Aggregate bands): 65+,2022,16.394,Observed
Senegal,Employment-to-population ratio by sex and age (%),Total,Age (10-year bands): 15+,2022,43.838,Observed
Senegal,Employment-to-population ratio by sex and age (%),Total,Age (10-year bands): 15-24,2022,24.916,Observed
Senegal,Employment-to-population ratio by sex and age (%),Total,Age (10-year bands): 25-34,2022,49.771,Observed
Senegal,Employment-to-population ratio by sex and age (%),Total,Age (10-year bands): 35-44,2022,61.342,Observed
Senegal,Employment-to-population ratio by sex and age (%),Total,Age (10-year bands): 45-54,2022,63.211,Observed
Senegal,Employment-to-population ratio by sex and age (%),Total,Age (10-year bands): 55-64,2022,54.121,Observed
Senegal,Employment-to-population ratio by sex and age (%),Total,Age (10-year bands): 65+,2022,24.2,Observed
Senegal,Employment-to-population ratio by sex and age (%),Male,Age (10-year bands): 15+,2022,58.066,Observed
Senegal,Employment-to-population ratio by sex and age (%),Male,Age (10-year bands): 15-24,2022,35.381,Observed
Senegal,Employment-to-population ratio by sex and age (%),Male,Age (10-year bands): 25-34,2022,67.725,Observed
Senegal,Employment-to-population ratio by sex and age (%),Male,Age (10-year bands): 35-44,2022,80.385,Observed
Senegal,Employment-to-population ratio by sex and age (%),Male,Age (10-year bands): 45-54,2022,79.715,Observed
Senegal,Employment-to-population ratio by sex and age (%),Male,Age (10-year bands): 55-64,2022,69.415,Observed
Senegal,Employment-to-population ratio by sex and age (%),Male,Age (10-year bands): 65+,2022,32.702,Observed
Senegal,Employment-to-population ratio by sex and age (%),Female,Age (10-year bands): 15+,2022,30.149,Observed
Senegal,Employment-to-population ratio by sex and age (%),Female,Age (10-year bands): 15-24,2022,13.996,Observed
Senegal,Employment-to-population ratio by sex and age (%),Female,Age (10-year bands): 25-34,2022,32.631,Observed
Senegal,Employment-to-population ratio by sex and age (%),Female,Age (10-year bands): 35-44,2022,43.901,Observed
Senegal,Employment-to-population ratio by sex and age (%),Female,Age (10-year bands): 45-54,2022,48.451,Observed
Senegal,Employment-to-population ratio by sex and age (%),Female,Age (10-year bands): 55-64,2022,40.38,Observed
Senegal,Employment-to-population ratio by sex and age (%),Female,Age (10-year bands): 65+,2022,16.394,Observed
Senegal,Employment-to-population ratio by sex and age (%),Total,Age (5-year bands): 15+,2022,43.838,Observed
Senegal,Employment-to-population ratio by sex and age (%),Total,Age (5-year bands): 15-19,2022,18.2,Observed
Senegal,Employment-to-population ratio by sex and age (%),Total,Age (5-year bands): 20-24,2022,32.614,Observed
Senegal,Employment-to-population ratio by sex and age (%),Total,Age (5-year bands): 25-29,2022,46.016,Observed
Senegal,Employment-to-population ratio by sex and age (%),Total,Age (5-year bands): 30-34,2022,54.152,Observed
Senegal,Employment-to-population ratio by sex and age (%),Total,Age (5-year bands): 35-39,2022,60.312,Observed
Senegal,Employment-to-population ratio by sex and age (%),Total,Age (5-year bands): 40-44,2022,62.609,Observed
Senegal,Employment-to-population ratio by sex and age (%),Total,Age (5-year bands): 45-49,2022,64.033,Observed
Senegal,Employment-to-population ratio by sex and age (%),Total,Age (5-year bands): 50-54,2022,62.154,Observed
Senegal,Employment-to-population ratio by sex and age (%),Total,Age (5-year bands): 55-59,2022,59.82,Observed
Senegal,Employment-to-population ratio by sex and age (%),Total,Age (5-year bands): 60-64,2022,47.189,Observed
Senegal,Employment-to-population ratio by sex and age (%),Total,Age (5-year bands): 65+,2022,24.2,Observed
Senegal,Employment-to-population ratio by sex and age (%),Male,Age (5-year bands): 15+,2022,58.066,Observed
Senegal,Employment-to-population ratio by sex and age (%),Male,Age (5-year bands): 15-19,2022,26.003,Observed
Senegal,Employment-to-population ratio by sex and age (%),Male,Age (5-year bands): 20-24,2022,46.208,Observed
Senegal,Employment-to-population ratio by sex and age (%),Male,Age (5-year bands): 25-29,2022,62.859,Observed
Senegal,Employment-to-population ratio by sex and age (%),Male,Age (5-year bands): 30-34,2022,73.624,Observed
Senegal,Employment-to-population ratio by sex and age (%),Male,Age (5-year bands): 35-39,2022,79.217,Observed
Senegal,Employment-to-population ratio by sex and age (%),Male,Age (5-year bands): 40-44,2022,81.808,Observed
Senegal,Employment-to-population ratio by sex and age (%),Male,Age (5-year bands): 45-49,2022,80.973,Observed
Senegal,Employment-to-population ratio by sex and age (%),Male,Age (5-year bands): 50-54,2022,78.066,Observed
Senegal,Employment-to-population ratio by sex and age (%),Male,Age (5-year bands): 55-59,2022,75.837,Observed
Senegal,Employment-to-population ratio by sex and age (%),Male,Age (5-year bands): 60-64,2022,61.764,Observed
Senegal,Employment-to-population ratio by sex and age (%),Male,Age (5-year bands): 65+,2022,32.702,Observed
Senegal,Employment-to-population ratio by sex and age (%),Female,Age (5-year bands): 15+,2022,30.149,Observed
Senegal,Employment-to-population ratio by sex and age (%),Female,Age (5-year bands): 15-19,2022,10.003,Observed
Senegal,Employment-to-population ratio by sex and age (%),Female,Age (5-year bands): 20-24,2022,18.54,Observed
Senegal,Employment-to-population ratio by sex and age (%),Female,Age (5-year bands): 25-29,2022,29.374,Observed
Senegal,Employment-to-population ratio by sex and age (%),Female,Age (5-year bands): 30-34,2022,36.297,Observed
Senegal,Employment-to-population ratio by sex and age (%),Female,Age (5-year bands): 35-39,2022,43.139,Observed
Senegal,Employment-to-population ratio by sex and age (%),Female,Age (5-year bands): 40-44,2022,44.846,Observed
Senegal,Employment-to-population ratio by sex and age (%),Female,Age (5-year bands): 45-49,2022,48.63,Observed
Senegal,Employment-to-population ratio by sex and age (%),Female,Age (5-year bands): 50-54,2022,48.226,Observed
Senegal,Employment-to-population ratio by sex and age (%),Female,Age (5-year bands): 55-59,2022,45.682,Observed
Senegal,Employment-to-population ratio by sex and age (%),Female,Age (5-year bands): 60-64,2022,33.809,Observed
Senegal,Employment-to-population ratio by sex and age (%),Female,Age (5-year bands): 65+,2022,16.394,Observed
Somalia,Employment-to-population ratio by sex and age (%),Total,"Age (Youth, adults): 15+",2022,27.98,Observed
Somalia,Employment-to-population ratio by sex and age (%),Total,"Age (Youth, adults): 15-64",2022,27.98,Observed
Somalia,Employment-to-population ratio by sex and age (%),Total,"Age (Youth, adults): 15-24",2022,12.536,Observed
Somalia,Employment-to-population ratio by sex and age (%),Total,"Age (Youth, adults): 25+",2022,39.124,Observed
Somalia,Employment-to-population ratio by sex and age (%),Male,"Age (Youth, adults): 15+",2022,40.486,Observed
Somalia,Employment-to-population ratio by sex and age (%),Male,"Age (Youth, adults): 15-64",2022,40.486,Observed
Somalia,Employment-to-population ratio by sex and age (%),Male,"Age (Youth, adults): 15-24",2022,16.376,Observed
Somalia,Employment-to-population ratio by sex and age (%),Male,"Age (Youth, adults): 25+",2022,57.54,Observed
Somalia,Employment-to-population ratio by sex and age (%),Female,"Age (Youth, adults): 15+",2022,17.398,Observed
Somalia,Employment-to-population ratio by sex and age (%),Female,"Age (Youth, adults): 15-64",2022,17.398,Observed
Somalia,Employment-to-population ratio by sex and age (%),Female,"Age (Youth, adults): 15-24",2022,9.356,Observed
Somalia,Employment-to-population ratio by sex and age (%),Female,"Age (Youth, adults): 25+",2022,23.299,Observed
Somalia,Employment-to-population ratio by sex and age (%),Total,Age (Aggregate bands): 15+,2022,27.98,Observed
Somalia,Employment-to-population ratio by sex and age (%),Total,Age (Aggregate bands): 15-24,2022,12.536,Observed
Somalia,Employment-to-population ratio by sex and age (%),Total,Age (Aggregate bands): 25-54,2022,39.708,Observed
Somalia,Employment-to-population ratio by sex and age (%),Total,Age (Aggregate bands): 55-64,2022,33.951,Observed
Somalia,Employment-to-population ratio by sex and age (%),Male,Age (Aggregate bands): 15+,2022,40.486,Observed
Somalia,Employment-to-population ratio by sex and age (%),Male,Age (Aggregate bands): 15-24,2022,16.376,Observed
Somalia,Employment-to-population ratio by sex and age (%),Male,Age (Aggregate bands): 25-54,2022,58.831,Observed
Somalia,Employment-to-population ratio by sex and age (%),Male,Age (Aggregate bands): 55-64,2022,47.53,Observed
Somalia,Employment-to-population ratio by sex and age (%),Female,Age (Aggregate bands): 15+,2022,17.398,Observed
Somalia,Employment-to-population ratio by sex and age (%),Female,Age (Aggregate bands): 15-24,2022,9.356,Observed
Somalia,Employment-to-population ratio by sex and age (%),Female,Age (Aggregate bands): 25-54,2022,23.705,Observed
Somalia,Employment-to-population ratio by sex and age (%),Female,Age (Aggregate bands): 55-64,2022,19.213,Observed
Somalia,Employment-to-population ratio by sex and age (%),Total,Age (10-year bands): 15+,2022,27.98,Observed
Somalia,Employment-to-population ratio by sex and age (%),Total,Age (10-year bands): 15-24,2022,12.536,Observed
Somalia,Employment-to-population ratio by sex and age (%),Total,Age (10-year bands): 25-34,2022,34.841,Observed
Somalia,Employment-to-population ratio by sex and age (%),Total,Age (10-year bands): 35-44,2022,43.9,Observed
Somalia,Employment-to-population ratio by sex and age (%),Total,Age (10-year bands): 45-54,2022,43.99,Observed
Somalia,Employment-to-population ratio by sex and age (%),Total,Age (10-year bands): 55-64,2022,33.951,Observed
Somalia,Employment-to-population ratio by sex and age (%),Male,Age (10-year bands): 15+,2022,40.486,Observed
Somalia,Employment-to-population ratio by sex and age (%),Male,Age (10-year bands): 15-24,2022,16.376,Observed
Somalia,Employment-to-population ratio by sex and age (%),Male,Age (10-year bands): 25-34,2022,56.817,Observed
Somalia,Employment-to-population ratio by sex and age (%),Male,Age (10-year bands): 35-44,2022,62.474,Observed
Somalia,Employment-to-population ratio by sex and age (%),Male,Age (10-year bands): 45-54,2022,56.798,Observed
Somalia,Employment-to-population ratio by sex and age (%),Male,Age (10-year bands): 55-64,2022,47.53,Observed
Somalia,Employment-to-population ratio by sex and age (%),Female,Age (10-year bands): 15+,2022,17.398,Observed
Somalia,Employment-to-population ratio by sex and age (%),Female,Age (10-year bands): 15-24,2022,9.356,Observed
Somalia,Employment-to-population ratio by sex and age (%),Female,Age (10-year bands): 25-34,2022,18.708,Observed
Somalia,Employment-to-population ratio by sex and age (%),Female,Age (10-year bands): 35-44,2022,27.451,Observed
Somalia,Employment-to-population ratio by sex and age (%),Female,Age (10-year bands): 45-54,2022,30.715,Observed
Somalia,Employment-to-population ratio by sex and age (%),Female,Age (10-year bands): 55-64,2022,19.213,Observed
Somalia,Employment-to-population ratio by sex and age (%),Total,Age (5-year bands): 15+,2022,27.98,Observed
Somalia,Employment-to-population ratio by sex and age (%),Total,Age (5-year bands): 15-19,2022,8.61,Observed
Somalia,Employment-to-population ratio by sex and age (%),Total,Age (5-year bands): 20-24,2022,18.378,Observed
Somalia,Employment-to-population ratio by sex and age (%),Total,Age (5-year bands): 25-29,2022,29.236,Observed
Somalia,Employment-to-population ratio by sex and age (%),Total,Age (5-year bands): 30-34,2022,40.934,Observed
Somalia,Employment-to-population ratio by sex and age (%),Total,Age (5-year bands): 35-39,2022,42.522,Observed
Somalia,Employment-to-population ratio by sex and age (%),Total,Age (5-year bands): 40-44,2022,45.534,Observed
Somalia,Employment-to-population ratio by sex and age (%),Total,Age (5-year bands): 45-49,2022,44.796,Observed
Somalia,Employment-to-population ratio by sex and age (%),Total,Age (5-year bands): 50-54,2022,43.245,Observed
Somalia,Employment-to-population ratio by sex and age (%),Total,Age (5-year bands): 55-59,2022,39.236,Observed
Somalia,Employment-to-population ratio by sex and age (%),Total,Age (5-year bands): 60-64,2022,29.993,Observed
Somalia,Employment-to-population ratio by sex and age (%),Male,Age (5-year bands): 15+,2022,40.486,Observed
Somalia,Employment-to-population ratio by sex and age (%),Male,Age (5-year bands): 15-19,2022,10.776,Observed
Somalia,Employment-to-population ratio by sex and age (%),Male,Age (5-year bands): 20-24,2022,25.598,Observed
Somalia,Employment-to-population ratio by sex and age (%),Male,Age (5-year bands): 25-29,2022,49.043,Observed
Somalia,Employment-to-population ratio by sex and age (%),Male,Age (5-year bands): 30-34,2022,64.602,Observed
Somalia,Employment-to-population ratio by sex and age (%),Male,Age (5-year bands): 35-39,2022,65.057,Observed
Somalia,Employment-to-population ratio by sex and age (%),Male,Age (5-year bands): 40-44,2022,59.889,Observed
Somalia,Employment-to-population ratio by sex and age (%),Male,Age (5-year bands): 45-49,2022,59.051,Observed
Somalia,Employment-to-population ratio by sex and age (%),Male,Age (5-year bands): 50-54,2022,54.962,Observed
Somalia,Employment-to-population ratio by sex and age (%),Male,Age (5-year bands): 55-59,2022,51.69,Observed
Somalia,Employment-to-population ratio by sex and age (%),Male,Age (5-year bands): 60-64,2022,43.779,Observed
Somalia,Employment-to-population ratio by sex and age (%),Female,Age (5-year bands): 15+,2022,17.398,Observed
Somalia,Employment-to-population ratio by sex and age (%),Female,Age (5-year bands): 15-19,2022,6.679,Observed
Somalia,Employment-to-population ratio by sex and age (%),Female,Age (5-year bands): 20-24,2022,13.023,Observed
Somalia,Employment-to-population ratio by sex and age (%),Female,Age (5-year bands): 25-29,2022,15.66,Observed
Somalia,Employment-to-population ratio by sex and age (%),Female,Age (5-year bands): 30-34,2022,22.227,Observed
Somalia,Employment-to-population ratio by sex and age (%),Female,Age (5-year bands): 35-39,2022,25.318,Observed
Somalia,Employment-to-population ratio by sex and age (%),Female,Age (5-year bands): 40-44,2022,30.397,Observed
Somalia,Employment-to-population ratio by sex and age (%),Female,Age (5-year bands): 45-49,2022,31.848,Observed
Somalia,Employment-to-population ratio by sex and age (%),Female,Age (5-year bands): 50-54,2022,29.524,Observed
Somalia,Employment-to-population ratio by sex and age (%),Female,Age (5-year bands): 55-59,2022,22.297,Observed
Somalia,Employment-to-population ratio by sex and age (%),Female,Age (5-year bands): 60-64,2022,17.336,Observed
Chad,Employment-to-population ratio by sex and age (%),Total,"Age (Youth, adults): 15+",2022,51.141,Observed
Chad,Employment-to-population ratio by sex and age (%),Total,"Age (Youth, adults): 15-64",2022,51.088,Observed
Chad,Employment-to-population ratio by sex and age (%),Total,"Age (Youth, adults): 15-24",2022,23.71,Observed
Chad,Employment-to-population ratio by sex and age (%),Total,"Age (Youth, adults): 25+",2022,64.873,Observed
Chad,Employment-to-population ratio by sex and age (%),Male,"Age (Youth, adults): 15+",2022,63.112,Observed
Chad,Employment-to-population ratio by sex and age (%),Male,"Age (Youth, adults): 15-64",2022,62.82,Observed
Chad,Employment-to-population ratio by sex and age (%),Male,"Age (Youth, adults): 15-24",2022,25.44,Observed
Chad,Employment-to-population ratio by sex and age (%),Male,"Age (Youth, adults): 25+",2022,83.821,Observed
Chad,Employment-to-population ratio by sex and age (%),Female,"Age (Youth, adults): 15+",2022,41.036,Observed
Chad,Employment-to-population ratio by sex and age (%),Female,"Age (Youth, adults): 15-64",2022,41.394,Observed
Chad,Employment-to-population ratio by sex and age (%),Female,"Age (Youth, adults): 15-24",2022,22.07,Observed
Chad,Employment-to-population ratio by sex and age (%),Female,"Age (Youth, adults): 25+",2022,49.788,Observed
Chad,Employment-to-population ratio by sex and age (%),Total,Age (Aggregate bands): 15+,2022,51.141,Observed
Chad,Employment-to-population ratio by sex and age (%),Total,Age (Aggregate bands): 15-24,2022,23.71,Observed
Chad,Employment-to-population ratio by sex and age (%),Total,Age (Aggregate bands): 25-54,2022,65.515,Observed
Chad,Employment-to-population ratio by sex and age (%),Total,Age (Aggregate bands): 55-64,2022,71.606,Observed
Chad,Employment-to-population ratio by sex and age (%),Total,Age (Aggregate bands): 65+,2022,51.931,Observed
Chad,Employment-to-population ratio by sex and age (%),Male,Age (Aggregate bands): 15+,2022,63.112,Observed
Chad,Employment-to-population ratio by sex and age (%),Male,Age (Aggregate bands): 15-24,2022,25.44,Observed
Chad,Employment-to-population ratio by sex and age (%),Male,Age (Aggregate bands): 25-54,2022,85.752,Observed
Chad,Employment-to-population ratio by sex and age (%),Male,Age (Aggregate bands): 55-64,2022,87.75,Observed
Chad,Employment-to-population ratio by sex and age (%),Male,Age (Aggregate bands): 65+,2022,66.744,Observed
Chad,Employment-to-population ratio by sex and age (%),Female,Age (Aggregate bands): 15+,2022,41.036,Observed
Chad,Employment-to-population ratio by sex and age (%),Female,Age (Aggregate bands): 15-24,2022,22.07,Observed
Chad,Employment-to-population ratio by sex and age (%),Female,Age (Aggregate bands): 25-54,2022,50.844,Observed
Chad,Employment-to-population ratio by sex and age (%),Female,Age (Aggregate bands): 55-64,2022,53.243,Observed
Chad,Employment-to-population ratio by sex and age (%),Female,Age (Aggregate bands): 65+,2022,34.797,Observed
Chad,Employment-to-population ratio by sex and age (%),Total,Age (10-year bands): 15+,2022,51.141,Observed
Chad,Employment-to-population ratio by sex and age (%),Total,Age (10-year bands): 15-24,2022,23.71,Observed
Chad,Employment-to-population ratio by sex and age (%),Total,Age (10-year bands): 25-34,2022,57.376,Observed
Chad,Employment-to-population ratio by sex and age (%),Total,Age (10-year bands): 35-44,2022,70.016,Observed
Chad,Employment-to-population ratio by sex and age (%),Total,Age (10-year bands): 45-54,2022,73.56,Observed
Chad,Employment-to-population ratio by sex and age (%),Total,Age (10-year bands): 55-64,2022,71.606,Observed
Chad,Employment-to-population ratio by sex and age (%),Total,Age (10-year bands): 65+,2022,51.931,Observed
Chad,Employment-to-population ratio by sex and age (%),Male,Age (10-year bands): 15+,2022,63.112,Observed
Chad,Employment-to-population ratio by sex and age (%),Male,Age (10-year bands): 15-24,2022,25.44,Observed
Chad,Employment-to-population ratio by sex and age (%),Male,Age (10-year bands): 25-34,2022,77.476,Observed
Chad,Employment-to-population ratio by sex and age (%),Male,Age (10-year bands): 35-44,2022,91.018,Observed
Chad,Employment-to-population ratio by sex and age (%),Male,Age (10-year bands): 45-54,2022,89.58,Observed
Chad,Employment-to-population ratio by sex and age (%),Male,Age (10-year bands): 55-64,2022,87.75,Observed
Chad,Employment-to-population ratio by sex and age (%),Male,Age (10-year bands): 65+,2022,66.744,Observed
Chad,Employment-to-population ratio by sex and age (%),Female,Age (10-year bands): 15+,2022,41.036,Observed
Chad,Employment-to-population ratio by sex and age (%),Female,Age (10-year bands): 15-24,2022,22.07,Observed
Chad,Employment-to-population ratio by sex and age (%),Female,Age (10-year bands): 25-34,2022,45.963,Observed
Chad,Employment-to-population ratio by sex and age (%),Female,Age (10-year bands): 35-44,2022,53.292,Observed
Chad,Employment-to-population ratio by sex and age (%),Female,Age (10-year bands): 45-54,2022,58.028,Observed
Chad,Employment-to-population ratio by sex and age (%),Female,Age (10-year bands): 55-64,2022,53.243,Observed
Chad,Employment-to-population ratio by sex and age (%),Female,Age (10-year bands): 65+,2022,34.797,Observed
Chad,Employment-to-population ratio by sex and age (%),Total,Age (5-year bands): 15+,2022,51.141,Observed
Chad,Employment-to-population ratio by sex and age (%),Total,Age (5-year bands): 15-19,2022,18.608,Observed
Chad,Employment-to-population ratio by sex and age (%),Total,Age (5-year bands): 20-24,2022,31.211,Observed
Chad,Employment-to-population ratio by sex and age (%),Total,Age (5-year bands): 25-29,2022,54.04,Observed
Chad,Employment-to-population ratio by sex and age (%),Total,Age (5-year bands): 30-34,2022,60.945,Observed
Chad,Employment-to-population ratio by sex and age (%),Total,Age (5-year bands): 35-39,2022,68.269,Observed
Chad,Employment-to-population ratio by sex and age (%),Total,Age (5-year bands): 40-44,2022,71.924,Observed
Chad,Employment-to-population ratio by sex and age (%),Total,Age (5-year bands): 45-49,2022,73.65,Observed
Chad,Employment-to-population ratio by sex and age (%),Total,Age (5-year bands): 50-54,2022,73.453,Observed
Chad,Employment-to-population ratio by sex and age (%),Total,Age (5-year bands): 55-59,2022,70.159,Observed
Chad,Employment-to-population ratio by sex and age (%),Total,Age (5-year bands): 60-64,2022,73.124,Observed
Chad,Employment-to-population ratio by sex and age (%),Total,Age (5-year bands): 65+,2022,51.931,Observed
Chad,Employment-to-population ratio by sex and age (%),Male,Age (5-year bands): 15+,2022,63.112,Observed
Chad,Employment-to-population ratio by sex and age (%),Male,Age (5-year bands): 15-19,2022,19.93,Observed
Chad,Employment-to-population ratio by sex and age (%),Male,Age (5-year bands): 20-24,2022,35.397,Observed
Chad,Employment-to-population ratio by sex and age (%),Male,Age (5-year bands): 25-29,2022,70.185,Observed
Chad,Employment-to-population ratio by sex and age (%),Male,Age (5-year bands): 30-34,2022,84.596,Observed
Chad,Employment-to-population ratio by sex and age (%),Male,Age (5-year bands): 35-39,2022,90.47,Observed
Chad,Employment-to-population ratio by sex and age (%),Male,Age (5-year bands): 40-44,2022,91.584,Observed
Chad,Employment-to-population ratio by sex and age (%),Male,Age (5-year bands): 45-49,2022,89.428,Observed
Chad,Employment-to-population ratio by sex and age (%),Male,Age (5-year bands): 50-54,2022,89.771,Observed
Chad,Employment-to-population ratio by sex and age (%),Male,Age (5-year bands): 55-59,2022,89.171,Observed
Chad,Employment-to-population ratio by sex and age (%),Male,Age (5-year bands): 60-64,2022,86.267,Observed
Chad,Employment-to-population ratio by sex and age (%),Male,Age (5-year bands): 65+,2022,66.744,Observed
Chad,Employment-to-population ratio by sex and age (%),Female,Age (5-year bands): 15+,2022,41.036,Observed
Chad,Employment-to-population ratio by sex and age (%),Female,Age (5-year bands): 15-19,2022,17.138,Observed
Chad,Employment-to-population ratio by sex and age (%),Female,Age (5-year bands): 20-24,2022,28.075,Observed
Chad,Employment-to-population ratio by sex and age (%),Female,Age (5-year bands): 25-29,2022,45.496,Observed
Chad,Employment-to-population ratio by sex and age (%),Female,Age (5-year bands): 30-34,2022,46.49,Observed
Chad,Employment-to-population ratio by sex and age (%),Female,Age (5-year bands): 35-39,2022,51.444,Observed
Chad,Employment-to-population ratio by sex and age (%),Female,Age (5-year bands): 40-44,2022,55.404,Observed
Chad,Employment-to-population ratio by sex and age (%),Female,Age (5-year bands): 45-49,2022,57.388,Observed
Chad,Employment-to-population ratio by sex and age (%),Female,Age (5-year bands): 50-54,2022,58.733,Observed
Chad,Employment-to-population ratio by sex and age (%),Female,Age (5-year bands): 55-59,2022,48.63,Observed
Chad,Employment-to-population ratio by sex and age (%),Female,Age (5-year bands): 60-64,2022,58.105,Observed
Chad,Employment-to-population ratio by sex and age (%),Female,Age (5-year bands): 65+,2022,34.797,Observed
Togo,Employment-to-population ratio by sex and age (%),Total,"Age (Youth, adults): 15+",2022,69.339,Observed
Togo,Employment-to-population ratio by sex and age (%),Total,"Age (Youth, adults): 15-64",2022,70.574,Observed
Togo,Employment-to-population ratio by sex and age (%),Total,"Age (Youth, adults): 15-24",2022,35.608,Observed
Togo,Employment-to-population ratio by sex and age (%),Total,"Age (Youth, adults): 25+",2022,83.858,Observed
Togo,Employment-to-population ratio by sex and age (%),Male,"Age (Youth, adults): 15+",2022,71.387,Observed
Togo,Employment-to-population ratio by sex and age (%),Male,"Age (Youth, adults): 15-64",2022,72.261,Observed
Togo,Employment-to-population ratio by sex and age (%),Male,"Age (Youth, adults): 15-24",2022,34.022,Observed
Togo,Employment-to-population ratio by sex and age (%),Male,"Age (Youth, adults): 25+",2022,88.592,Observed
Togo,Employment-to-population ratio by sex and age (%),Female,"Age (Youth, adults): 15+",2022,67.609,Observed
Togo,Employment-to-population ratio by sex and age (%),Female,"Age (Youth, adults): 15-64",2022,69.135,Observed
Togo,Employment-to-population ratio by sex and age (%),Female,"Age (Youth, adults): 15-24",2022,37.07,Observed
Togo,Employment-to-population ratio by sex and age (%),Female,"Age (Youth, adults): 25+",2022,80.009,Observed
Togo,Employment-to-population ratio by sex and age (%),Total,Age (Aggregate bands): 15+,2022,69.339,Observed
Togo,Employment-to-population ratio by sex and age (%),Total,Age (Aggregate bands): 15-24,2022,35.608,Observed
Togo,Employment-to-population ratio by sex and age (%),Total,Age (Aggregate bands): 25-54,2022,88.008,Observed
Togo,Employment-to-population ratio by sex and age (%),Total,Age (Aggregate bands): 55-64,2022,84.364,Observed
Togo,Employment-to-population ratio by sex and age (%),Total,Age (Aggregate bands): 65+,2022,54.353,Observed
Togo,Employment-to-population ratio by sex and age (%),Male,Age (Aggregate bands): 15+,2022,71.387,Observed
Togo,Employment-to-population ratio by sex and age (%),Male,Age (Aggregate bands): 15-24,2022,34.022,Observed
Togo,Employment-to-population ratio by sex and age (%),Male,Age (Aggregate bands): 25-54,2022,92.699,Observed
Togo,Employment-to-population ratio by sex and age (%),Male,Age (Aggregate bands): 55-64,2022,87.477,Observed
Togo,Employment-to-population ratio by sex and age (%),Male,Age (Aggregate bands): 65+,2022,59.896,Observed
Togo,Employment-to-population ratio by sex and age (%),Female,Age (Aggregate bands): 15+,2022,67.609,Observed
Togo,Employment-to-population ratio by sex and age (%),Female,Age (Aggregate bands): 15-24,2022,37.07,Observed
Togo,Employment-to-population ratio by sex and age (%),Female,Age (Aggregate bands): 25-54,2022,84.194,Observed
Togo,Employment-to-population ratio by sex and age (%),Female,Age (Aggregate bands): 55-64,2022,81.626,Observed
Togo,Employment-to-population ratio by sex and age (%),Female,Age (Aggregate bands): 65+,2022,50.261,Observed
Togo,Employment-to-population ratio by sex and age (%),Total,Age (10-year bands): 15+,2022,69.339,Observed
Togo,Employment-to-population ratio by sex and age (%),Total,Age (10-year bands): 15-24,2022,35.608,Observed
Togo,Employment-to-population ratio by sex and age (%),Total,Age (10-year bands): 25-34,2022,82.349,Observed
Togo,Employment-to-population ratio by sex and age (%),Total,Age (10-year bands): 35-44,2022,91.3,Observed
Togo,Employment-to-population ratio by sex and age (%),Total,Age (10-year bands): 45-54,2022,91.471,Observed
Togo,Employment-to-population ratio by sex and age (%),Total,Age (10-year bands): 55-64,2022,84.364,Observed
Togo,Employment-to-population ratio by sex and age (%),Total,Age (10-year bands): 65+,2022,54.353,Observed
Togo,Employment-to-population ratio by sex and age (%),Male,Age (10-year bands): 15+,2022,71.387,Observed
Togo,Employment-to-population ratio by sex and age (%),Male,Age (10-year bands): 15-24,2022,34.022,Observed
Togo,Employment-to-population ratio by sex and age (%),Male,Age (10-year bands): 25-34,2022,86.337,Observed
Togo,Employment-to-population ratio by sex and age (%),Male,Age (10-year bands): 35-44,2022,96.922,Observed
Togo,Employment-to-population ratio by sex and age (%),Male,Age (10-year bands): 45-54,2022,95.926,Observed
Togo,Employment-to-population ratio by sex and age (%),Male,Age (10-year bands): 55-64,2022,87.477,Observed
Togo,Employment-to-population ratio by sex and age (%),Male,Age (10-year bands): 65+,2022,59.896,Observed
Togo,Employment-to-population ratio by sex and age (%),Female,Age (10-year bands): 15+,2022,67.609,Observed
Togo,Employment-to-population ratio by sex and age (%),Female,Age (10-year bands): 15-24,2022,37.07,Observed
Togo,Employment-to-population ratio by sex and age (%),Female,Age (10-year bands): 25-34,2022,79.104,Observed
Togo,Employment-to-population ratio by sex and age (%),Female,Age (10-year bands): 35-44,2022,86.996,Observed
Togo,Employment-to-population ratio by sex and age (%),Female,Age (10-year bands): 45-54,2022,87.541,Observed
Togo,Employment-to-population ratio by sex and age (%),Female,Age (10-year bands): 55-64,2022,81.626,Observed
Togo,Employment-to-population ratio by sex and age (%),Female,Age (10-year bands): 65+,2022,50.261,Observed
Togo,Employment-to-population ratio by sex and age (%),Total,Age (5-year bands): 15+,2022,69.339,Observed
Togo,Employment-to-population ratio by sex and age (%),Total,Age (5-year bands): 15-19,2022,25.048,Observed
Togo,Employment-to-population ratio by sex and age (%),Total,Age (5-year bands): 20-24,2022,51.661,Observed
Togo,Employment-to-population ratio by sex and age (%),Total,Age (5-year bands): 25-29,2022,78.004,Observed
Togo,Employment-to-population ratio by sex and age (%),Total,Age (5-year bands): 30-34,2022,86.515,Observed
Togo,Employment-to-population ratio by sex and age (%),Total,Age (5-year bands): 35-39,2022,90.893,Observed
Togo,Employment-to-population ratio by sex and age (%),Total,Age (5-year bands): 40-44,2022,91.725,Observed
Togo,Employment-to-population ratio by sex and age (%),Total,Age (5-year bands): 45-49,2022,91.908,Observed
Togo,Employment-to-population ratio by sex and age (%),Total,Age (5-year bands): 50-54,2022,90.995,Observed
Togo,Employment-to-population ratio by sex and age (%),Total,Age (5-year bands): 55-59,2022,89.236,Observed
Togo,Employment-to-population ratio by sex and age (%),Total,Age (5-year bands): 60-64,2022,78.789,Observed
Togo,Employment-to-population ratio by sex and age (%),Total,Age (5-year bands): 65+,2022,54.353,Observed
Togo,Employment-to-population ratio by sex and age (%),Male,Age (5-year bands): 15+,2022,71.387,Observed
Togo,Employment-to-population ratio by sex and age (%),Male,Age (5-year bands): 15-19,2022,24.602,Observed
Togo,Employment-to-population ratio by sex and age (%),Male,Age (5-year bands): 20-24,2022,49.298,Observed
Togo,Employment-to-population ratio by sex and age (%),Male,Age (5-year bands): 25-29,2022,79.49,Observed
Togo,Employment-to-population ratio by sex and age (%),Male,Age (5-year bands): 30-34,2022,92.839,Observed
Togo,Employment-to-population ratio by sex and age (%),Male,Age (5-year bands): 35-39,2022,96.587,Observed
Togo,Employment-to-population ratio by sex and age (%),Male,Age (5-year bands): 40-44,2022,97.279,Observed
Togo,Employment-to-population ratio by sex and age (%),Male,Age (5-year bands): 45-49,2022,98.341,Observed
Togo,Employment-to-population ratio by sex and age (%),Male,Age (5-year bands): 50-54,2022,93.459,Observed
Togo,Employment-to-population ratio by sex and age (%),Male,Age (5-year bands): 55-59,2022,92.629,Observed
Togo,Employment-to-population ratio by sex and age (%),Male,Age (5-year bands): 60-64,2022,81.616,Observed
Togo,Employment-to-population ratio by sex and age (%),Male,Age (5-year bands): 65+,2022,59.896,Observed
Togo,Employment-to-population ratio by sex and age (%),Female,Age (5-year bands): 15+,2022,67.609,Observed
Togo,Employment-to-population ratio by sex and age (%),Female,Age (5-year bands): 15-19,2022,25.479,Observed
Togo,Employment-to-population ratio by sex and age (%),Female,Age (5-year bands): 20-24,2022,53.684,Observed
Togo,Employment-to-population ratio by sex and age (%),Female,Age (5-year bands): 25-29,2022,76.807,Observed
Togo,Employment-to-population ratio by sex and age (%),Female,Age (5-year bands): 30-34,2022,81.326,Observed
Togo,Employment-to-population ratio by sex and age (%),Female,Age (5-year bands): 35-39,2022,86.459,Observed
Togo,Employment-to-population ratio by sex and age (%),Female,Age (5-year bands): 40-44,2022,87.548,Observed
Togo,Employment-to-population ratio by sex and age (%),Female,Age (5-year bands): 45-49,2022,86.539,Observed
Togo,Employment-to-population ratio by sex and age (%),Female,Age (5-year bands): 50-54,2022,88.689,Observed
Togo,Employment-to-population ratio by sex and age (%),Female,Age (5-year bands): 55-59,2022,86.267,Observed
Togo,Employment-to-population ratio by sex and age (%),Female,Age (5-year bands): 60-64,2022,76.287,Observed
Togo,Employment-to-population ratio by sex and age (%),Female,Age (5-year bands): 65+,2022,50.261,Observed
South Africa,Employment-to-population ratio by sex and age (%),Total,"Age (Youth, adults): 15+",2022,35.701,Observed
South Africa,Employment-to-population ratio by sex and age (%),Total,"Age (Youth, adults): 15-64",2022,38.621,Observed
South Africa,Employment-to-population ratio by sex and age (%),Total,"Age (Youth, adults): 15-24",2022,9.928,Observed
South Africa,Employment-to-population ratio by sex and age (%),Total,"Age (Youth, adults): 25+",2022,43.489,Observed
South Africa,Employment-to-population ratio by sex and age (%),Male,"Age (Youth, adults): 15+",2022,41.338,Observed
South Africa,Employment-to-population ratio by sex and age (%),Male,"Age (Youth, adults): 15-64",2022,43.637,Observed
South Africa,Employment-to-population ratio by sex and age (%),Male,"Age (Youth, adults): 15-24",2022,11.887,Observed
South Africa,Employment-to-population ratio by sex and age (%),Male,"Age (Youth, adults): 25+",2022,50.639,Observed
South Africa,Employment-to-population ratio by sex and age (%),Female,"Age (Youth, adults): 15+",2022,30.407,Observed
South Africa,Employment-to-population ratio by sex and age (%),Female,"Age (Youth, adults): 15-64",2022,33.687,Observed
South Africa,Employment-to-population ratio by sex and age (%),Female,"Age (Youth, adults): 15-24",2022,7.961,Observed
South Africa,Employment-to-population ratio by sex and age (%),Female,"Age (Youth, adults): 25+",2022,36.908,Observed
South Africa,Employment-to-population ratio by sex and age (%),Total,Age (Aggregate bands): 15+,2022,35.701,Observed
South Africa,Employment-to-population ratio by sex and age (%),Total,Age (Aggregate bands): 15-24,2022,9.928,Observed
South Africa,Employment-to-population ratio by sex and age (%),Total,Age (Aggregate bands): 25-54,2022,50.688,Observed
South Africa,Employment-to-population ratio by sex and age (%),Total,Age (Aggregate bands): 55-64,2022,34.475,Observed
South Africa,Employment-to-population ratio by sex and age (%),Total,Age (Aggregate bands): 65+,2022,5.011,Observed
South Africa,Employment-to-population ratio by sex and age (%),Male,Age (Aggregate bands): 15+,2022,41.338,Observed
South Africa,Employment-to-population ratio by sex and age (%),Male,Age (Aggregate bands): 15-24,2022,11.887,Observed
South Africa,Employment-to-population ratio by sex and age (%),Male,Age (Aggregate bands): 25-54,2022,56.489,Observed
South Africa,Employment-to-population ratio by sex and age (%),Male,Age (Aggregate bands): 55-64,2022,41.747,Observed
South Africa,Employment-to-population ratio by sex and age (%),Male,Age (Aggregate bands): 65+,2022,8.316,Observed
South Africa,Employment-to-population ratio by sex and age (%),Female,Age (Aggregate bands): 15+,2022,30.407,Observed
South Africa,Employment-to-population ratio by sex and age (%),Female,Age (Aggregate bands): 15-24,2022,7.961,Observed
South Africa,Employment-to-population ratio by sex and age (%),Female,Age (Aggregate bands): 25-54,2022,44.844,Observed
South Africa,Employment-to-population ratio by sex and age (%),Female,Age (Aggregate bands): 55-64,2022,28.587,Observed
South Africa,Employment-to-population ratio by sex and age (%),Female,Age (Aggregate bands): 65+,2022,3.129,Observed
South Africa,Employment-to-population ratio by sex and age (%),Total,Age (10-year bands): 15+,2022,35.701,Observed
South Africa,Employment-to-population ratio by sex and age (%),Total,Age (10-year bands): 15-24,2022,9.928,Observed
South Africa,Employment-to-population ratio by sex and age (%),Total,Age (10-year bands): 25-34,2022,42.113,Observed
South Africa,Employment-to-population ratio by sex and age (%),Total,Age (10-year bands): 35-44,2022,55.61,Observed
South Africa,Employment-to-population ratio by sex and age (%),Total,Age (10-year bands): 45-54,2022,57.809,Observed
South Africa,Employment-to-population ratio by sex and age (%),Total,Age (10-year bands): 55-64,2022,34.475,Observed
South Africa,Employment-to-population ratio by sex and age (%),Total,Age (10-year bands): 65+,2022,5.011,Observed
South Africa,Employment-to-population ratio by sex and age (%),Male,Age (10-year bands): 15+,2022,41.338,Observed
South Africa,Employment-to-population ratio by sex and age (%),Male,Age (10-year bands): 15-24,2022,11.887,Observed
South Africa,Employment-to-population ratio by sex and age (%),Male,Age (10-year bands): 25-34,2022,47.26,Observed
South Africa,Employment-to-population ratio by sex and age (%),Male,Age (10-year bands): 35-44,2022,62.182,Observed
South Africa,Employment-to-population ratio by sex and age (%),Male,Age (10-year bands): 45-54,2022,64.01,Observed
South Africa,Employment-to-population ratio by sex and age (%),Male,Age (10-year bands): 55-64,2022,41.747,Observed
South Africa,Employment-to-population ratio by sex and age (%),Male,Age (10-year bands): 65+,2022,8.316,Observed
South Africa,Employment-to-population ratio by sex and age (%),Female,Age (10-year bands): 15+,2022,30.407,Observed
South Africa,Employment-to-population ratio by sex and age (%),Female,Age (10-year bands): 15-24,2022,7.961,Observed
South Africa,Employment-to-population ratio by sex and age (%),Female,Age (10-year bands): 25-34,2022,36.788,Observed
South Africa,Employment-to-population ratio by sex and age (%),Female,Age (10-year bands): 35-44,2022,48.812,Observed
South Africa,Employment-to-population ratio by sex and age (%),Female,Age (10-year bands): 45-54,2022,52.036,Observed
South Africa,Employment-to-population ratio by sex and age (%),Female,Age (10-year bands): 55-64,2022,28.587,Observed
South Africa,Employment-to-population ratio by sex and age (%),Female,Age (10-year bands): 65+,2022,3.129,Observed
South Africa,Employment-to-population ratio by sex and age (%),Total,Age (5-year bands): 15+,2022,35.701,Observed
South Africa,Employment-to-population ratio by sex and age (%),Total,Age (5-year bands): 15-19,2022,1.403,Observed
South Africa,Employment-to-population ratio by sex and age (%),Total,Age (5-year bands): 20-24,2022,18.328,Observed
South Africa,Employment-to-population ratio by sex and age (%),Total,Age (5-year bands): 25-29,2022,38.078,Observed
South Africa,Employment-to-population ratio by sex and age (%),Total,Age (5-year bands): 30-34,2022,46.316,Observed
South Africa,Employment-to-population ratio by sex and age (%),Total,Age (5-year bands): 35-39,2022,53.229,Observed
South Africa,Employment-to-population ratio by sex and age (%),Total,Age (5-year bands): 40-44,2022,58.326,Observed
South Africa,Employment-to-population ratio by sex and age (%),Total,Age (5-year bands): 45-49,2022,58.554,Observed
South Africa,Employment-to-population ratio by sex and age (%),Total,Age (5-year bands): 50-54,2022,56.88,Observed
South Africa,Employment-to-population ratio by sex and age (%),Total,Age (5-year bands): 55-59,2022,46.258,Observed
South Africa,Employment-to-population ratio by sex and age (%),Total,Age (5-year bands): 60-64,2022,20.365,Observed
South Africa,Employment-to-population ratio by sex and age (%),Total,Age (5-year bands): 65+,2022,5.011,Observed
South Africa,Employment-to-population ratio by sex and age (%),Male,Age (5-year bands): 15+,2022,41.338,Observed
South Africa,Employment-to-population ratio by sex and age (%),Male,Age (5-year bands): 15-19,2022,1.646,Observed
South Africa,Employment-to-population ratio by sex and age (%),Male,Age (5-year bands): 20-24,2022,21.975,Observed
South Africa,Employment-to-population ratio by sex and age (%),Male,Age (5-year bands): 25-29,2022,43.259,Observed
South Africa,Employment-to-population ratio by sex and age (%),Male,Age (5-year bands): 30-34,2022,51.369,Observed
South Africa,Employment-to-population ratio by sex and age (%),Male,Age (5-year bands): 35-39,2022,59.525,Observed
South Africa,Employment-to-population ratio by sex and age (%),Male,Age (5-year bands): 40-44,2022,65.211,Observed
South Africa,Employment-to-population ratio by sex and age (%),Male,Age (5-year bands): 45-49,2022,64.964,Observed
South Africa,Employment-to-population ratio by sex and age (%),Male,Age (5-year bands): 50-54,2022,62.764,Observed
South Africa,Employment-to-population ratio by sex and age (%),Male,Age (5-year bands): 55-59,2022,54.006,Observed
South Africa,Employment-to-population ratio by sex and age (%),Male,Age (5-year bands): 60-64,2022,26.477,Observed
South Africa,Employment-to-population ratio by sex and age (%),Male,Age (5-year bands): 65+,2022,8.316,Observed
South Africa,Employment-to-population ratio by sex and age (%),Female,Age (5-year bands): 15+,2022,30.407,Observed
South Africa,Employment-to-population ratio by sex and age (%),Female,Age (5-year bands): 15-19,2022,1.159,Observed
South Africa,Employment-to-population ratio by sex and age (%),Female,Age (5-year bands): 20-24,2022,14.666,Observed
South Africa,Employment-to-population ratio by sex and age (%),Female,Age (5-year bands): 25-29,2022,32.796,Observed
South Africa,Employment-to-population ratio by sex and age (%),Female,Age (5-year bands): 30-34,2022,41.009,Observed
South Africa,Employment-to-population ratio by sex and age (%),Female,Age (5-year bands): 35-39,2022,46.722,Observed
South Africa,Employment-to-population ratio by sex and age (%),Female,Age (5-year bands): 40-44,2022,51.199,Observed
South Africa,Employment-to-population ratio by sex and age (%),Female,Age (5-year bands): 45-49,2022,52.351,Observed
South Africa,Employment-to-population ratio by sex and age (%),Female,Age (5-year bands): 50-54,2022,51.66,Observed
South Africa,Employment-to-population ratio by sex and age (%),Female,Age (5-year bands): 55-59,2022,39.778,Observed
South Africa,Employment-to-population ratio by sex and age (%),Female,Age (5-year bands): 60-64,2022,15.604,Observed
South Africa,Employment-to-population ratio by sex and age (%),Female,Age (5-year bands): 65+,2022,3.129,Observed
Zambia,Employment-to-population ratio by sex and age (%),Total,"Age (Youth, adults): 15+",2022,55.964,Observed
Zambia,Employment-to-population ratio by sex and age (%),Total,"Age (Youth, adults): 15-64",2022,56.276,Observed
Zambia,Employment-to-population ratio by sex and age (%),Total,"Age (Youth, adults): 15-24",2022,31.914,Observed
Zambia,Employment-to-population ratio by sex and age (%),Total,"Age (Youth, adults): 25+",2022,69.665,Observed
Zambia,Employment-to-population ratio by sex and age (%),Male,"Age (Youth, adults): 15+",2022,61.583,Observed
Zambia,Employment-to-population ratio by sex and age (%),Male,"Age (Youth, adults): 15-64",2022,61.745,Observed
Zambia,Employment-to-population ratio by sex and age (%),Male,"Age (Youth, adults): 15-24",2022,34.285,Observed
Zambia,Employment-to-population ratio by sex and age (%),Male,"Age (Youth, adults): 25+",2022,77.662,Observed
Zambia,Employment-to-population ratio by sex and age (%),Female,"Age (Youth, adults): 15+",2022,50.6,Observed
Zambia,Employment-to-population ratio by sex and age (%),Female,"Age (Youth, adults): 15-64",2022,51.022,Observed
Zambia,Employment-to-population ratio by sex and age (%),Female,"Age (Youth, adults): 15-24",2022,29.554,Observed
Zambia,Employment-to-population ratio by sex and age (%),Female,"Age (Youth, adults): 25+",2022,62.21,Observed
Zambia,Employment-to-population ratio by sex and age (%),Total,Age (Aggregate bands): 15+,2022,55.964,Observed
Zambia,Employment-to-population ratio by sex and age (%),Total,Age (Aggregate bands): 15-24,2022,31.914,Observed
Zambia,Employment-to-population ratio by sex and age (%),Total,Age (Aggregate bands): 25-54,2022,71.305,Observed
Zambia,Employment-to-population ratio by sex and age (%),Total,Age (Aggregate bands): 55-64,2022,71.008,Observed
Zambia,Employment-to-population ratio by sex and age (%),Total,Age (Aggregate bands): 65+,2022,49.732,Observed
Zambia,Employment-to-population ratio by sex and age (%),Male,Age (Aggregate bands): 15+,2022,61.583,Observed
Zambia,Employment-to-population ratio by sex and age (%),Male,Age (Aggregate bands): 15-24,2022,34.285,Observed
Zambia,Employment-to-population ratio by sex and age (%),Male,Age (Aggregate bands): 25-54,2022,79.454,Observed
Zambia,Employment-to-population ratio by sex and age (%),Male,Age (Aggregate bands): 55-64,2022,76.287,Observed
Zambia,Employment-to-population ratio by sex and age (%),Male,Age (Aggregate bands): 65+,2022,58.113,Observed
Zambia,Employment-to-population ratio by sex and age (%),Female,Age (Aggregate bands): 15+,2022,50.6,Observed
Zambia,Employment-to-population ratio by sex and age (%),Female,Age (Aggregate bands): 15-24,2022,29.554,Observed
Zambia,Employment-to-population ratio by sex and age (%),Female,Age (Aggregate bands): 25-54,2022,63.647,Observed
Zambia,Employment-to-population ratio by sex and age (%),Female,Age (Aggregate bands): 55-64,2022,66.025,Observed
Zambia,Employment-to-population ratio by sex and age (%),Female,Age (Aggregate bands): 65+,2022,42.699,Observed
Zambia,Employment-to-population ratio by sex and age (%),Total,Age (10-year bands): 15+,2022,55.964,Observed
Zambia,Employment-to-population ratio by sex and age (%),Total,Age (10-year bands): 15-24,2022,31.914,Observed
Zambia,Employment-to-population ratio by sex and age (%),Total,Age (10-year bands): 25-34,2022,64.539,Observed
Zambia,Employment-to-population ratio by sex and age (%),Total,Age (10-year bands): 35-44,2022,77.77,Observed
Zambia,Employment-to-population ratio by sex and age (%),Total,Age (10-year bands): 45-54,2022,77.83,Observed
Zambia,Employment-to-population ratio by sex and age (%),Total,Age (10-year bands): 55-64,2022,71.008,Observed
Zambia,Employment-to-population ratio by sex and age (%),Total,Age (10-year bands): 65+,2022,49.732,Observed
Zambia,Employment-to-population ratio by sex and age (%),Male,Age (10-year bands): 15+,2022,61.583,Observed
Zambia,Employment-to-population ratio by sex and age (%),Male,Age (10-year bands): 15-24,2022,34.285,Observed
Zambia,Employment-to-population ratio by sex and age (%),Male,Age (10-year bands): 25-34,2022,74.197,Observed
Zambia,Employment-to-population ratio by sex and age (%),Male,Age (10-year bands): 35-44,2022,85.856,Observed
Zambia,Employment-to-population ratio by sex and age (%),Male,Age (10-year bands): 45-54,2022,82.382,Observed
Zambia,Employment-to-population ratio by sex and age (%),Male,Age (10-year bands): 55-64,2022,76.287,Observed
Zambia,Employment-to-population ratio by sex and age (%),Male,Age (10-year bands): 65+,2022,58.113,Observed
Zambia,Employment-to-population ratio by sex and age (%),Female,Age (10-year bands): 15+,2022,50.6,Observed
Zambia,Employment-to-population ratio by sex and age (%),Female,Age (10-year bands): 15-24,2022,29.554,Observed
Zambia,Employment-to-population ratio by sex and age (%),Female,Age (10-year bands): 25-34,2022,55.526,Observed
Zambia,Employment-to-population ratio by sex and age (%),Female,Age (10-year bands): 35-44,2022,70.576,Observed
Zambia,Employment-to-population ratio by sex and age (%),Female,Age (10-year bands): 45-54,2022,73.077,Observed
Zambia,Employment-to-population ratio by sex and age (%),Female,Age (10-year bands): 55-64,2022,66.025,Observed
Zambia,Employment-to-population ratio by sex and age (%),Female,Age (10-year bands): 65+,2022,42.699,Observed
Zambia,Employment-to-population ratio by sex and age (%),Total,Age (5-year bands): 15+,2022,55.964,Observed
Zambia,Employment-to-population ratio by sex and age (%),Total,Age (5-year bands): 15-19,2022,21.652,Observed
Zambia,Employment-to-population ratio by sex and age (%),Total,Age (5-year bands): 20-24,2022,43.977,Observed
Zambia,Employment-to-population ratio by sex and age (%),Total,Age (5-year bands): 25-29,2022,62.019,Observed
Zambia,Employment-to-population ratio by sex and age (%),Total,Age (5-year bands): 30-34,2022,67.793,Observed
Zambia,Employment-to-population ratio by sex and age (%),Total,Age (5-year bands): 35-39,2022,76.252,Observed
Zambia,Employment-to-population ratio by sex and age (%),Total,Age (5-year bands): 40-44,2022,79.624,Observed
Zambia,Employment-to-population ratio by sex and age (%),Total,Age (5-year bands): 45-49,2022,77.728,Observed
Zambia,Employment-to-population ratio by sex and age (%),Total,Age (5-year bands): 50-54,2022,77.971,Observed
Zambia,Employment-to-population ratio by sex and age (%),Total,Age (5-year bands): 55-59,2022,73.624,Observed
Zambia,Employment-to-population ratio by sex and age (%),Total,Age (5-year bands): 60-64,2022,67.625,Observed
Zambia,Employment-to-population ratio by sex and age (%),Total,Age (5-year bands): 65+,2022,49.732,Observed
Zambia,Employment-to-population ratio by sex and age (%),Male,Age (5-year bands): 15+,2022,61.583,Observed
Zambia,Employment-to-population ratio by sex and age (%),Male,Age (5-year bands): 15-19,2022,23.423,Observed
Zambia,Employment-to-population ratio by sex and age (%),Male,Age (5-year bands): 20-24,2022,47.167,Observed
Zambia,Employment-to-population ratio by sex and age (%),Male,Age (5-year bands): 25-29,2022,72.427,Observed
Zambia,Employment-to-population ratio by sex and age (%),Male,Age (5-year bands): 30-34,2022,76.579,Observed
Zambia,Employment-to-population ratio by sex and age (%),Male,Age (5-year bands): 35-39,2022,85.726,Observed
Zambia,Employment-to-population ratio by sex and age (%),Male,Age (5-year bands): 40-44,2022,86.007,Observed
Zambia,Employment-to-population ratio by sex and age (%),Male,Age (5-year bands): 45-49,2022,84.354,Observed
Zambia,Employment-to-population ratio by sex and age (%),Male,Age (5-year bands): 50-54,2022,79.703,Observed
Zambia,Employment-to-population ratio by sex and age (%),Male,Age (5-year bands): 55-59,2022,81.034,Observed
Zambia,Employment-to-population ratio by sex and age (%),Male,Age (5-year bands): 60-64,2022,69.803,Observed
Zambia,Employment-to-population ratio by sex and age (%),Male,Age (5-year bands): 65+,2022,58.113,Observed
Zambia,Employment-to-population ratio by sex and age (%),Female,Age (5-year bands): 15+,2022,50.6,Observed
Zambia,Employment-to-population ratio by sex and age (%),Female,Age (5-year bands): 15-19,2022,19.876,Observed
Zambia,Employment-to-population ratio by sex and age (%),Female,Age (5-year bands): 20-24,2022,40.832,Observed
Zambia,Employment-to-population ratio by sex and age (%),Female,Age (5-year bands): 25-29,2022,51.958,Observed
Zambia,Employment-to-population ratio by sex and age (%),Female,Age (5-year bands): 30-34,2022,59.957,Observed
Zambia,Employment-to-population ratio by sex and age (%),Female,Age (5-year bands): 35-39,2022,68.202,Observed
Zambia,Employment-to-population ratio by sex and age (%),Female,Age (5-year bands): 40-44,2022,73.618,Observed
Zambia,Employment-to-population ratio by sex and age (%),Female,Age (5-year bands): 45-49,2022,70.881,Observed
Zambia,Employment-to-population ratio by sex and age (%),Female,Age (5-year bands): 50-54,2022,76.135,Observed
Zambia,Employment-to-population ratio by sex and age (%),Female,Age (5-year bands): 55-59,2022,66.299,Observed
Zambia,Employment-to-population ratio by sex and age (%),Female,Age (5-year bands): 60-64,2022,65.689,Observed
Zambia,Employment-to-population ratio by sex and age (%),Female,Age (5-year bands): 65+,2022,42.699,Observed
Zimbabwe,Employment-to-population ratio by sex and age (%),Total,"Age (Youth, adults): 15+",2022,58.636,Observed
Zimbabwe,Employment-to-population ratio by sex and age (%),Total,"Age (Youth, adults): 15-64",2022,59.749,Observed
Zimbabwe,Employment-to-population ratio by sex and age (%),Total,"Age (Youth, adults): 15-24",2022,37.686,Observed
Zimbabwe,Employment-to-population ratio by sex and age (%),Total,"Age (Youth, adults): 25+",2022,67.87,Observed
Zimbabwe,Employment-to-population ratio by sex and age (%),Male,"Age (Youth, adults): 15+",2022,64.743,Observed
Zimbabwe,Employment-to-population ratio by sex and age (%),Male,"Age (Youth, adults): 15-64",2022,65.69,Observed
Zimbabwe,Employment-to-population ratio by sex and age (%),Male,"Age (Youth, adults): 15-24",2022,42.157,Observed
Zimbabwe,Employment-to-population ratio by sex and age (%),Male,"Age (Youth, adults): 25+",2022,75.711,Observed
Zimbabwe,Employment-to-population ratio by sex and age (%),Female,"Age (Youth, adults): 15+",2022,53.399,Observed
Zimbabwe,Employment-to-population ratio by sex and age (%),Female,"Age (Youth, adults): 15-64",2022,54.522,Observed
Zimbabwe,Employment-to-population ratio by sex and age (%),Female,"Age (Youth, adults): 15-24",2022,33.334,Observed
Zimbabwe,Employment-to-population ratio by sex and age (%),Female,"Age (Youth, adults): 25+",2022,61.513,Observed
Zimbabwe,Employment-to-population ratio by sex and age (%),Total,Age (Aggregate bands): 15+,2022,58.636,Observed
Zimbabwe,Employment-to-population ratio by sex and age (%),Total,Age (Aggregate bands): 15-24,2022,37.686,Observed
Zimbabwe,Employment-to-population ratio by sex and age (%),Total,Age (Aggregate bands): 25-54,2022,71.096,Observed
Zimbabwe,Employment-to-population ratio by sex and age (%),Total,Age (Aggregate bands): 55-64,2022,69.388,Observed
Zimbabwe,Employment-to-population ratio by sex and age (%),Total,Age (Aggregate bands): 65+,2022,47.141,Observed
Zimbabwe,Employment-to-population ratio by sex and age (%),Male,Age (Aggregate bands): 15+,2022,64.743,Observed
Zimbabwe,Employment-to-population ratio by sex and age (%),Male,Age (Aggregate bands): 15-24,2022,42.157,Observed
Zimbabwe,Employment-to-population ratio by sex and age (%),Male,Age (Aggregate bands): 25-54,2022,79.037,Observed
Zimbabwe,Employment-to-population ratio by sex and age (%),Male,Age (Aggregate bands): 55-64,2022,74.7,Observed
Zimbabwe,Employment-to-population ratio by sex and age (%),Male,Age (Aggregate bands): 65+,2022,53.178,Observed
Zimbabwe,Employment-to-population ratio by sex and age (%),Female,Age (Aggregate bands): 15+,2022,53.399,Observed
Zimbabwe,Employment-to-population ratio by sex and age (%),Female,Age (Aggregate bands): 15-24,2022,33.334,Observed
Zimbabwe,Employment-to-population ratio by sex and age (%),Female,Age (Aggregate bands): 25-54,2022,64.304,Observed
Zimbabwe,Employment-to-population ratio by sex and age (%),Female,Age (Aggregate bands): 55-64,2022,65.643,Observed
Zimbabwe,Employment-to-population ratio by sex and age (%),Female,Age (Aggregate bands): 65+,2022,43.186,Observed
Zimbabwe,Employment-to-population ratio by sex and age (%),Total,Age (10-year bands): 15+,2022,58.636,Observed
Zimbabwe,Employment-to-population ratio by sex and age (%),Total,Age (10-year bands): 15-24,2022,37.686,Observed
Zimbabwe,Employment-to-population ratio by sex and age (%),Total,Age (10-year bands): 25-34,2022,65.612,Observed
Zimbabwe,Employment-to-population ratio by sex and age (%),Total,Age (10-year bands): 35-44,2022,73.589,Observed
Zimbabwe,Employment-to-population ratio by sex and age (%),Total,Age (10-year bands): 45-54,2022,75.71,Observed
Zimbabwe,Employment-to-population ratio by sex and age (%),Total,Age (10-year bands): 55-64,2022,69.388,Observed
Zimbabwe,Employment-to-population ratio by sex and age (%),Total,Age (10-year bands): 65+,2022,47.141,Observed
Zimbabwe,Employment-to-population ratio by sex and age (%),Male,Age (10-year bands): 15+,2022,64.743,Observed
Zimbabwe,Employment-to-population ratio by sex and age (%),Male,Age (10-year bands): 15-24,2022,42.157,Observed
Zimbabwe,Employment-to-population ratio by sex and age (%),Male,Age (10-year bands): 25-34,2022,75.683,Observed
Zimbabwe,Employment-to-population ratio by sex and age (%),Male,Age (10-year bands): 35-44,2022,81.16,Observed
Zimbabwe,Employment-to-population ratio by sex and age (%),Male,Age (10-year bands): 45-54,2022,80.834,Observed
Zimbabwe,Employment-to-population ratio by sex and age (%),Male,Age (10-year bands): 55-64,2022,74.7,Observed
Zimbabwe,Employment-to-population ratio by sex and age (%),Male,Age (10-year bands): 65+,2022,53.178,Observed
Zimbabwe,Employment-to-population ratio by sex and age (%),Female,Age (10-year bands): 15+,2022,53.399,Observed
Zimbabwe,Employment-to-population ratio by sex and age (%),Female,Age (10-year bands): 15-24,2022,33.334,Observed
Zimbabwe,Employment-to-population ratio by sex and age (%),Female,Age (10-year bands): 25-34,2022,57.303,Observed
Zimbabwe,Employment-to-population ratio by sex and age (%),Female,Age (10-year bands): 35-44,2022,67.268,Observed
Zimbabwe,Employment-to-population ratio by sex and age (%),Female,Age (10-year bands): 45-54,2022,70.916,Observed
Zimbabwe,Employment-to-population ratio by sex and age (%),Female,Age (10-year bands): 55-64,2022,65.643,Observed
Zimbabwe,Employment-to-population ratio by sex and age (%),Female,Age (10-year bands): 65+,2022,43.186,Observed
Zimbabwe,Employment-to-population ratio by sex and age (%),Total,Age (5-year bands): 15+,2022,58.636,Observed
Zimbabwe,Employment-to-population ratio by sex and age (%),Total,Age (5-year bands): 15-19,2022,29.09,Observed
Zimbabwe,Employment-to-population ratio by sex and age (%),Total,Age (5-year bands): 20-24,2022,49.45,Observed
Zimbabwe,Employment-to-population ratio by sex and age (%),Total,Age (5-year bands): 25-29,2022,61.55,Observed
Zimbabwe,Employment-to-population ratio by sex and age (%),Total,Age (5-year bands): 30-34,2022,69.841,Observed
Zimbabwe,Employment-to-population ratio by sex and age (%),Total,Age (5-year bands): 35-39,2022,72.879,Observed
Zimbabwe,Employment-to-population ratio by sex and age (%),Total,Age (5-year bands): 40-44,2022,74.472,Observed
Zimbabwe,Employment-to-population ratio by sex and age (%),Total,Age (5-year bands): 45-49,2022,75.655,Observed
Zimbabwe,Employment-to-population ratio by sex and age (%),Total,Age (5-year bands): 50-54,2022,75.783,Observed
Zimbabwe,Employment-to-population ratio by sex and age (%),Total,Age (5-year bands): 55-59,2022,71.101,Observed
Zimbabwe,Employment-to-population ratio by sex and age (%),Total,Age (5-year bands): 60-64,2022,67.607,Observed
Zimbabwe,Employment-to-population ratio by sex and age (%),Total,Age (5-year bands): 65+,2022,47.141,Observed
Zimbabwe,Employment-to-population ratio by sex and age (%),Male,Age (5-year bands): 15+,2022,64.743,Observed
Zimbabwe,Employment-to-population ratio by sex and age (%),Male,Age (5-year bands): 15-19,2022,32.604,Observed
Zimbabwe,Employment-to-population ratio by sex and age (%),Male,Age (5-year bands): 20-24,2022,56.487,Observed
Zimbabwe,Employment-to-population ratio by sex and age (%),Male,Age (5-year bands): 25-29,2022,71.538,Observed
Zimbabwe,Employment-to-population ratio by sex and age (%),Male,Age (5-year bands): 30-34,2022,80.029,Observed
Zimbabwe,Employment-to-population ratio by sex and age (%),Male,Age (5-year bands): 35-39,2022,80.672,Observed
Zimbabwe,Employment-to-population ratio by sex and age (%),Male,Age (5-year bands): 40-44,2022,81.75,Observed
Zimbabwe,Employment-to-population ratio by sex and age (%),Male,Age (5-year bands): 45-49,2022,80.3,Observed
Zimbabwe,Employment-to-population ratio by sex and age (%),Male,Age (5-year bands): 50-54,2022,81.548,Observed
Zimbabwe,Employment-to-population ratio by sex and age (%),Male,Age (5-year bands): 55-59,2022,78.309,Observed
Zimbabwe,Employment-to-population ratio by sex and age (%),Male,Age (5-year bands): 60-64,2022,70.939,Observed
Zimbabwe,Employment-to-population ratio by sex and age (%),Male,Age (5-year bands): 65+,2022,53.178,Observed
Zimbabwe,Employment-to-population ratio by sex and age (%),Female,Age (5-year bands): 15+,2022,53.399,Observed
Zimbabwe,Employment-to-population ratio by sex and age (%),Female,Age (5-year bands): 15-19,2022,25.398,Observed
Zimbabwe,Employment-to-population ratio by sex and age (%),Female,Age (5-year bands): 20-24,2022,43.277,Observed
Zimbabwe,Employment-to-population ratio by sex and age (%),Female,Age (5-year bands): 25-29,2022,53.253,Observed
Zimbabwe,Employment-to-population ratio by sex and age (%),Female,Age (5-year bands): 30-34,2022,61.493,Observed
Zimbabwe,Employment-to-population ratio by sex and age (%),Female,Age (5-year bands): 35-39,2022,66.527,Observed
Zimbabwe,Employment-to-population ratio by sex and age (%),Female,Age (5-year bands): 40-44,2022,68.214,Observed
Zimbabwe,Employment-to-population ratio by sex and age (%),Female,Age (5-year bands): 45-49,2022,71.355,Observed
Zimbabwe,Employment-to-population ratio by sex and age (%),Female,Age (5-year bands): 50-54,2022,70.315,Observed
Zimbabwe,Employment-to-population ratio by sex and age (%),Female,Age (5-year bands): 55-59,2022,66.008,Observed
Zimbabwe,Employment-to-population ratio by sex and age (%),Female,Age (5-year bands): 60-64,2022,65.264,Observed
Zimbabwe,Employment-to-population ratio by sex and age (%),Female,Age (5-year bands): 65+,2022,43.186,Observed
Angola,Informal employment rate by sex (%),Total,,2022,92.135,Observed
Angola,Informal employment rate by sex (%),Male,,2022,88.742,Observed
Angola,Informal employment rate by sex (%),Female,,2022,95.394,Observed
Benin,Informal employment rate by sex (%),Total,,2022,96.347,Observed
Benin,Informal employment rate by sex (%),Male,,2022,94.378,Observed
Benin,Informal employment rate by sex (%),Female,,2022,98.156,Observed
Burkina Faso,Informal employment rate by sex (%),Total,,2022,95.964,Observed
Burkina Faso,Informal employment rate by sex (%),Male,,2022,93.977,Observed
Burkina Faso,Informal employment rate by sex (%),Female,,2022,97.9,Observed
Botswana,Informal employment rate by sex (%),Total,,2022,74.397,Observed
Botswana,Informal employment rate by sex (%),Male,,2022,76.117,Observed
Botswana,Informal employment rate by sex (%),Female,,2022,72.51,Observed
Côte d'Ivoire,Informal employment rate by sex (%),Total,,2022,92.125,Observed
Côte d'Ivoire,Informal employment rate by sex (%),Male,,2022,89.237,Observed
Côte d'Ivoire,Informal employment rate by sex (%),Female,,2022,95.448,Observed
Guinea-Bissau,Informal employment rate by sex (%),Total,,2022,94.172,Observed
Guinea-Bissau,Informal employment rate by sex (%),Male,,2022,91.282,Observed
Guinea-Bissau,Informal employment rate by sex (%),Female,,2022,97.097,Observed
Madagascar,Informal employment rate by sex (%),Total,,2022,96.081,Break in series
Madagascar,Informal employment rate by sex (%),Male,,2022,95.668,Break in series
Madagascar,Informal employment rate by sex (%),Female,,2022,96.542,Break in series
Mali,Informal employment rate by sex (%),Total,,2022,94.116,Observed
Mali,Informal employment rate by sex (%),Male,,2022,92.869,Observed
Mali,Informal employment rate by sex (%),Female,,2022,95.875,Observed
Mauritius,Informal employment rate by sex (%),Total,,2022,32.485,Observed
Mauritius,Informal employment rate by sex (%),Male,,2022,37.146,Observed
Mauritius,Informal employment rate by sex (%),Female,,2022,25.134,Observed
Niger,Informal employment rate by sex (%),Total,,2022,98.47,Observed
Niger,Informal employment rate by sex (%),Male,,2022,97.822,Observed
Niger,Informal employment rate by sex (%),Female,,2022,99.094,Observed
Rwanda,Informal employment rate by sex (%),Total,,2022,86.774,Observed
Rwanda,Informal employment rate by sex (%),Male,,2022,84.648,Observed
Rwanda,Informal employment rate by sex (%),Female,,2022,89.152,Observed
Senegal,Informal employment rate by sex (%),Total,,2022,89.957,Observed
Senegal,Informal employment rate by sex (%),Male,,2022,89.009,Observed
Senegal,Informal employment rate by sex (%),Female,,2022,91.713,Observed
Chad,Informal employment rate by sex (%),Total,,2022,97.57,Observed
Chad,Informal employment rate by sex (%),Male,,2022,96.357,Observed
Chad,Informal employment rate by sex (%),Female,,2022,99.144,Observed
Togo,Informal employment rate by sex (%),Total,,2022,95.067,Observed
Togo,Informal employment rate by sex (%),Male,,2022,92.63,Observed
Togo,Informal employment rate by sex (%),Female,,2022,97.241,Observed
South Africa,Informal employment rate by sex (%),Total,,2022,34.501,Observed
South Africa,Informal employment rate by sex (%),Male,,2022,34.492,Observed
South Africa,Informal employment rate by sex (%),Female,,2022,34.511,Observed
Zambia,Informal employment rate by sex (%),Total,,2022,85.066,Observed
Zambia,Informal employment rate by sex (%),Male,,2022,81.144,Observed
Zambia,Informal employment rate by sex (%),Female,,2022,89.622,Observed
Zimbabwe,Informal employment rate by sex (%),Total,,2022,88.163,Observed
Zimbabwe,Informal employment rate by sex (%),Male,,2022,85.766,Observed
Zimbabwe,Informal employment rate by sex (%),Female,,2022,90.655,Observed
